Tree Level,Tree Path,Id,Abbreviation,Description
1,(Root Code),31051383,Keywords,Keywords taxonomy used for EMPP expert profile
2,31048363,31048363,Science,Science
3,31048363.31048364,31048364,NATURAL SCIENCES,NATURAL SCIENCES
4,31048363.31048364.31048365,31048365,Mathematics,Mathematics
5,31048363.31048364.31048365.31048366,31048366,"Pure mathematics, Applied mathematics","Pure mathematics, Applied mathematics"
6,31048363.31048364.31048365.31048366.31048367,31048367,Logic and foundations,Logic and foundations
6,31048363.31048364.31048365.31048366.31048368,31048368,Algebra,Algebra
6,31048363.31048364.31048365.31048366.31048369,31048369,Number theory,Number theory
6,31048363.31048364.31048365.31048366.31048370,31048370,Algorithms and complexity,Algorithms and complexity
6,31048363.31048364.31048365.31048366.31048371,31048371,Algebraic and complex geometry,Algebraic and complex geometry
6,31048363.31048364.31048365.31048366.31048372,31048372,Geometry,Geometry
6,31048363.31048364.31048365.31048366.31048373,31048373,Topology,Topology
6,31048363.31048364.31048365.31048366.31048374,31048374,"Lie groups, Lie algebras","Lie groups, Lie algebras"
6,31048363.31048364.31048365.31048366.31048375,31048375,Analysis,Analysis
6,31048363.31048364.31048365.31048366.31048376,31048376,Operator algebras and functional analysis,Operator algebras and functional analysis
6,31048363.31048364.31048365.31048366.31048377,31048377,ODE and dynamical systems,ODE and dynamical systems
6,31048363.31048364.31048365.31048366.31048378,31048378,Theoretical aspects of partial differential equati,Theoretical aspects of partial differential equations
6,31048363.31048364.31048365.31048366.31048379,31048379,Mathematical physics,Mathematical physics
6,31048363.31048364.31048365.31048366.31048380,31048380,Discrete mathematics and combinatorics,Discrete mathematics and combinatorics
6,31048363.31048364.31048365.31048366.31048381,31048381,Mathematical aspects of computer science,Mathematical aspects of computer science
6,31048363.31048364.31048365.31048366.31048382,31048382,Numerical analysis,Numerical analysis
6,31048363.31048364.31048365.31048366.31048383,31048383,Scientific computing and data processing,Scientific computing and data processing
6,31048363.31048364.31048365.31048366.31048384,31048384,Numerical analysis and scientific computing,Numerical analysis and scientific computing
6,31048363.31048364.31048365.31048366.31048385,31048385,Control theory and optimization,Control theory and optimization
6,31048363.31048364.31048365.31048366.31048386,31048386,Application of mathematics in sciences,Application of mathematics in sciences
6,31048363.31048364.31048365.31048366.31048387,31048387,Application of mathematics in industry and society,Application of mathematics in industry and society
6,31048363.31048364.31048365.31048366.31048388,31048388,Signal processing,Signal processing
6,31048363.31048364.31048365.31048366.31048389,31048389,"Statistical physics: phase transitions, noise and","Statistical physics: phase transitions, noise and fluctuations, models of complex systems, etc."
6,31048363.31048364.31048365.31048366.31053755,31053755,Mathematics for High-Performance Computing,Mathematics for High-Performance Computing
5,31048363.31048364.31048365.31048390,31048390,Statistics and probability (This includes research,"Statistics and probability (This includes research on statistical methodologies, but excludes research on applied statistics which should be classified under the relevant field of application (e.g. Economics, Sociology, etc.)"
6,31048363.31048364.31048365.31048390.31048391,31048391,Probability,Probability
6,31048363.31048364.31048365.31048390.31048392,31048392,Statistics,Statistics
6,31048363.31048364.31048365.31048390.31048393,31048393,Probability and Statistics,Probability and Statistics
6,31048363.31048364.31048365.31048390.31053756,31053756,Global Systems Science,Global Systems Science
4,31048363.31048364.31048394,31048394,Computer and information sciences,Computer and information sciences
5,31048363.31048364.31048394.31048395,31048395,"Computer sciences, information science and bioinfo","Computer sciences, information science and bioinformatics"
6,31048363.31048364.31048394.31048395.31048406,31048406,"Software engineering, operating systems, computer","Software engineering, operating systems, computer languages"
7,31048363.31048364.31048394.31048395.31048406.31053757,31053757,High performance computing,High performance computing
7,31048363.31048364.31048394.31048395.31048406.31053772,31053772,Requirements Analysis,Requirements Analysis
7,31048363.31048364.31048394.31048395.31048406.31053773,31053773,Software Design & Development,Software Design & Development
7,31048363.31048364.31048394.31048395.31048406.31053774,31053774,Software Architectures,Software Architectures
7,31048363.31048364.31048394.31048395.31048406.31053775,31053775,Software notation & tools,Software notation & tools
7,31048363.31048364.31048394.31048395.31048406.31053776,31053776,Open Source Software,Open Source Software
7,31048363.31048364.31048394.31048395.31048406.31053777,31053777,System Software,System Software
7,31048363.31048364.31048394.31048395.31048406.31053778,31053778,Software quality Management,Software quality Management
7,31048363.31048364.31048394.31048395.31048406.31053779,31053779,Open hardware,Open hardware
7,31048363.31048364.31048394.31048395.31048406.31053780,31053780,Distributed Social Networks,Distributed Social Networks
6,31048363.31048364.31048394.31048395.31048407,31048407,"Theoretical computer science, formal methods, quan","Theoretical computer science, formal methods, quantum computing"
7,31048363.31048364.31048394.31048395.31048407.31053790,31053790,Very large data bases,Very large data bases
7,31048363.31048364.31048394.31048395.31048407.31053791,31053791,Data stream analysis,Data stream analysis
7,31048363.31048364.31048394.31048395.31048407.31053792,31053792,Scalability,Scalability
7,31048363.31048364.31048394.31048395.31048407.31053793,31053793,Real time data analytics,Real time data analytics
7,31048363.31048364.31048394.31048395.31048407.31053794,31053794,Linked (open) data,Linked (open) data
6,31048363.31048364.31048394.31048395.31048408,31048408,"Cryptology, security, privacy, quantum crypto","Cryptology, security, privacy, quantum crypto"
7,31048363.31048364.31048394.31048395.31048408.31051046,31051046,Privacy,Privacy
7,31048363.31048364.31048394.31048395.31048408.31053795,31053795,Cybersecurity,Cybersecurity
7,31048363.31048364.31048394.31048395.31048408.31053796,31053796,Trustworthy ICT,Trustworthy ICT
7,31048363.31048364.31048394.31048395.31048408.31053797,31053797,IT Security,IT Security
7,31048363.31048364.31048394.31048395.31048408.31053798,31053798,Trust,Trust
7,31048363.31048364.31048394.31048395.31048408.31053799,31053799,Network Security,Network Security
7,31048363.31048364.31048394.31048395.31048408.31053800,31053800,Information Security,Information Security
7,31048363.31048364.31048394.31048395.31048408.31053801,31053801,(user-centric) privacy preservation,(user-centric) privacy preservation
7,31048363.31048364.31048394.31048395.31048408.31053802,31053802,Anonymity,Anonymity
7,31048363.31048364.31048394.31048395.31048408.31053803,31053803,Digital identity,Digital identity
6,31048363.31048364.31048394.31048395.31048409,31048409,"Algorithms, distributed, parallel and network algo","Algorithms, distributed, parallel and network algorithms, algorithmic game theory"
7,31048363.31048364.31048394.31048395.31048409.31053757,31053757,High performance computing,High performance computing
6,31048363.31048364.31048394.31048395.31048410,31048410,"Artificial intelligence, intelligent systems, mult","Artificial intelligence, intelligent systems, multi agent systems"
6,31048363.31048364.31048394.31048395.31048411,31048411,"Computer graphics, computer vision, multi media, c","Computer graphics, computer vision, multi media, computer games"
7,31048363.31048364.31048394.31048395.31048411.31053804,31053804,Computer graphics,Computer graphics
7,31048363.31048364.31048394.31048395.31048411.31053805,31053805,Computer vision,Computer vision
7,31048363.31048364.31048394.31048395.31048411.31053806,31053806,Multi media,Multi media
7,31048363.31048364.31048394.31048395.31048411.31053807,31053807,Computer games,Computer games
6,31048363.31048364.31048394.31048395.31048412,31048412,"Numerical analysis, simulation, optimisation, mode","Numerical analysis, simulation, optimisation, modelling tools, data mining"
6,31048363.31048364.31048394.31048395.31048413,31048413,"Human computer interaction and interface, visualiz","Human computer interaction and interface, visualization and natural language processing"
7,31048363.31048364.31048394.31048395.31048413.31053808,31053808,Human computer interaction,Human computer interaction
7,31048363.31048364.31048394.31048395.31048413.31053809,31053809,Collaborative and social computing,Collaborative and social computing
7,31048363.31048364.31048394.31048395.31048413.31053810,31053810,Mobile devices,Mobile devices
7,31048363.31048364.31048394.31048395.31048413.31053811,31053811,Non mobile interactive devices,Non mobile interactive devices
7,31048363.31048364.31048394.31048395.31048413.31053812,31053812,Accessibility,Accessibility
7,31048363.31048364.31048394.31048395.31048413.31053813,31053813,Smart objects and interaction design,Smart objects and interaction design
7,31048363.31048364.31048394.31048395.31048413.31053814,31053814,Users and interactive retrieval,Users and interactive retrieval
7,31048363.31048364.31048394.31048395.31048413.31053815,31053815,Natural language processing,Natural language processing
7,31048363.31048364.31048394.31048395.31048413.31053816,31053816,Machine translation,Machine translation
7,31048363.31048364.31048394.31048395.31048413.31053817,31053817,Wearable technologies,Wearable technologies
6,31048363.31048364.31048394.31048395.31048414,31048414,"Web and information systems, database systems, inf","Web and information systems, database systems, information retrieval and digital libraries, data fusion"
7,31048363.31048364.31048394.31048395.31048414.31053818,31053818,Semantic web technologies,Semantic web technologies
7,31048363.31048364.31048394.31048395.31048414.31053819,31053819,Linked open data,Linked open data
7,31048363.31048364.31048394.31048395.31048414.31053820,31053820,Data visualization,Data visualization
7,31048363.31048364.31048394.31048395.31048414.31053821,31053821,Data curation,Data curation
7,31048363.31048364.31048394.31048395.31048414.31053822,31053822,Open data,Open data
6,31048363.31048364.31048394.31048395.31048415,31048415,"Machine learning, statistical data processing and","Machine learning, statistical data processing and applications using signal processing (e.g. speech, image, video)"
6,31048363.31048364.31048394.31048395.31048416,31048416,"Scientific computing, simulation and modelling too","Scientific computing, simulation and modelling tools"
6,31048363.31048364.31048394.31048395.31048417,31048417,"Bioinformatics, biocomputing, and DNA and molecula","Bioinformatics, biocomputing, and DNA and molecular computation"
6,31048363.31048364.31048394.31048395.31048418,31048418,Geo-information and spatial data analysis,Geo-information and spatial data analysis
6,31048363.31048364.31048394.31048395.31048419,31048419,Computational engineering and computer aided desig,Computational engineering and computer aided design
6,31048363.31048364.31048394.31048395.31048420,31048420,"Communication networks, media, information society","Communication networks, media, information society"
7,31048363.31048364.31048394.31048395.31048420.31049667,31049667,Radio Frequency / Microwave Communications,Radio Frequency / Microwave Communications
7,31048363.31048364.31048394.31048395.31048420.31049668,31049668,Network technologies / Internetworking,Network technologies / Internetworking
7,31048363.31048364.31048394.31048395.31048420.31049731,31049731,Optical Communications,Optical Communications
7,31048363.31048364.31048394.31048395.31048420.31053780,31053780,Distributed Social Networks,Distributed Social Networks
7,31048363.31048364.31048394.31048395.31048420.31053823,31053823,Internet architectures,Internet architectures
7,31048363.31048364.31048394.31048395.31048420.31053824,31053824,Internet of Things,Internet of Things
7,31048363.31048364.31048394.31048395.31048420.31053825,31053825,Mobile Sensor devices,Mobile Sensor devices
6,31048363.31048364.31048394.31048395.31048421,31048421,"Networks (communication networks, sensor networks,","Networks (communication networks, sensor networks, networks of robots, etc.)"
6,31048363.31048364.31048394.31048395.31048422,31048422,Simulation engineering and modelling,Simulation engineering and modelling
6,31048363.31048364.31048394.31048395.31048423,31048423,Computational engineering,Computational engineering
7,31048363.31048364.31048394.31048395.31048423.31053757,31053757,High performance computing,High performance computing
6,31048363.31048364.31048394.31048395.31048424,31048424,Clinical bioinformatics,Clinical bioinformatics
6,31048363.31048364.31048394.31048395.31048425,31048425,Translational bioinformatics,Translational bioinformatics
6,31048363.31048364.31048394.31048395.31048426,31048426,Neuroimaging and computational neuroscience,Neuroimaging and computational neuroscience
6,31048363.31048364.31048394.31048395.31048427,31048427,"Complexity and cryptography, electronic security,","Complexity and cryptography, electronic security, privacy, biometrics"
6,31048363.31048364.31048394.31048395.31048428,31048428,"E-learning, user modelling, collaborative systems","E-learning, user modelling, collaborative systems"
6,31048363.31048364.31048394.31048395.31048429,31048429,"Internet and semantic web, database systems and li","Internet and semantic web, database systems and libraries"
6,31048363.31048364.31048394.31048395.31048430,31048430,"Ontologies, neural networks, genetic programming,","Ontologies, neural networks, genetic programming, fuzzy logic"
6,31048363.31048364.31048394.31048395.31048431,31048431,Gender in computer sciences,Gender in computer sciences
6,31048363.31048364.31048394.31048395.31053758,31053758,Unconventional computing,Unconventional computing
6,31048363.31048364.31048394.31048395.31053759,31053759,Cyber-physical systems,Cyber-physical systems
7,31048363.31048364.31048394.31048395.31053759.31053760,31053760,Embedded systems,Embedded systems
7,31048363.31048364.31048394.31048395.31053759.31053761,31053761,Monitoring and control systems,Monitoring and control systems
7,31048363.31048364.31048394.31048395.31053759.31053762,31053762,Systems of systems,Systems of systems
7,31048363.31048364.31048394.31048395.31053759.31053763,31053763,Co-habited environments,Co-habited environments
6,31048363.31048364.31048394.31048395.31053764,31053764,Advanced computing,Advanced computing
7,31048363.31048364.31048394.31048395.31053764.31053757,31053757,High performance computing,High performance computing
7,31048363.31048364.31048394.31048395.31053764.31053765,31053765,Embedded computing,Embedded computing
7,31048363.31048364.31048394.31048395.31053764.31053766,31053766,"Computing for servers, data centres","Computing for servers, data centres"
6,31048363.31048364.31048394.31048395.31053767,31053767,Smart manufacturing,Smart manufacturing
7,31048363.31048364.31048394.31048395.31053767.31053768,31053768,Smart factories,Smart factories
7,31048363.31048364.31048394.31048395.31053767.31053769,31053769,Digital factories,Digital factories
7,31048363.31048364.31048394.31048395.31053767.31053770,31053770,Virtual factories,Virtual factories
7,31048363.31048364.31048394.31048395.31053767.31053771,31053771,Unconventional Manufacturing,Unconventional Manufacturing
6,31048363.31048364.31048394.31048395.31053781,31053781,Internet Services & Applications,Internet Services & Applications
7,31048363.31048364.31048394.31048395.31053781.31053782,31053782,Service Engineering,Service Engineering
7,31048363.31048364.31048394.31048395.31053781.31053783,31053783,Service oriented architectures,Service oriented architectures
6,31048363.31048364.31048394.31048395.31053784,31053784,Cloud computing,Cloud computing
7,31048363.31048364.31048394.31048395.31053784.31053785,31053785,Cloud Computing models,Cloud Computing models
7,31048363.31048364.31048394.31048395.31053784.31053786,31053786,Cloud trust & security,Cloud trust & security
7,31048363.31048364.31048394.31048395.31053784.31053787,31053787,Cloud Services,Cloud Services
7,31048363.31048364.31048394.31048395.31053784.31053788,31053788,Cloud Infrastructures,Cloud Infrastructures
7,31048363.31048364.31048394.31048395.31053784.31053789,31053789,Cloud Architectures,Cloud Architectures
6,31048363.31048364.31048394.31048395.31053826,31053826,Technology-enhanced learning,Technology-enhanced learning
6,31048363.31048364.31048394.31048395.31053827,31053827,"Digital games, gamification, applied games, seriou","Digital games, gamification, applied games, serious games"
6,31048363.31048364.31048394.31048395.31053828,31053828,"Interaction, Multimodal, Brain-Computer-Interfaces","Interaction, Multimodal, Brain-Computer-Interfaces, Assistive Technologies"
6,31048363.31048364.31048394.31048395.31053829,31053829,Experimentally-driven research and innovation,Experimentally-driven research and innovation
7,31048363.31048364.31048394.31048395.31053829.31053830,31053830,"FIRE, Future Internet Research and Experimentation","FIRE, Future Internet Research and Experimentation"
6,31048363.31048364.31048394.31048395.31053831,31053831,Collaborative Systems,Collaborative Systems
7,31048363.31048364.31048394.31048395.31053831.31051324,31051324,Crowdsourcing,Crowdsourcing
7,31048363.31048364.31048394.31048395.31053831.31053832,31053832,Collective Awareness Platforms,Collective Awareness Platforms
7,31048363.31048364.31048394.31048395.31053831.31053833,31053833,Knowledge co-creation networks,Knowledge co-creation networks
6,31048363.31048364.31048394.31048395.31073707,31073707,Digital services,Digital services
7,31048363.31048364.31048394.31048395.31073707.31053795,31053795,Cybersecurity,Cybersecurity
7,31048363.31048364.31048394.31048395.31073707.31053822,31053822,Open data,Open data
7,31048363.31048364.31048394.31048395.31073707.31073708,31073708,Automated translation,Automated translation
7,31048363.31048364.31048394.31048395.31073707.31073709,31073709,Big data,Big data
7,31048363.31048364.31048394.31048395.31073707.31073710,31073710,eHealth,eHealth
7,31048363.31048364.31048394.31048395.31073707.31073711,31073711,eInfrastructure,eInfrastructure
7,31048363.31048364.31048394.31048395.31073707.31073712,31073712,eDispensation,eDispensation
7,31048363.31048364.31048394.31048395.31073707.31073713,31073713,Electronic commerce (eCommerce),Electronic commerce (eCommerce)
7,31048363.31048364.31048394.31048395.31073707.31073714,31073714,Electronic delivery (eDelivery),Electronic delivery (eDelivery)
7,31048363.31048364.31048394.31048395.31073707.31073715,31073715,Electronic governance,Electronic governance
7,31048363.31048364.31048394.31048395.31073707.31073716,31073716,Electronic identification (eID) and authenticatio,Electronic identification  (eID) and authentication
7,31048363.31048364.31048394.31048395.31073707.31073717,31073717,Electronic invoicing (eInvoicing),Electronic invoicing (eInvoicing)
7,31048363.31048364.31048394.31048395.31073707.31073718,31073718,Electronic procurement (eProcurement),Electronic procurement (eProcurement)
7,31048363.31048364.31048394.31048395.31073707.31073719,31073719,Electronic services (eServices),Electronic services (eServices)
7,31048363.31048364.31048394.31048395.31073707.31073720,31073720,Electronic Signature (eSignature),Electronic Signature (eSignature)
7,31048363.31048364.31048394.31048395.31073707.31073721,31073721,ePrescription,ePrescription
7,31048363.31048364.31048394.31048395.31073707.31073722,31073722,eTendering,eTendering
7,31048363.31048364.31048394.31048395.31073707.31073723,31073723,Metadata,Metadata
7,31048363.31048364.31048394.31048395.31073707.31073724,31073724,Network infrastructures,Network infrastructures
7,31048363.31048364.31048394.31048395.31073707.31073725,31073725,Online dispute resolution (ODR),Online dispute resolution (ODR)
7,31048363.31048364.31048394.31048395.31073707.31073726,31073726,Pan-European proxy service (PEPS),Pan-European proxy service (PEPS)
7,31048363.31048364.31048394.31048395.31073707.31073727,31073727,Public sector information,Public sector information
7,31048363.31048364.31048394.31048395.31073707.31073728,31073728,Trust and connectivity services,Trust and connectivity services
4,31048363.31048364.31048432,31048432,Physical sciences,Physical sciences
5,31048363.31048364.31048432.31048433,31048433,"Atomic, molecular and chemical physics (physics of","Atomic, molecular and chemical physics (physics of atoms and molecules including collision, interaction with radiation magnetic resonances Moessbauer effect)"
6,31048363.31048364.31048432.31048433.31048434,31048434,"Atomic, molecular physics","Atomic, molecular physics"
6,31048363.31048364.31048432.31048433.31048435,31048435,Chemical physics,Chemical physics
6,31048363.31048364.31048432.31048433.31048436,31048436,Ultra-cold atoms and molecules,Ultra-cold atoms and molecules
6,31048363.31048364.31048432.31048433.31048437,31048437,Quantum optics and quantum information,Quantum optics and quantum information
6,31048363.31048364.31048432.31048433.31048438,31048438,Metrology and measurement,Metrology and measurement
6,31048363.31048364.31048432.31048433.31048439,31048439,Molecular electronics,Molecular electronics
6,31048363.31048364.31048432.31048433.31048440,31048440,Radiation and Nuclear chemistry,Radiation and Nuclear chemistry
6,31048363.31048364.31048432.31048433.31048441,31048441,Photochemistry,Photochemistry
5,31048363.31048364.31048432.31048442,31048442,Condensed matter physics (including formerly solid,"Condensed matter physics (including formerly solid state physics, superconductivity)"
6,31048363.31048364.31048432.31048442.31048439,31048439,Molecular electronics,Molecular electronics
6,31048363.31048364.31048432.31048442.31048443,31048443,Structure of solids and liquids,Structure of solids and liquids
6,31048363.31048364.31048432.31048442.31048444,31048444,Mechanical and acoustical properties of condensed,"Mechanical and acoustical properties of condensed matter, Lattice dynamics"
6,31048363.31048364.31048432.31048442.31048445,31048445,Transport properties of condensed matter,Transport properties of condensed matter
6,31048363.31048364.31048432.31048442.31048446,31048446,Thermal properties of condensed matter,Thermal properties of condensed matter
6,31048363.31048364.31048432.31048442.31048447,31048447,"Electronic properties of materials, surfaces, inte","Electronic properties of materials, surfaces, interfaces, nanostructures, etc."
6,31048363.31048364.31048432.31048442.31048448,31048448,Electronic properties of materials and transport,Electronic properties of materials and transport
6,31048363.31048364.31048432.31048442.31048449,31048449,Semiconductors,Semiconductors
6,31048363.31048364.31048432.31048442.31048450,31048450,"Semiconductors and insulators: material growth, ph","Semiconductors and insulators: material growth, physical properties"
6,31048363.31048364.31048432.31048442.31048451,31048451,Superconductivity,Superconductivity
6,31048363.31048364.31048432.31048442.31048452,31048452,Superfluids,Superfluids
6,31048363.31048364.31048432.31048442.31048453,31048453,"Macroscopic quantum phenomena: superconductivity,","Macroscopic quantum phenomena: superconductivity, superfluidity, etc."
6,31048363.31048364.31048432.31048442.31048454,31048454,Spintronics,Spintronics
6,31048363.31048364.31048432.31048442.31048455,31048455,Magnetism and strongly correlated systems,Magnetism and strongly correlated systems
6,31048363.31048364.31048432.31048442.31048456,31048456,Soft condensed matter,Soft condensed matter
6,31048363.31048364.31048432.31048442.31048457,31048457,"Condensed matter - beam interactions (photons, ele","Condensed matter - beam interactions (photons, electrons, etc.)"
6,31048363.31048364.31048432.31048442.31048458,31048458,"Nanophysics: nanoelectronics, nanophotonics, nanom","Nanophysics: nanoelectronics, nanophotonics, nanomagnetism, nanoelectromechanics, etc."
6,31048363.31048364.31048432.31048442.31048459,31048459,Mesoscopic physics,Mesoscopic physics
6,31048363.31048364.31048432.31048442.31048460,31048460,Structure and dynamics of disordered systems: soft,"Structure and dynamics of disordered systems: soft matter (gels, colloids, liquid crystals, etc.), glasses, defects, etc."
6,31048363.31048364.31048432.31048442.31048461,31048461,Thermodynamics,Thermodynamics
6,31048363.31048364.31048432.31048442.31048462,31048462,General physics,General physics
6,31048363.31048364.31048432.31048442.31048463,31048463,Statistical physics (condensed matter),Statistical physics (condensed matter)
6,31048363.31048364.31048432.31048442.31048464,31048464,"Phase transitions, phase equilibria","Phase transitions, phase equilibria"
6,31048363.31048364.31048432.31048442.31048465,31048465,Molecular architecture and structure,Molecular architecture and structure
5,31048363.31048364.31048432.31048466,31048466,Particles and fields physics,Particles and fields physics
6,31048363.31048364.31048432.31048466.31048467,31048467,Fundamental interactions and fields,Fundamental interactions and fields
6,31048363.31048364.31048432.31048466.31048468,31048468,Relativity,Relativity
6,31048363.31048364.31048432.31048466.31048469,31048469,Particle physics,Particle physics
6,31048363.31048364.31048432.31048466.31048470,31048470,Electromagnetism,Electromagnetism
6,31048363.31048364.31048432.31048466.31048471,31048471,Classical physics,Classical physics
5,31048363.31048364.31048432.31048472,31048472,Nuclear physics,Nuclear physics
6,31048363.31048364.31048432.31048472.31048472,31048472,Nuclear physics,Nuclear physics
6,31048363.31048364.31048432.31048472.31048473,31048473,Nuclear astrophysics,Nuclear astrophysics
5,31048363.31048364.31048432.31048474,31048474,Fluids and plasma physics (including surface physi,Fluids and plasma physics (including surface physics)
6,31048363.31048364.31048432.31048474.31048389,31048389,"Statistical physics: phase transitions, noise and","Statistical physics: phase transitions, noise and fluctuations, models of complex systems, etc."
6,31048363.31048364.31048432.31048474.31048461,31048461,Thermodynamics,Thermodynamics
6,31048363.31048364.31048432.31048474.31048470,31048470,Electromagnetism,Electromagnetism
6,31048363.31048364.31048432.31048474.31048475,31048475,Fluid dynamics (physics),Fluid dynamics (physics)
6,31048363.31048364.31048432.31048474.31048476,31048476,Statistical physics (gases),Statistical physics (gases)
6,31048363.31048364.31048432.31048474.31048477,31048477,"Applied biotechnology (non-medical), bioreactors,","Applied biotechnology (non-medical), bioreactors, applied microbiology"
6,31048363.31048364.31048432.31048474.31048478,31048478,Gas and plasma physics,Gas and plasma physics
5,31048363.31048364.31048432.31048479,31048479,Optics (including laser optics and quantum optics),Optics (including laser optics and quantum optics)
6,31048363.31048364.31048432.31048479.31048437,31048437,Quantum optics and quantum information,Quantum optics and quantum information
6,31048363.31048364.31048432.31048479.31048438,31048438,Metrology and measurement,Metrology and measurement
6,31048363.31048364.31048432.31048479.31048458,31048458,"Nanophysics: nanoelectronics, nanophotonics, nanom","Nanophysics: nanoelectronics, nanophotonics, nanomagnetism, nanoelectromechanics, etc."
6,31048363.31048364.31048432.31048479.31048480,31048480,"Optics, non-linear optics and nano-optics","Optics, non-linear optics and nano-optics"
6,31048363.31048364.31048432.31048479.31048481,31048481,"Lasers, ultra-short lasers and laser physics","Lasers, ultra-short lasers and laser physics"
6,31048363.31048364.31048432.31048479.31048482,31048482,Non-linear physics,Non-linear physics
6,31048363.31048364.31048432.31048479.31048483,31048483,"Optical engineering, photonics, lasers","Optical engineering, photonics, lasers"
7,31048363.31048364.31048432.31048479.31048483.31049295,31049295,Photovoltaics,Photovoltaics
7,31048363.31048364.31048432.31048479.31048483.31053834,31053834,III-V photonics,III-V photonics
7,31048363.31048364.31048432.31048479.31048483.31053835,31053835,Biophotonics and medical applications,Biophotonics and medical applications
7,31048363.31048364.31048432.31048479.31048483.31053836,31053836,Displays,Displays
7,31048363.31048364.31048432.31048479.31048483.31053837,31053837,Electromagnetic theory and simulations,Electromagnetic theory and simulations
7,31048363.31048364.31048432.31048479.31048483.31053838,31053838,Fiber optics and optical communications,Fiber optics and optical communications
7,31048363.31048364.31048432.31048479.31048483.31053839,31053839,Holography,Holography
7,31048363.31048364.31048432.31048479.31048483.31053840,31053840,"Imaging, image and data processing","Imaging, image and data processing"
7,31048363.31048364.31048432.31048479.31048483.31053841,31053841,"Instrumentation, measurement, and metrology","Instrumentation, measurement, and metrology"
7,31048363.31048364.31048432.31048479.31048483.31053842,31053842,Lasers and laser optics,Lasers and laser optics
7,31048363.31048364.31048432.31048479.31048483.31053843,31053843,Laser-based manufacturing and materials processing,Laser-based manufacturing and materials processing
7,31048363.31048364.31048432.31048479.31048483.31053844,31053844,"Lighting, solid-state lighting, LEDs, OLEDs","Lighting, solid-state lighting, LEDs, OLEDs"
7,31048363.31048364.31048432.31048479.31048483.31053845,31053845,Manufacturing technologies for photonic devices,Manufacturing technologies for photonic devices
7,31048363.31048364.31048432.31048479.31048483.31053846,31053846,Microscopy and spectroscopy,Microscopy and spectroscopy
7,31048363.31048364.31048432.31048479.31048483.31053847,31053847,Microoptics,Microoptics
7,31048363.31048364.31048432.31048479.31048483.31053848,31053848,Nanophotonics,Nanophotonics
7,31048363.31048364.31048432.31048479.31048483.31053849,31053849,Near-field optics,Near-field optics
7,31048363.31048364.31048432.31048479.31048483.31053850,31053850,Nonlinear optics,Nonlinear optics
7,31048363.31048364.31048432.31048479.31048483.31053851,31053851,Optical design and fabrication,Optical design and fabrication
7,31048363.31048364.31048432.31048479.31048483.31053852,31053852,Optical sensors,Optical sensors
7,31048363.31048364.31048432.31048479.31048483.31053853,31053853,Photonic devices,Photonic devices
7,31048363.31048364.31048432.31048479.31048483.31053854,31053854,"Photonics in computing, interconnects, data storag","Photonics in computing, interconnects, data storage"
7,31048363.31048364.31048432.31048479.31048483.31053855,31053855,"Photonic integration, photonic integrated circuits","Photonic integration, photonic integrated circuits"
7,31048363.31048364.31048432.31048479.31048483.31053856,31053856,Photonics for safety and security,Photonics for safety and security
7,31048363.31048364.31048432.31048479.31048483.31053857,31053857,Plasmonics and metamaterials,Plasmonics and metamaterials
7,31048363.31048364.31048432.31048479.31048483.31053858,31053858,"Optoelectronics, semiconductor photonics and photo","Optoelectronics, semiconductor photonics and photonic integration"
7,31048363.31048364.31048432.31048479.31048483.31053859,31053859,Silicon photonics,Silicon photonics
7,31048363.31048364.31048432.31048479.31048483.31053860,31053860,Ultrafast photonics,Ultrafast photonics
7,31048363.31048364.31048432.31048479.31048483.31053861,31053861,"Vision, colour and visual optics","Vision, colour and visual optics"
7,31048363.31048364.31048432.31048479.31048483.31053862,31053862,Other areas of photonics,Other areas of photonics
6,31048363.31048364.31048432.31048479.31053863,31053863,Organic and large area electronics,Organic and large area electronics
7,31048363.31048364.31048432.31048479.31053863.31053864,31053864,Flexible electronics and displays,Flexible electronics and displays
7,31048363.31048364.31048432.31048479.31053863.31053865,31053865,"Lighting, OLEDs","Lighting, OLEDs"
7,31048363.31048364.31048432.31048479.31053863.31053866,31053866,Manufacturing technologies for organic electronics,Manufacturing technologies for organic electronics
7,31048363.31048364.31048432.31048479.31053863.31053867,31053867,Materials,Materials
7,31048363.31048364.31048432.31048479.31053863.31053868,31053868,Organic Photovoltaics,Organic Photovoltaics
5,31048363.31048364.31048432.31048484,31048484,Acoustics,Acoustics
6,31048363.31048364.31048432.31048484.31048444,31048444,Mechanical and acoustical properties of condensed,"Mechanical and acoustical properties of condensed matter, Lattice dynamics"
6,31048363.31048364.31048432.31048484.31048484,31048484,Acoustics,Acoustics
5,31048363.31048364.31048432.31048485,31048485,"Astronomy (including astrophysics, space science)","Astronomy (including astrophysics, space science)"
6,31048363.31048364.31048432.31048485.31048468,31048468,Relativity,Relativity
6,31048363.31048364.31048432.31048485.31048473,31048473,Nuclear astrophysics,Nuclear astrophysics
6,31048363.31048364.31048432.31048485.31048486,31048486,Solar and interplanetary physics,Solar and interplanetary physics
7,31048363.31048364.31048432.31048485.31048486.31048487,31048487,Magnetosphere,Magnetosphere
7,31048363.31048364.31048432.31048485.31048486.31048488,31048488,Interplanetary space,Interplanetary space
7,31048363.31048364.31048432.31048485.31048486.31048489,31048489,Space weather,Space weather
7,31048363.31048364.31048432.31048485.31048486.31048490,31048490,Solar physics,Solar physics
6,31048363.31048364.31048432.31048485.31048491,31048491,Planetary systems sciences,Planetary systems sciences
7,31048363.31048364.31048432.31048485.31048491.31048492,31048492,Gaseous planets,Gaseous planets
7,31048363.31048364.31048432.31048485.31048491.31048493,31048493,Terrestrial planets and major satellites,Terrestrial planets and major satellites
7,31048363.31048364.31048432.31048485.31048491.31048494,31048494,Minor satellites and bodies of the solar system,Minor satellites and bodies of the solar system
7,31048363.31048364.31048432.31048485.31048491.31048495,31048495,Meteorites and interplanetary dust,Meteorites and interplanetary dust
7,31048363.31048364.31048432.31048485.31048491.31048496,31048496,Exoplanets,Exoplanets
6,31048363.31048364.31048432.31048485.31048492,31048492,Gaseous planets,Gaseous planets
6,31048363.31048364.31048432.31048485.31048497,31048497,Interstellar medium,Interstellar medium
6,31048363.31048364.31048432.31048485.31048498,31048498,Formation of stars and planets,Formation of stars and planets
6,31048363.31048364.31048432.31048485.31048499,31048499,Astrophysics,Astrophysics
6,31048363.31048364.31048432.31048485.31048500,31048500,Astrobiology,Astrobiology
6,31048363.31048364.31048432.31048485.31048501,31048501,Astrochemistry,Astrochemistry
6,31048363.31048364.31048432.31048485.31048502,31048502,Stars and stellar systems,Stars and stellar systems
7,31048363.31048364.31048432.31048485.31048502.31048503,31048503,Stellar structure and evolution,Stellar structure and evolution
7,31048363.31048364.31048432.31048485.31048502.31048504,31048504,"Stellar systems: multiple stars, clusters, and ass","Stellar systems: multiple stars, clusters, and associations"
7,31048363.31048364.31048432.31048485.31048502.31048505,31048505,Stellar populations and dynamics,Stellar populations and dynamics
6,31048363.31048364.31048432.31048485.31048506,31048506,The Galaxy,The Galaxy
6,31048363.31048364.31048432.31048485.31048507,31048507,Formation and evolution of galaxies,Formation and evolution of galaxies
6,31048363.31048364.31048432.31048485.31048508,31048508,Clusters of galaxies and large scale structures,Clusters of galaxies and large scale structures
6,31048363.31048364.31048432.31048485.31048509,31048509,"High energy and particles astronomy - X-rays, cosm","High energy and particles astronomy - X-rays, cosmic rays, gamma rays, neutrinos"
6,31048363.31048364.31048432.31048485.31048510,31048510,Relativistic astrophysics,Relativistic astrophysics
6,31048363.31048364.31048432.31048485.31048511,31048511,"Dark matter, dark energy","Dark matter, dark energy"
6,31048363.31048364.31048432.31048485.31048512,31048512,Gravitational astronomy,Gravitational astronomy
6,31048363.31048364.31048432.31048485.31048513,31048513,Cosmology,Cosmology
6,31048363.31048364.31048432.31048485.31048514,31048514,Space Sciences,Space Sciences
6,31048363.31048364.31048432.31048485.31048515,31048515,"Very large data bases: archiving, handling and ana","Very large data bases: archiving, handling and analysis"
7,31048363.31048364.31048432.31048485.31048515.31048515,31048515,"Very large data bases: archiving, handling and ana","Very large data bases: archiving, handling and analysis"
7,31048363.31048364.31048432.31048485.31048515.31048516,31048516,Data and image processing,Data and image processing
7,31048363.31048364.31048432.31048485.31048515.31048517,31048517,Data archiving and mining,Data archiving and mining
7,31048363.31048364.31048432.31048485.31048515.31048518,31048518,Planetary and structure mapping,Planetary and structure mapping
6,31048363.31048364.31048432.31048485.31048519,31048519,"Instrumentation - telescopes, detectors and techni","Instrumentation - telescopes, detectors and techniques"
7,31048363.31048364.31048432.31048485.31048519.31048520,31048520,"Observational astronomy: cosmic rays, neutrinos, a","Observational astronomy: cosmic rays, neutrinos, and other particles"
7,31048363.31048364.31048432.31048485.31048519.31048521,31048521,Observational astronomy: gamma rays,Observational astronomy: gamma rays
7,31048363.31048364.31048432.31048485.31048519.31048522,31048522,Observational astronomy: X rays,Observational astronomy: X rays
7,31048363.31048364.31048432.31048485.31048519.31048523,31048523,Observational astronomy: ultraviolet,Observational astronomy: ultraviolet
7,31048363.31048364.31048432.31048485.31048519.31048524,31048524,Observational astronomy: visible,Observational astronomy: visible
7,31048363.31048364.31048432.31048485.31048519.31048525,31048525,Observational astronomy: infrared,Observational astronomy: infrared
7,31048363.31048364.31048432.31048485.31048519.31048526,31048526,Observational astronomy: millimeter and submillime,Observational astronomy: millimeter and submillimeter
7,31048363.31048364.31048432.31048485.31048519.31048527,31048527,Observational astronomy: radio,Observational astronomy: radio
7,31048363.31048364.31048432.31048485.31048519.31048528,31048528,Mathematical and numerical techniques,Mathematical and numerical techniques
7,31048363.31048364.31048432.31048485.31048519.31048529,31048529,"Ground based Instruments / Telescopes: design, con","Ground based Instruments / Telescopes: design, construction, and operation"
7,31048363.31048364.31048432.31048485.31048519.31048530,31048530,Space based Instruments (see Space Engineering / S,Space based Instruments (see Space Engineering / Science instruments)
6,31048363.31048364.31048432.31048485.31048531,31048531,Theoretical astronomy,Theoretical astronomy
6,31048363.31048364.31048432.31048485.31048532,31048532,Upper atmosphere (Neutral and ionosphere),Upper atmosphere (Neutral and ionosphere)
6,31048363.31048364.31048432.31048485.31048533,31048533,Techniques,Techniques
7,31048363.31048364.31048432.31048485.31048533.31048528,31048528,Mathematical and numerical techniques,Mathematical and numerical techniques
7,31048363.31048364.31048432.31048485.31048533.31048529,31048529,"Ground based Instruments / Telescopes: design, con","Ground based Instruments / Telescopes: design, construction, and operation"
7,31048363.31048364.31048432.31048485.31048533.31048530,31048530,Space based Instruments (see Space Engineering / S,Space based Instruments (see Space Engineering / Science instruments)
4,31048363.31048364.31048534,31048534,Chemical sciences,Chemical sciences
5,31048363.31048364.31048534.31048535,31048535,Organic chemistry,Organic chemistry
6,31048363.31048364.31048534.31048535.31048536,31048536,Carbonhydrates,Carbonhydrates
6,31048363.31048364.31048534.31048535.31048537,31048537,Macromolecular chemistry,Macromolecular chemistry
6,31048363.31048364.31048534.31048535.31048538,31048538,Organometallic chemistry,Organometallic chemistry
6,31048363.31048364.31048534.31048535.31048539,31048539,Polymer chemistry,Polymer chemistry
6,31048363.31048364.31048534.31048535.31048540,31048540,Synthetic Organic chemistry,Synthetic Organic chemistry
6,31048363.31048364.31048534.31048535.31048541,31048541,Heterocyclic chemistry,Heterocyclic chemistry
6,31048363.31048364.31048534.31048535.31048542,31048542,Peptide chemistry,Peptide chemistry
6,31048363.31048364.31048534.31048535.31048543,31048543,Natural product synthesis,Natural product synthesis
6,31048363.31048364.31048534.31048535.31048544,31048544,Molecular chemistry,Molecular chemistry
6,31048363.31048364.31048534.31048535.31048545,31048545,Supramolecular chemistry,Supramolecular chemistry
6,31048363.31048364.31048534.31048535.31048546,31048546,Organic reaction mechanism,Organic reaction mechanism
6,31048363.31048364.31048534.31048535.31048547,31048547,Stereochemistry,Stereochemistry
6,31048363.31048364.31048534.31048535.31048548,31048548,Combinatorial chemistry,Combinatorial chemistry
6,31048363.31048364.31048534.31048535.31048549,31048549,Gender in organic chemistry,Gender in organic chemistry
5,31048363.31048364.31048534.31048550,31048550,Inorganic and nuclear chemistry,Inorganic and nuclear chemistry
6,31048363.31048364.31048534.31048550.31048440,31048440,Radiation and Nuclear chemistry,Radiation and Nuclear chemistry
6,31048363.31048364.31048534.31048550.31048465,31048465,Molecular architecture and structure,Molecular architecture and structure
6,31048363.31048364.31048534.31048550.31048551,31048551,Inorganic Synthesis,Inorganic Synthesis
6,31048363.31048364.31048534.31048550.31048552,31048552,Carbon chemistry,Carbon chemistry
6,31048363.31048364.31048534.31048550.31048553,31048553,Ionic solids,Ionic solids
6,31048363.31048364.31048534.31048550.31048554,31048554,Ionic liquids,Ionic liquids
6,31048363.31048364.31048534.31048550.31048555,31048555,Acids and bases,Acids and bases
6,31048363.31048364.31048534.31048550.31048556,31048556,Transition metals,Transition metals
6,31048363.31048364.31048534.31048550.31048557,31048557,Molecular geometry,Molecular geometry
6,31048363.31048364.31048534.31048550.31048558,31048558,Electronic Configurations,Electronic Configurations
6,31048363.31048364.31048534.31048550.31048559,31048559,Coordination chemistry,Coordination chemistry
6,31048363.31048364.31048534.31048550.31053869,31053869,"Semiconductors, components, systems","Semiconductors, components, systems"
5,31048363.31048364.31048534.31048560,31048560,"Physical chemistry, Polymer science, Electrochemis","Physical chemistry, Polymer science, Electrochemistry (dry cells, batteries, fuel cells, corrosion metals, electrolysis)"
6,31048363.31048364.31048534.31048560.31048439,31048439,Molecular electronics,Molecular electronics
6,31048363.31048364.31048534.31048560.31048441,31048441,Photochemistry,Photochemistry
7,31048363.31048364.31048534.31048560.31048441.31048564,31048564,Quantum Chemistry,Quantum Chemistry
7,31048363.31048364.31048534.31048560.31048441.31048565,31048565,Computational Chemistry,Computational Chemistry
7,31048363.31048364.31048534.31048560.31048441.31048566,31048566,Molecular Modelling,Molecular Modelling
7,31048363.31048364.31048534.31048560.31048441.31048567,31048567,Molecular dynamics,Molecular dynamics
7,31048363.31048364.31048534.31048560.31048441.31048568,31048568,Molecular mechanics,Molecular mechanics
7,31048363.31048364.31048534.31048560.31048441.31048569,31048569,Mathematical chemistry,Mathematical chemistry
7,31048363.31048364.31048534.31048560.31048441.31048570,31048570,Theoretical chemical kinetics,Theoretical chemical kinetics
6,31048363.31048364.31048534.31048560.31048460,31048460,Structure and dynamics of disordered systems: soft,"Structure and dynamics of disordered systems: soft matter (gels, colloids, liquid crystals, etc.), glasses, defects, etc."
6,31048363.31048364.31048534.31048560.31048555,31048555,Acids and bases,Acids and bases
6,31048363.31048364.31048534.31048560.31048561,31048561,Physical chemistry,Physical chemistry
6,31048363.31048364.31048534.31048560.31048562,31048562,Electrochemistry Redundant),Electrochemistry Redundant)
6,31048363.31048364.31048534.31048560.31048563,31048563,Nuclear chemistry,Nuclear chemistry
6,31048363.31048364.31048534.31048560.31048571,31048571,Theoretical and computational chemistry,Theoretical and computational chemistry
6,31048363.31048364.31048534.31048560.31048572,31048572,Chemical Equilibrium,Chemical Equilibrium
6,31048363.31048364.31048534.31048560.31048573,31048573,Thermodynamics and statistical mechanics,Thermodynamics and statistical mechanics
6,31048363.31048364.31048534.31048560.31048574,31048574,Materials for sensors,Materials for sensors
6,31048363.31048364.31048534.31048560.31048575,31048575,Nanochemistry,Nanochemistry
6,31048363.31048364.31048534.31048560.31048576,31048576,Surface chemistry,Surface chemistry
6,31048363.31048364.31048534.31048560.31048577,31048577,Physical properties,Physical properties
6,31048363.31048364.31048534.31048560.31048578,31048578,"Electrochemistry, electrodialysis, microfluidics,","Electrochemistry, electrodialysis, microfluidics, sensors"
6,31048363.31048364.31048534.31048560.31048579,31048579,Corrosion,Corrosion
6,31048363.31048364.31048534.31048560.31048580,31048580,"Micro- and nanoelectronics, optoelectronics","Micro- and nanoelectronics, optoelectronics"
6,31048363.31048364.31048534.31048560.31048581,31048581,Chemistry of condensed matter,Chemistry of condensed matter
6,31048363.31048364.31048534.31048560.31048582,31048582,Homogeneous catalysis (under catalysis),Homogeneous catalysis (under catalysis)
5,31048363.31048364.31048534.31048583,31048583,Colloid chemistry,Colloid chemistry
5,31048363.31048364.31048534.31048584,31048584,Analytical chemistry,Analytical chemistry
6,31048363.31048364.31048534.31048584.31048465,31048465,Molecular architecture and structure,Molecular architecture and structure
6,31048363.31048364.31048534.31048584.31048584,31048584,Analytical chemistry,Analytical chemistry
6,31048363.31048364.31048534.31048584.31048585,31048585,Forensic chemistry,Forensic chemistry
6,31048363.31048364.31048534.31048584.31048586,31048586,"Chemical reactions: mechanisms, dynamics, kinetics","Chemical reactions: mechanisms, dynamics, kinetics and catalytic reactions"
6,31048363.31048364.31048534.31048584.31048587,31048587,Qualitative analysis,Qualitative analysis
6,31048363.31048364.31048534.31048584.31048588,31048588,Quantitative analysis,Quantitative analysis
6,31048363.31048364.31048534.31048584.31048589,31048589,Spectroscopic and spectrometric techniques,Spectroscopic and spectrometric techniques
6,31048363.31048364.31048534.31048584.31048590,31048590,Chemical instrumentation,Chemical instrumentation
6,31048363.31048364.31048534.31048584.31048591,31048591,Method development in chemistry,Method development in chemistry
6,31048363.31048364.31048534.31048584.31048592,31048592,Spectroscopy,Spectroscopy
7,31048363.31048364.31048534.31048584.31048592.31048593,31048593,"NMR, IR, NIR, RAMAN UV-VIS","NMR, IR, NIR, RAMAN UV-VIS"
6,31048363.31048364.31048534.31048584.31048594,31048594,Chromatography,Chromatography
7,31048363.31048364.31048534.31048584.31048594.31048595,31048595,"GC, HPLC, TLC, Electrophoresis","GC, HPLC, TLC, Electrophoresis"
6,31048363.31048364.31048534.31048584.31048596,31048596,Mass Spectrometry,Mass Spectrometry
7,31048363.31048364.31048534.31048584.31048596.31048597,31048597,Electron impact (EI),Electron impact (EI)
7,31048363.31048364.31048534.31048584.31048596.31048598,31048598,Electrospray,Electrospray
7,31048363.31048364.31048534.31048584.31048596.31048599,31048599,Maldi-TOF,Maldi-TOF
7,31048363.31048364.31048534.31048584.31048596.31048600,31048600,FAB,FAB
7,31048363.31048364.31048534.31048584.31048596.31048601,31048601,Chemical Ionization (CI),Chemical Ionization (CI)
6,31048363.31048364.31048534.31048584.31048602,31048602,Isotope Ratio Analysis,Isotope Ratio Analysis
6,31048363.31048364.31048534.31048584.31048603,31048603,Trace Analysis,Trace Analysis
6,31048363.31048364.31048534.31048584.31048604,31048604,Extraction methods,Extraction methods
6,31048363.31048364.31048534.31048584.31048605,31048605,Microscopy,Microscopy
6,31048363.31048364.31048534.31048584.31048606,31048606,Proteomics,Proteomics
6,31048363.31048364.31048534.31048584.31048608,31048608,Electrochemical Methods,Electrochemical Methods
6,31048363.31048364.31048534.31048584.31048609,31048609,Reference Methodology,Reference Methodology
6,31048363.31048364.31048534.31048584.31048610,31048610,Standardisation,Standardisation
6,31048363.31048364.31048534.31048584.31048611,31048611,Crystallography and X-ray diffraction,Crystallography and X-ray diffraction
6,31048363.31048364.31048534.31048584.31048612,31048612,Translational chemistry,Translational chemistry
6,31048363.31048364.31048534.31048584.31048620,31048620,Atmospheric chemistry,Atmospheric chemistry
5,31048363.31048364.31048534.31048613,31048613,Applied and industrial chemistry,Applied and industrial chemistry
6,31048363.31048364.31048534.31048613.31048548,31048548,Combinatorial chemistry,Combinatorial chemistry
6,31048363.31048364.31048534.31048613.31048571,31048571,Theoretical and computational chemistry,Theoretical and computational chemistry
6,31048363.31048364.31048534.31048613.31048579,31048579,Corrosion,Corrosion
6,31048363.31048364.31048534.31048613.31048614,31048614,Clinical chemistry,Clinical chemistry
6,31048363.31048364.31048534.31048613.31048616,31048616,Enzymes,Enzymes
6,31048363.31048364.31048534.31048613.31048617,31048617,Vitamins,Vitamins
6,31048363.31048364.31048534.31048613.31048618,31048618,Process Chemistry,Process Chemistry
6,31048363.31048364.31048534.31048613.31048619,31048619,Process Intensification,Process Intensification
6,31048363.31048364.31048534.31048613.31048620,31048620,Atmospheric chemistry,Atmospheric chemistry
6,31048363.31048364.31048534.31048613.31048621,31048621,Petrochemicals,Petrochemicals
6,31048363.31048364.31048534.31048613.31048622,31048622,Lubrication abd lubricants,Lubrication abd lubricants
6,31048363.31048364.31048534.31048613.31048623,31048623,"Electrochemistry, batteries and fuel cells","Electrochemistry, batteries and fuel cells"
6,31048363.31048364.31048534.31048613.31048624,31048624,Polymers and plastics,Polymers and plastics
6,31048363.31048364.31048534.31048613.31048625,31048625,Paint and coatings,Paint and coatings
6,31048363.31048364.31048534.31048613.31048626,31048626,Explosives,Explosives
6,31048363.31048364.31048534.31048613.31048627,31048627,Water,Water
6,31048363.31048364.31048534.31048613.31048628,31048628,Carbon-based polymers and activated carbons,Carbon-based polymers and activated carbons
6,31048363.31048364.31048534.31048613.31048629,31048629,"Cement, Ceramics and composites","Cement, Ceramics and composites"
6,31048363.31048364.31048534.31048613.31048630,31048630,Semiconductors and Nanotechnology,Semiconductors and Nanotechnology
6,31048363.31048364.31048534.31048613.31048631,31048631,Instrumentation and Instrumental techniques,Instrumentation and Instrumental techniques
6,31048363.31048364.31048534.31048613.31048632,31048632,Adhesion and Adhesives,Adhesion and Adhesives
6,31048363.31048364.31048534.31048613.31048633,31048633,Environmental chemistry,Environmental chemistry
6,31048363.31048364.31048534.31048613.31048634,31048634,Food chemistry,Food chemistry
6,31048363.31048364.31048534.31048613.31048635,31048635,Industrial chemistry,Industrial chemistry
6,31048363.31048364.31048534.31048613.31048636,31048636,Catalysis,Catalysis
7,31048363.31048364.31048534.31048613.31048636.31048637,31048637,Heterogeneous catalysis,Heterogeneous catalysis
7,31048363.31048364.31048534.31048613.31048636.31048638,31048638,Homogeneous catalysis,Homogeneous catalysis
6,31048363.31048364.31048534.31048613.31048640,31048640,Reaction mechanisms ands dynamics,Reaction mechanisms ands dynamics
7,31048363.31048364.31048534.31048613.31048640.31048565,31048565,Computational Chemistry,Computational Chemistry
7,31048363.31048364.31048534.31048613.31048640.31048566,31048566,Molecular Modelling,Molecular Modelling
6,31048363.31048364.31048534.31048613.31050357,31050357,Pharmaceutical chemistry,Pharmaceutical chemistry
4,31048363.31048364.31048641,31048641,Earth and related Environmental sciences,Earth and related Environmental sciences
5,31048363.31048364.31048641.31048642,31048642,"Geosciences, multidisciplinary","Geosciences, multidisciplinary"
6,31048363.31048364.31048641.31048642.31048418,31048418,Geo-information and spatial data analysis,Geo-information and spatial data analysis
6,31048363.31048364.31048641.31048642.31048643,31048643,"Paleoclimatology, paleoecology","Paleoclimatology, paleoecology"
6,31048363.31048364.31048641.31048642.31048644,31048644,"Ozone, upper atmosphere, ionosphere","Ozone, upper atmosphere, ionosphere"
6,31048363.31048364.31048641.31048642.31048645,31048645,"Biogeochemistry, biogeochemical cycles, environmen","Biogeochemistry, biogeochemical cycles, environmental chemistry"
6,31048363.31048364.31048641.31048642.31048646,31048646,"Mineralogy, petrology, igneous petrology, metamorp","Mineralogy, petrology, igneous petrology, metamorphic petrology"
6,31048363.31048364.31048641.31048642.31048647,31048647,Earth observations from space/remote sensing,Earth observations from space/remote sensing
6,31048363.31048364.31048641.31048642.31048648,31048648,Gender in geosciences,Gender in geosciences
6,31048363.31048364.31048641.31048642.31053832,31053832,Collective Awareness Platforms,Collective Awareness Platforms
5,31048363.31048364.31048641.31048649,31048649,Mineralogy,Mineralogy
6,31048363.31048364.31048641.31048649.31048649,31048649,Mineralogy,Mineralogy
6,31048363.31048364.31048641.31048649.31048650,31048650,Petrology,Petrology
6,31048363.31048364.31048641.31048649.31048651,31048651,Igneous petrology,Igneous petrology
6,31048363.31048364.31048641.31048649.31048652,31048652,Metamorphic petrology,Metamorphic petrology
5,31048363.31048364.31048641.31048653,31048653,Palaeontology,Palaeontology
6,31048363.31048364.31048641.31048653.31048653,31048653,Palaeontology,Palaeontology
6,31048363.31048364.31048641.31048653.31048654,31048654,Sedimentology,Sedimentology
6,31048363.31048364.31048641.31048653.31048655,31048655,"Sedimentology, soil science, palaeontology, earth","Sedimentology, soil science, palaeontology, earth evolution"
6,31048363.31048364.31048641.31048653.31048656,31048656,Soil science,Soil science
6,31048363.31048364.31048641.31048653.31048657,31048657,Earth evolution,Earth evolution
5,31048363.31048364.31048641.31048658,31048658,Geochemistry and geophysics,Geochemistry and geophysics
6,31048363.31048364.31048641.31048658.31048659,31048659,"Geochemistry, crystal chemistry, isotope geochemis","Geochemistry, crystal chemistry, isotope geochemistry, thermodynamics"
6,31048363.31048364.31048641.31048658.31048660,31048660,"Physics of earth's interior, seismology, volcanolo","Physics of earth's interior, seismology, volcanology"
6,31048363.31048364.31048641.31048658.31048661,31048661,Environment chemistry,Environment chemistry
5,31048363.31048364.31048641.31048662,31048662,Physical geography,Physical geography
6,31048363.31048364.31048641.31048662.31048662,31048662,Physical geography,Physical geography
6,31048363.31048364.31048641.31048662.31048663,31048663,"Geographical information systems, cartography","Geographical information systems, cartography"
5,31048363.31048364.31048641.31048664,31048664,Geology,Geology
6,31048363.31048364.31048641.31048664.31048665,31048665,"Geology, tectonics, volcanology","Geology, tectonics, volcanology"
6,31048363.31048364.31048641.31048664.31048666,31048666,"Geomagnetism, paleomagnetism","Geomagnetism, paleomagnetism"
6,31048363.31048364.31048641.31048664.31048667,31048667,"Cryosphere, dynamics of snow and ice cover, sea ic","Cryosphere, dynamics of snow and ice cover, sea ice, permafrosts and ice sheets"
5,31048363.31048364.31048641.31048668,31048668,Volcanology,Volcanology
6,31048363.31048364.31048641.31048668.31048665,31048665,"Geology, tectonics, volcanology","Geology, tectonics, volcanology"
5,31048363.31048364.31048641.31048669,31048669,Environmental sciences,Environmental sciences
6,31048363.31048364.31048641.31048669.31048643,31048643,"Paleoclimatology, paleoecology","Paleoclimatology, paleoecology"
6,31048363.31048364.31048641.31048669.31048670,31048670,"Terrestrial ecology, land cover change","Terrestrial ecology, land cover change"
6,31048363.31048364.31048641.31048669.31048671,31048671,Natural Resources Exploration and Exploitation,Natural Resources Exploration and Exploitation
6,31048363.31048364.31048641.31048669.31048672,31048672,Gender in environmental sciences,Gender in environmental sciences
5,31048363.31048364.31048641.31048673,31048673,Meteorology and atmospheric sciences,Meteorology and atmospheric sciences
6,31048363.31048364.31048641.31048673.31048644,31048644,"Ozone, upper atmosphere, ionosphere","Ozone, upper atmosphere, ionosphere"
6,31048363.31048364.31048641.31048673.31048674,31048674,"Atmospheric chemistry, atmospheric composition, ai","Atmospheric chemistry, atmospheric composition, air pollution"
6,31048363.31048364.31048641.31048673.31048675,31048675,"Meteorology, atmospheric physics and dynamics","Meteorology, atmospheric physics and dynamics"
5,31048363.31048364.31048641.31048676,31048676,Climatic research,Climatic research
6,31048363.31048364.31048641.31048676.31048643,31048643,"Paleoclimatology, paleoecology","Paleoclimatology, paleoecology"
6,31048363.31048364.31048641.31048676.31048677,31048677,Environmental biology,Environmental biology
6,31048363.31048364.31048641.31048676.31048678,31048678,Climatology and climate change,Climatology and climate change
6,31048363.31048364.31048641.31048676.31048679,31048679,Gender in climatic research,Gender in climatic research
5,31048363.31048364.31048641.31048680,31048680,Oceanography,Oceanography
6,31048363.31048364.31048641.31048680.31048681,31048681,"Oceanography (physical, chemical, biological, geol","Oceanography (physical, chemical, biological, geological)"
6,31048363.31048364.31048641.31048680.31048682,31048682,"Hydrology, water and soil pollution","Hydrology, water and soil pollution"
6,31048363.31048364.31048641.31048680.31048683,31048683,Ocean observing systems and operational forecastin,Ocean observing systems and operational forecasting
6,31048363.31048364.31048641.31048680.31048684,31048684,Biological oceanography,Biological oceanography
6,31048363.31048364.31048641.31048680.31048685,31048685,Chemical oceanography,Chemical oceanography
6,31048363.31048364.31048641.31048680.31048686,31048686,Geological oceanography,Geological oceanography
6,31048363.31048364.31048641.31048680.31048687,31048687,Physical oceanography,Physical oceanography
6,31048363.31048364.31048641.31048680.31048688,31048688,Gender in oceanography,Gender in oceanography
5,31048363.31048364.31048641.31048689,31048689,Hydrology,Hydrology
5,31048363.31048364.31048641.31048690,31048690,Water resources,Water resources
6,31048363.31048364.31048641.31048690.31048691,31048691,Aquaculture,Aquaculture
6,31048363.31048364.31048641.31048690.31048692,31048692,"Aquaculture, fisheries","Aquaculture, fisheries"
7,31048363.31048364.31048641.31048690.31048692.31048693,31048693,Health (Aquaculture),Health (Aquaculture)
7,31048363.31048364.31048641.31048690.31048692.31048694,31048694,Diseases (Aquaculture),Diseases (Aquaculture)
7,31048363.31048364.31048641.31048690.31048692.31048695,31048695,Animal welfare (Aquaculture),Animal welfare (Aquaculture)
7,31048363.31048364.31048641.31048690.31048692.31048696,31048696,Reproduction / Breeding (Aquaculture),Reproduction / Breeding (Aquaculture)
7,31048363.31048364.31048641.31048690.31048692.31048697,31048697,'Omics' in aquaculture,'Omics' in aquaculture
7,31048363.31048364.31048641.31048690.31048692.31048698,31048698,Genomes (Aquaculture),Genomes (Aquaculture)
7,31048363.31048364.31048641.31048690.31048692.31048699,31048699,Aquaculture husbandry,Aquaculture husbandry
7,31048363.31048364.31048641.31048690.31048692.31048700,31048700,Nutrition (Aquaculture),Nutrition (Aquaculture)
7,31048363.31048364.31048641.31048690.31048692.31048701,31048701,Life cycles of farmed aquatic species,Life cycles of farmed aquatic species
7,31048363.31048364.31048641.31048690.31048692.31048702,31048702,Adaptation potential of farmed aquatic species,Adaptation potential of farmed aquatic species
7,31048363.31048364.31048641.31048690.31048692.31048703,31048703,Aquaculture feed production,Aquaculture feed production
7,31048363.31048364.31048641.31048690.31048692.31048704,31048704,Aquaculture technology and equipment,Aquaculture technology and equipment
7,31048363.31048364.31048641.31048690.31048692.31048705,31048705,Aquaculture production systems,Aquaculture production systems
7,31048363.31048364.31048641.31048690.31048692.31048706,31048706,Aquaponics,Aquaponics
7,31048363.31048364.31048641.31048690.31048692.31048707,31048707,Ornamental aquatic species (Aquaculture),Ornamental aquatic species (Aquaculture)
6,31048363.31048364.31048641.31048690.31048708,31048708,"Environment, fisheries and aquaculture interaction","Environment, fisheries and aquaculture interactions"
7,31048363.31048364.31048641.31048690.31048708.31048709,31048709,Environmental impacts of fisheries,Environmental impacts of fisheries
7,31048363.31048364.31048641.31048690.31048708.31048710,31048710,Environmental impacts of aquaculture,Environmental impacts of aquaculture
7,31048363.31048364.31048641.31048690.31048708.31048711,31048711,Impacts of environment on aquaculture,Impacts of environment on aquaculture
7,31048363.31048364.31048641.31048690.31048708.31048712,31048712,Interactions between fisheries and aquaculture,Interactions between fisheries and aquaculture
7,31048363.31048364.31048641.31048690.31048708.31048713,31048713,Harmful algal blooms,Harmful algal blooms
7,31048363.31048364.31048641.31048690.31048708.31048714,31048714,Aquaculture waste management,Aquaculture waste management
7,31048363.31048364.31048641.31048690.31048708.31048715,31048715,Fisheries discards management,Fisheries discards management
7,31048363.31048364.31048641.31048690.31048708.31048716,31048716,Effects of climate change on fisheries,Effects of climate change on fisheries
7,31048363.31048364.31048641.31048690.31048708.31048717,31048717,Effects of climate change on aquaculture,Effects of climate change on aquaculture
6,31048363.31048364.31048641.31048690.31048718,31048718,Fisheries science,Fisheries science
7,31048363.31048364.31048641.31048690.31048718.31048719,31048719,Fisheries management and management tools,Fisheries management and management tools
7,31048363.31048364.31048641.31048690.31048718.31048720,31048720,Fisheries technology,Fisheries technology
7,31048363.31048364.31048641.31048690.31048718.31048721,31048721,Fleet management,Fleet management
7,31048363.31048364.31048641.31048690.31048718.31048722,31048722,Modelling and modelling tools (Fisheries science),Modelling and modelling tools (Fisheries science)
7,31048363.31048364.31048641.31048690.31048718.31048723,31048723,Monitoring and enforcement (Fisheries science),Monitoring and enforcement (Fisheries science)
7,31048363.31048364.31048641.31048690.31048718.31048724,31048724,Selectivity (Fisheries science),Selectivity (Fisheries science)
7,31048363.31048364.31048641.31048690.31048718.31048725,31048725,Stock assessment (Fisheries science),Stock assessment (Fisheries science)
7,31048363.31048364.31048641.31048690.31048718.31048726,31048726,Exploited fish populations biology / physiology /,Exploited fish populations biology / physiology / life cycles / behaviour
7,31048363.31048364.31048641.31048690.31048718.31048727,31048727,Exploited fish populations genetics,Exploited fish populations genetics
6,31048363.31048364.31048641.31048690.31048728,31048728,Seafood quality and safety,Seafood quality and safety
7,31048363.31048364.31048641.31048690.31048728.31048729,31048729,Seafood contaminants,Seafood contaminants
7,31048363.31048364.31048641.31048690.31048728.31048730,31048730,Seafood additives,Seafood additives
7,31048363.31048364.31048641.31048690.31048728.31048731,31048731,Traceability of seafood products,Traceability of seafood products
7,31048363.31048364.31048641.31048690.31048728.31048732,31048732,Certification of seafood products,Certification of seafood products
7,31048363.31048364.31048641.31048690.31048728.31048733,31048733,Seafood benefits for human health,Seafood benefits for human health
6,31048363.31048364.31048641.31048690.31048734,31048734,Seafood economy,Seafood economy
7,31048363.31048364.31048641.31048690.31048734.31048735,31048735,Aquaculture economics,Aquaculture economics
7,31048363.31048364.31048641.31048690.31048734.31048736,31048736,Aquaculture feeds economics,Aquaculture feeds economics
7,31048363.31048364.31048641.31048690.31048734.31048737,31048737,Fisheries economics,Fisheries economics
7,31048363.31048364.31048641.31048690.31048734.31048738,31048738,Aquaculture marketing,Aquaculture marketing
7,31048363.31048364.31048641.31048690.31048734.31048739,31048739,Seafood processing and marketing,Seafood processing and marketing
7,31048363.31048364.31048641.31048690.31048734.31048740,31048740,Socio-economics (Fishery and aquaculture),Socio-economics (Fishery and aquaculture)
7,31048363.31048364.31048641.31048690.31048734.31048741,31048741,Seafood markets,Seafood markets
7,31048363.31048364.31048641.31048690.31048734.31048742,31048742,Seafood trade,Seafood trade
6,31048363.31048364.31048641.31048690.31048743,31048743,Marine Biotechnology,Marine Biotechnology
7,31048363.31048364.31048641.31048690.31048743.31048744,31048744,Biodiscovery of marine organisms,Biodiscovery of marine organisms
7,31048363.31048364.31048641.31048690.31048743.31048745,31048745,'Omics' of marine organisms,'Omics' of marine organisms
7,31048363.31048364.31048641.31048690.31048743.31048746,31048746,Metagenomics of marine communities,Metagenomics of marine communities
7,31048363.31048364.31048641.31048690.31048743.31048747,31048747,Bio-engineering of marine organisms,Bio-engineering of marine organisms
7,31048363.31048364.31048641.31048690.31048743.31048748,31048748,Seafood biotechnology,Seafood biotechnology
7,31048363.31048364.31048641.31048690.31048743.31048749,31048749,Downstream applications of marine biotechnology,Downstream applications of marine biotechnology
7,31048363.31048364.31048641.31048690.31048743.31048750,31048750,Marine biofuels,Marine biofuels
7,31048363.31048364.31048641.31048690.31048743.31048751,31048751,Marine biorafineries,Marine biorafineries
6,31048363.31048364.31048641.31048690.31048752,31048752,Integrated coastal zone management,Integrated coastal zone management
7,31048363.31048364.31048641.31048690.31048752.31048753,31048753,Governance in fisheries,Governance in fisheries
7,31048363.31048364.31048641.31048690.31048752.31048754,31048754,Governance in aquaculture,Governance in aquaculture
7,31048363.31048364.31048641.31048690.31048752.31048755,31048755,Aquaculture policies,Aquaculture policies
7,31048363.31048364.31048641.31048690.31048752.31048756,31048756,Fisheries policies,Fisheries policies
6,31048363.31048364.31048641.31048690.31048757,31048757,Catchment scale water management,Catchment scale water management
7,31048363.31048364.31048641.31048690.31048757.31048758,31048758,Catchment scale planning,Catchment scale planning
7,31048363.31048364.31048641.31048690.31048757.31048759,31048759,Ecosystem services provided by catchment areas,Ecosystem services provided by catchment areas
6,31048363.31048364.31048641.31048690.31048760,31048760,Drinking water treatment,Drinking water treatment
6,31048363.31048364.31048641.31048690.31048761,31048761,Flood forecasting,Flood forecasting
6,31048363.31048364.31048641.31048690.31048762,31048762,Freshwater ecology,Freshwater ecology
6,31048363.31048364.31048641.31048690.31048763,31048763,Hydrology (Water science),Hydrology (Water science)
6,31048363.31048364.31048641.31048690.31048764,31048764,Integrated management of water,Integrated management of water
6,31048363.31048364.31048641.31048690.31048765,31048765,Urban water management,Urban water management
6,31048363.31048364.31048641.31048690.31048766,31048766,Wastewater treatment,Wastewater treatment
6,31048363.31048364.31048641.31048690.31048767,31048767,"Pollution (water, soil), waste disposal and treatm","Pollution (water, soil), waste disposal and treatment"
6,31048363.31048364.31048641.31048690.31048768,31048768,Water distribution,Water distribution
6,31048363.31048364.31048641.31048690.31048769,31048769,Water economics,Water economics
6,31048363.31048364.31048641.31048690.31048770,31048770,Water harvesting,Water harvesting
6,31048363.31048364.31048641.31048690.31048771,31048771,Water policy,Water policy
6,31048363.31048364.31048641.31048690.31048772,31048772,Water quality monitoring,Water quality monitoring
6,31048363.31048364.31048641.31048690.31048773,31048773,Water re-use,Water re-use
6,31048363.31048364.31048641.31048690.31048774,31048774,Water saving,Water saving
6,31048363.31048364.31048641.31048690.31048775,31048775,Water scarsity management,Water scarsity management
6,31048363.31048364.31048641.31048690.31048776,31048776,Water supply,Water supply
6,31048363.31048364.31048641.31048690.31048777,31048777,Water system modelling,Water system modelling
6,31048363.31048364.31048641.31048690.31048778,31048778,Water-climate interactions,Water-climate interactions
6,31048363.31048364.31048641.31048690.31048779,31048779,Wastewater management,Wastewater management
6,31048363.31048364.31048641.31048690.31048780,31048780,Water cycle,Water cycle
7,31048363.31048364.31048641.31048690.31048780.31048781,31048781,Water recycling and re-use,Water recycling and re-use
6,31048363.31048364.31048641.31048690.31048782,31048782,Water technology,Water technology
6,31048363.31048364.31048641.31048690.31048783,31048783,Water systems monitoring,Water systems monitoring
7,31048363.31048364.31048641.31048690.31048783.31048784,31048784,Human impacts and other stressors,Human impacts and other stressors
6,31048363.31048364.31048641.31048690.31048785,31048785,Water management,Water management
6,31048363.31048364.31048641.31048690.31048786,31048786,Gender in water resources,Gender in water resources
4,31048363.31048364.31048787,31048787,Biological sciences,Biological sciences
5,31048363.31048364.31048787.31048788,31048788,"Cell biology, Microbiology","Cell biology, Microbiology"
6,31048363.31048364.31048787.31048788.31048789,31048789,Microbiology,Microbiology
6,31048363.31048364.31048787.31048788.31048790,31048790,Bacteriology,Bacteriology
6,31048363.31048364.31048787.31048788.31048791,31048791,Molecular and cellular neuroscience,Molecular and cellular neuroscience
6,31048363.31048364.31048787.31048788.31048792,31048792,Morphology and functional imaging of cells,Morphology and functional imaging of cells
6,31048363.31048364.31048787.31048788.31048793,31048793,Stem cell biology,Stem cell biology
6,31048363.31048364.31048787.31048788.31048794,31048794,Cell biology and molecular transport mechanisms,Cell biology and molecular transport mechanisms
6,31048363.31048364.31048787.31048788.31048795,31048795,Cell cycle and division,Cell cycle and division
6,31048363.31048364.31048787.31048788.31048796,31048796,Apoptosis,Apoptosis
6,31048363.31048364.31048787.31048788.31048797,31048797,"Cell differentiation, physiology and dynamics","Cell differentiation, physiology and dynamics"
6,31048363.31048364.31048787.31048788.31048798,31048798,Organelle biology,Organelle biology
6,31048363.31048364.31048787.31048788.31048799,31048799,Cell signalling and cellular interactions,Cell signalling and cellular interactions
6,31048363.31048364.31048787.31048788.31048800,31048800,Signal transduction,Signal transduction
6,31048363.31048364.31048787.31048788.31048801,31048801,Microbial ecology and evolution,Microbial ecology and evolution
6,31048363.31048364.31048787.31048788.31048802,31048802,Histology,Histology
6,31048363.31048364.31048787.31048788.31048803,31048803,Tissue culture,Tissue culture
6,31048363.31048364.31048787.31048788.31048804,31048804,Algology,Algology
6,31048363.31048364.31048787.31048788.31048805,31048805,Medical microbiology,Medical microbiology
6,31048363.31048364.31048787.31048788.31048806,31048806,Parasitology,Parasitology
7,31048363.31048364.31048787.31048788.31048806.31048807,31048807,Animal parasitology,Animal parasitology
7,31048363.31048364.31048787.31048788.31048806.31048808,31048808,Human parasitology,Human parasitology
7,31048363.31048364.31048787.31048788.31048806.31048809,31048809,Plant parasitology,Plant parasitology
6,31048363.31048364.31048787.31048788.31048810,31048810,Prokaryotic biology,Prokaryotic biology
6,31048363.31048364.31048787.31048788.31048811,31048811,Symbiosis,Symbiosis
6,31048363.31048364.31048787.31048788.31048812,31048812,Protozoology,Protozoology
6,31048363.31048364.31048787.31048788.31048813,31048813,Serology,Serology
6,31048363.31048364.31048787.31048788.31048814,31048814,Toxicology,Toxicology
6,31048363.31048364.31048787.31048788.31048815,31048815,Gender in microbiology,Gender in microbiology
5,31048363.31048364.31048787.31048816,31048816,Virology,Virology
6,31048363.31048364.31048787.31048816.31048816,31048816,Virology,Virology
5,31048363.31048364.31048787.31048817,31048817,Biochemistry and molecular biology,Biochemistry and molecular biology
6,31048363.31048364.31048787.31048817.31048606,31048606,Proteomics,Proteomics
6,31048363.31048364.31048787.31048817.31048794,31048794,Cell biology and molecular transport mechanisms,Cell biology and molecular transport mechanisms
6,31048363.31048364.31048787.31048817.31048818,31048818,Biochemistry,Biochemistry
7,31048363.31048364.31048787.31048817.31048818.31048819,31048819,Cytochemistry,Cytochemistry
7,31048363.31048364.31048787.31048817.31048818.31048820,31048820,Enzymology,Enzymology
7,31048363.31048364.31048787.31048817.31048818.31048821,31048821,Histochemistry,Histochemistry
7,31048363.31048364.31048787.31048817.31048818.31048822,31048822,Metabolism,Metabolism
7,31048363.31048364.31048787.31048817.31048818.31048823,31048823,Plant biochemistry,Plant biochemistry
6,31048363.31048364.31048787.31048817.31048824,31048824,Molecular biology,Molecular biology
7,31048363.31048364.31048787.31048817.31048824.31048825,31048825,"Molecular design, de novo design","Molecular design, de novo design"
7,31048363.31048364.31048787.31048817.31048824.31048826,31048826,Molecular evolution,Molecular evolution
7,31048363.31048364.31048787.31048817.31048824.31048827,31048827,Molecular markers and recognition,Molecular markers and recognition
7,31048363.31048364.31048787.31048817.31048824.31048828,31048828,Monoclonal antibodies,Monoclonal antibodies
6,31048363.31048364.31048787.31048817.31048829,31048829,Transcriptomics,Transcriptomics
6,31048363.31048364.31048787.31048817.31048830,31048830,Metabolomics,Metabolomics
6,31048363.31048364.31048787.31048817.31048831,31048831,Glycomics,Glycomics
6,31048363.31048364.31048787.31048817.31048832,31048832,Neurochemistry and neuropharmacology,Neurochemistry and neuropharmacology
6,31048363.31048364.31048787.31048817.31048833,31048833,Molecular biology and interactions,Molecular biology and interactions
6,31048363.31048364.31048787.31048817.31048834,31048834,General biochemistry and metabolism,General biochemistry and metabolism
6,31048363.31048364.31048787.31048817.31048835,31048835,"Lipid synthesis, modification and turnover","Lipid synthesis, modification and turnover"
6,31048363.31048364.31048787.31048817.31048836,31048836,"Carbohydrate synthesis, modification and turnover","Carbohydrate synthesis, modification and turnover"
6,31048363.31048364.31048787.31048817.31048837,31048837,Structural biology (crystallography and EM),Structural biology (crystallography and EM)
6,31048363.31048364.31048787.31048817.31048838,31048838,Structural biology (NMR),Structural biology (NMR)
6,31048363.31048364.31048787.31048817.31048839,31048839,Biochemistry and molecular mechanisms of signal tr,Biochemistry and molecular mechanisms of signal transduction
6,31048363.31048364.31048787.31048817.31048840,31048840,Biological chemistry,Biological chemistry
6,31048363.31048364.31048787.31048817.31048841,31048841,Physical chemistry of biological systems,Physical chemistry of biological systems
6,31048363.31048364.31048787.31048817.31048842,31048842,"DNA synthesis, modification, repair, recombination","DNA synthesis, modification, repair, recombination and degradation"
6,31048363.31048364.31048787.31048817.31048843,31048843,"RNA synthesis, processing, modification and degrad","RNA synthesis, processing, modification and degradation"
6,31048363.31048364.31048787.31048817.31048844,31048844,"Protein synthesis, modification and turnover","Protein synthesis, modification and turnover"
6,31048363.31048364.31048787.31048817.31048845,31048845,Gender in biochemistry and molecular biology,Gender in biochemistry and molecular biology
5,31048363.31048364.31048787.31048846,31048846,Biochemical research methods,Biochemical research methods
6,31048363.31048364.31048787.31048846.31048847,31048847,"Environmental biotechnology, bioremediation, biode","Environmental biotechnology, bioremediation, biodegradation"
5,31048363.31048364.31048787.31048848,31048848,Mycology,Mycology
5,31048363.31048364.31048787.31048849,31048849,Biophysics,Biophysics
6,31048363.31048364.31048787.31048849.31048417,31048417,"Bioinformatics, biocomputing, and DNA and molecula","Bioinformatics, biocomputing, and DNA and molecular computation"
6,31048363.31048364.31048787.31048849.31048841,31048841,Physical chemistry of biological systems,Physical chemistry of biological systems
6,31048363.31048364.31048787.31048849.31048850,31048850,Functional biology,Functional biology
6,31048363.31048364.31048787.31048849.31048851,31048851,Biomechanics,Biomechanics
6,31048363.31048364.31048787.31048849.31048852,31048852,Molecular biophysics,Molecular biophysics
6,31048363.31048364.31048787.31048849.31048853,31048853,Physiological biophysics,Physiological biophysics
6,31048363.31048364.31048787.31048849.31048854,31048854,Computational biology,Computational biology
6,31048363.31048364.31048787.31048849.31048855,31048855,Computational modelling,Computational modelling
6,31048363.31048364.31048787.31048849.31048856,31048856,Mathematical modelling,Mathematical modelling
6,31048363.31048364.31048787.31048849.31048857,31048857,Physiological modelling,Physiological modelling
6,31048363.31048364.31048787.31048849.31048858,31048858,Biomodelling,Biomodelling
6,31048363.31048364.31048787.31048849.31048859,31048859,Systems biology,Systems biology
6,31048363.31048364.31048787.31048849.31048860,31048860,Physics of biological systems,Physics of biological systems
6,31048363.31048364.31048787.31048849.31048861,31048861,"Biophysics (e.g. transport mechanisms, bioenergeti","Biophysics (e.g. transport mechanisms, bioenergetics, fluorescence)"
6,31048363.31048364.31048787.31048849.31048862,31048862,Gender in biophysics,Gender in biophysics
6,31048363.31048364.31048787.31048849.31053870,31053870,Photonics,Photonics
7,31048363.31048364.31048787.31048849.31053870.31053840,31053840,"Imaging, image and data processing","Imaging, image and data processing"
7,31048363.31048364.31048787.31048849.31053870.31053871,31053871,Biophotonics,Biophotonics
5,31048363.31048364.31048787.31048863,31048863,Genetics and heredity,Genetics and heredity
6,31048363.31048364.31048787.31048863.31048864,31048864,Clinical genetics,Clinical genetics
6,31048363.31048364.31048787.31048863.31048865,31048865,Cytogenetics,Cytogenetics
6,31048363.31048364.31048787.31048863.31048866,31048866,Ecological genetics,Ecological genetics
6,31048363.31048364.31048787.31048863.31048867,31048867,Environmental genomics,Environmental genomics
6,31048363.31048364.31048787.31048863.31048868,31048868,Gene therapy,Gene therapy
6,31048363.31048364.31048787.31048863.31048869,31048869,Genetic drift,Genetic drift
6,31048363.31048364.31048787.31048863.31048870,31048870,Genetic erosion,Genetic erosion
6,31048363.31048364.31048787.31048863.31048871,31048871,Genomics,Genomics
6,31048363.31048364.31048787.31048863.31048872,31048872,Medical genetics,Medical genetics
6,31048363.31048364.31048787.31048863.31048873,31048873,Molecular genetics,Molecular genetics
6,31048363.31048364.31048787.31048863.31048874,31048874,Plant genetics,Plant genetics
6,31048363.31048364.31048787.31048863.31048875,31048875,Population genetics,Population genetics
6,31048363.31048364.31048787.31048863.31048876,31048876,Genetic mapping,Genetic mapping
6,31048363.31048364.31048787.31048863.31048877,31048877,Genetic selection,Genetic selection
6,31048363.31048364.31048787.31048863.31048878,31048878,"Genomics, comparative genomics, functional genomic","Genomics, comparative genomics, functional genomics"
6,31048363.31048364.31048787.31048863.31048879,31048879,"Molecular genetics, reverse genetics and RNAi","Molecular genetics, reverse genetics and RNAi"
6,31048363.31048364.31048787.31048863.31048880,31048880,Quantitative genetics,Quantitative genetics
6,31048363.31048364.31048787.31048863.31048881,31048881,Epigenetics and gene regulation,Epigenetics and gene regulation
6,31048363.31048364.31048787.31048863.31048882,31048882,Genetic epidemiology,Genetic epidemiology
6,31048363.31048364.31048787.31048863.31048883,31048883,Gender in genetics and heredity,Gender in genetics and heredity
6,31048363.31048364.31048787.31048863.31053872,31053872,Cell genetics,Cell genetics
5,31048363.31048364.31048787.31048884,31048884,Reproductive biology,Reproductive biology
6,31048363.31048364.31048787.31048884.31048885,31048885,Animal reproduction,Animal reproduction
6,31048363.31048364.31048787.31048884.31048886,31048886,Gender in reproductive biology,Gender in reproductive biology
5,31048363.31048364.31048787.31048887,31048887,Developmental biology,Developmental biology
6,31048363.31048364.31048787.31048887.31048885,31048885,Animal reproduction,Animal reproduction
6,31048363.31048364.31048787.31048887.31048888,31048888,"Animal-related development, development genetics, ","Animal-related development, development genetics, pattern formation and embryology"
6,31048363.31048364.31048787.31048887.31048889,31048889,Human reproduction,Human reproduction
6,31048363.31048364.31048787.31048887.31048890,31048890,Human fertility,Human fertility
6,31048363.31048364.31048787.31048887.31048891,31048891,Animal embryology,Animal embryology
6,31048363.31048364.31048787.31048887.31048892,31048892,Animal growth,Animal growth
6,31048363.31048364.31048787.31048887.31048893,31048893,Animal ontogeny,Animal ontogeny
6,31048363.31048364.31048787.31048887.31048894,31048894,Developmental neurobiology,Developmental neurobiology
6,31048363.31048364.31048787.31048887.31048895,31048895,Human embryology,Human embryology
6,31048363.31048364.31048787.31048887.31048896,31048896,Human ontogeny,Human ontogeny
6,31048363.31048364.31048787.31048887.31048897,31048897,Gender in developmental biology,Gender in developmental biology
5,31048363.31048364.31048787.31048898,31048898,"Plant sciences, botany","Plant sciences, botany"
6,31048363.31048364.31048787.31048898.31048899,31048899,Gardening,Gardening
7,31048363.31048364.31048787.31048898.31048899.31048900,31048900,Amenity trees,Amenity trees
7,31048363.31048364.31048787.31048898.31048899.31048901,31048901,Ornamental trees,Ornamental trees
6,31048363.31048364.31048787.31048898.31048902,31048902,Noxious plants,Noxious plants
6,31048363.31048364.31048787.31048898.31048903,31048903,Palaeobotany,Palaeobotany
6,31048363.31048364.31048787.31048898.31048904,31048904,Palynology,Palynology
6,31048363.31048364.31048787.31048898.31048905,31048905,Phytogeography,Phytogeography
6,31048363.31048364.31048787.31048898.31048906,31048906,Phytopathology,Phytopathology
7,31048363.31048364.31048787.31048898.31048906.31048907,31048907,Arthropod pathogens of plants,Arthropod pathogens of plants
7,31048363.31048364.31048787.31048898.31048906.31048908,31048908,Bacterial diseases of plants,Bacterial diseases of plants
7,31048363.31048364.31048787.31048898.31048906.31048909,31048909,Bacterial pathogens of plants,Bacterial pathogens of plants
7,31048363.31048364.31048787.31048898.31048906.31048910,31048910,Fungal diseases of plants,Fungal diseases of plants
7,31048363.31048364.31048787.31048898.31048906.31048911,31048911,Fungal pathogens of plants,Fungal pathogens of plants
7,31048363.31048364.31048787.31048898.31048906.31048912,31048912,Helminth pathogens of plants,Helminth pathogens of plants
7,31048363.31048364.31048787.31048898.31048906.31048913,31048913,Mollusc pathogens of plants,Mollusc pathogens of plants
7,31048363.31048364.31048787.31048898.31048906.31048914,31048914,Plant pests,Plant pests
7,31048363.31048364.31048787.31048898.31048906.31048915,31048915,Protozoan pathogens of plants,Protozoan pathogens of plants
7,31048363.31048364.31048787.31048898.31048906.31048916,31048916,Viral diseases of plants,Viral diseases of plants
7,31048363.31048364.31048787.31048898.31048906.31048917,31048917,Viral pathogens of plants,Viral pathogens of plants
6,31048363.31048364.31048787.31048898.31048918,31048918,Plant physiology,Plant physiology
7,31048363.31048364.31048787.31048898.31048918.31048919,31048919,Photosynthesis,Photosynthesis
7,31048363.31048364.31048787.31048898.31048918.31048920,31048920,Plant development,Plant development
7,31048363.31048364.31048787.31048898.31048918.31048921,31048921,Plant growth,Plant growth
7,31048363.31048364.31048787.31048898.31048918.31048922,31048922,Plant nutrition,Plant nutrition
7,31048363.31048364.31048787.31048898.31048918.31048923,31048923,Plant water relations,Plant water relations
7,31048363.31048364.31048787.31048898.31048918.31048924,31048924,Secondary metabolites (Plant physiology),Secondary metabolites (Plant physiology)
7,31048363.31048364.31048787.31048898.31048918.31048925,31048925,Plant neurophysiology,Plant neurophysiology
6,31048363.31048364.31048787.31048898.31048926,31048926,Plant propagation,Plant propagation
6,31048363.31048364.31048787.31048898.31048927,31048927,Plant toxicology,Plant toxicology
6,31048363.31048364.31048787.31048898.31048928,31048928,Systematic botany,Systematic botany
6,31048363.31048364.31048787.31048898.31048929,31048929,Plant biology,Plant biology
6,31048363.31048364.31048787.31048898.31059145,31059145,"Plant-related development, development genetics, p","Development, developmental genetics, pattern formation and embryology in plants"
5,31048363.31048364.31048787.31048930,31048930,"Zoology, Ornithology, Entomology, Behavioural scie","Zoology, Ornithology, Entomology, Behavioural sciences biology"
6,31048363.31048364.31048787.31048930.31048931,31048931,Animal behaviour,Animal behaviour
6,31048363.31048364.31048787.31048930.31048932,31048932,Biomimetics,Biomimetics
6,31048363.31048364.31048787.31048930.31048933,31048933,Zoology,Zoology
6,31048363.31048364.31048787.31048930.31048934,31048934,Animal anatomy,Animal anatomy
6,31048363.31048364.31048787.31048930.31048935,31048935,Animal biology,Animal biology
6,31048363.31048364.31048787.31048930.31048936,31048936,Animal endocrinology,Animal endocrinology
6,31048363.31048364.31048787.31048930.31048937,31048937,Animal ethology,Animal ethology
7,31048363.31048364.31048787.31048930.31048937.31048938,31048938,Animal psychology,Animal psychology
6,31048363.31048364.31048787.31048930.31048939,31048939,Animal morphology,Animal morphology
6,31048363.31048364.31048787.31048930.31048940,31048940,Animal physiology,Animal physiology
6,31048363.31048364.31048787.31048930.31048941,31048941,Applied zoology,Applied zoology
6,31048363.31048364.31048787.31048930.31048942,31048942,Entomology,Entomology
6,31048363.31048364.31048787.31048930.31048943,31048943,Other invertebrate culture,Other invertebrate culture
6,31048363.31048364.31048787.31048930.31048944,31048944,Palaeozoology,Palaeozoology
6,31048363.31048364.31048787.31048930.31048945,31048945,Systematic zoology,Systematic zoology
6,31048363.31048364.31048787.31048930.31048946,31048946,Zoogeography,Zoogeography
6,31048363.31048364.31048787.31048930.31048947,31048947,Behavioural biology,Behavioural biology
5,31048363.31048364.31048787.31048948,31048948,Marine biology,Marine biology
6,31048363.31048364.31048787.31048948.31048949,31048949,Environmental and marine biology,Environmental and marine biology
6,31048363.31048364.31048787.31048948.31048950,31048950,"Aquatic biology, Hydrobiology","Aquatic biology, Hydrobiology"
7,31048363.31048364.31048787.31048948.31048950.31048780,31048780,Water cycle,Water cycle
7,31048363.31048364.31048787.31048948.31048950.31048951,31048951,River hydrology,River hydrology
6,31048363.31048364.31048787.31048948.31048952,31048952,Marine biodiversity,Marine biodiversity
7,31048363.31048364.31048787.31048948.31048952.31048953,31048953,Marine biodiversity inventory: systematics phyloge,Marine biodiversity inventory: systematics phylogeny taxonomy
7,31048363.31048364.31048787.31048948.31048952.31048954,31048954,Marine biodiversity indicators,Marine biodiversity indicators
7,31048363.31048364.31048787.31048948.31048952.31048955,31048955,Marine biodiversity monitoring,Marine biodiversity monitoring
7,31048363.31048364.31048787.31048948.31048952.31048956,31048956,Marine biodiversity conservation,Marine biodiversity conservation
6,31048363.31048364.31048787.31048948.31048957,31048957,Marine ecosystems and processes,Marine ecosystems and processes
7,31048363.31048364.31048787.31048948.31048957.31048958,31048958,Benthic ecosystems,Benthic ecosystems
7,31048363.31048364.31048787.31048948.31048957.31048959,31048959,Coastal ecosystems,Coastal ecosystems
7,31048363.31048364.31048787.31048948.31048957.31048960,31048960,Deep-sea ecosystems,Deep-sea ecosystems
7,31048363.31048364.31048787.31048948.31048957.31048961,31048961,Pelagic ecosystems,Pelagic ecosystems
7,31048363.31048364.31048787.31048948.31048957.31048962,31048962,High sea ecosystems,High sea ecosystems
7,31048363.31048364.31048787.31048948.31048957.31048963,31048963,Marine ecosystem management,Marine ecosystem management
5,31048363.31048364.31048787.31048964,31048964,Freshwater biology,Freshwater biology
6,31048363.31048364.31048787.31048964.31048965,31048965,Fresh water biology,Fresh water biology
6,31048363.31048364.31048787.31048964.31048966,31048966,Fresh water ecology,Fresh water ecology
6,31048363.31048364.31048787.31048964.31048967,31048967,Fresh water biodiversity,Fresh water biodiversity
6,31048363.31048364.31048787.31048964.31048968,31048968,Fresh water ecosystems,Fresh water ecosystems
6,31048363.31048364.31048787.31048964.31048969,31048969,Brakish water ecosystems,Brakish water ecosystems
5,31048363.31048364.31048787.31048970,31048970,Limnology,Limnology
5,31048363.31048364.31048787.31048971,31048971,Ecology,Ecology
6,31048363.31048364.31048787.31048971.31048972,31048972,"Ecology (theoretical and experimental; population,","Ecology (theoretical and experimental; population, species and community level)"
6,31048363.31048364.31048787.31048971.31048973,31048973,Environmental toxicology at the population and eco,Environmental toxicology at the population and ecosystems level
6,31048363.31048364.31048787.31048971.31048974,31048974,Waste management,Waste management
7,31048363.31048364.31048787.31048971.31048974.31048975,31048975,Agricultural waste,Agricultural waste
7,31048363.31048364.31048787.31048971.31048974.31048976,31048976,Animal waste,Animal waste
7,31048363.31048364.31048787.31048971.31048974.31048977,31048977,Food waste,Food waste
7,31048363.31048364.31048787.31048971.31048974.31048978,31048978,Human waste,Human waste
7,31048363.31048364.31048787.31048971.31048974.31048979,31048979,Industrial waste,Industrial waste
7,31048363.31048364.31048787.31048971.31048974.31048980,31048980,Plant waste,Plant waste
7,31048363.31048364.31048787.31048971.31048974.31048981,31048981,Urban waste,Urban waste
7,31048363.31048364.31048787.31048971.31048974.31048982,31048982,Waste biotreatment,Waste biotreatment
7,31048363.31048364.31048787.31048971.31048974.31048983,31048983,Waste recycling,Waste recycling
7,31048363.31048364.31048787.31048971.31048974.31048984,31048984,Waste storage,Waste storage
7,31048363.31048364.31048787.31048971.31048974.31048985,31048985,Waste water treatment,Waste water treatment
7,31048363.31048364.31048787.31048971.31048974.31048986,31048986,Waste water recycling,Waste water recycling
6,31048363.31048364.31048787.31048971.31048987,31048987,Human Ecology,Human Ecology
7,31048363.31048364.31048787.31048971.31048987.31048988,31048988,Socio-ecological systems,Socio-ecological systems
6,31048363.31048364.31048787.31048971.31048989,31048989,Gender in ecology,Gender in ecology
5,31048363.31048364.31048787.31048990,31048990,Biodiversity conservation,Biodiversity conservation
6,31048363.31048364.31048787.31048990.31048991,31048991,Biodiversity characterisation,Biodiversity characterisation
7,31048363.31048364.31048787.31048990.31048991.31048992,31048992,Biodiversity indicators,Biodiversity indicators
7,31048363.31048364.31048787.31048990.31048991.31048993,31048993,Biodiversity inventory: systematics phylogeny taxo,Biodiversity inventory: systematics phylogeny taxonomy
7,31048363.31048364.31048787.31048990.31048991.31048994,31048994,Biodiversity status and trends,Biodiversity status and trends
7,31048363.31048364.31048787.31048990.31048991.31048995,31048995,Biogeography,Biogeography
7,31048363.31048364.31048787.31048990.31048991.31048996,31048996,Causes and mechanisms of loss,Causes and mechanisms of loss
7,31048363.31048364.31048787.31048990.31048991.31048997,31048997,Extinction,Extinction
6,31048363.31048364.31048787.31048990.31048998,31048998,Biodiversity monitoring,Biodiversity monitoring
7,31048363.31048364.31048787.31048990.31048998.31048999,31048999,Long-term monitoring,Long-term monitoring
6,31048363.31048364.31048787.31048990.31049000,31049000,Conflict resolution,Conflict resolution
7,31048363.31048364.31048787.31048990.31049000.31049001,31049001,Large carnivores (FN/I3),Large carnivores (FN/I3)
6,31048363.31048364.31048787.31048990.31049002,31049002,Ecosystem management,Ecosystem management
6,31048363.31048364.31048787.31048990.31049003,31049003,Habitat and species restoration and rehabilitation,Habitat and species restoration and rehabilitation
6,31048363.31048364.31048787.31048990.31049004,31049004,Nature conservation,Nature conservation
6,31048363.31048364.31048787.31048990.31049005,31049005,"Population biology, population dynamics, populatio","Population biology, population dynamics, population genetics"
6,31048363.31048364.31048787.31048990.31049006,31049006,Population dynamics,Population dynamics
6,31048363.31048364.31048787.31048990.31049007,31049007,"Biodiversity, conservation biology, conservation g","Biodiversity, conservation biology, conservation genetics, invasion biology"
6,31048363.31048364.31048787.31048990.31049008,31049008,"Conservation biology, ecology, genetics","Conservation biology, ecology, genetics"
6,31048363.31048364.31048787.31048990.31049009,31049009,"Biogeography, macro-ecology","Biogeography, macro-ecology"
6,31048363.31048364.31048787.31048990.31049010,31049010,"Biodiversity, comparative biology","Biodiversity, comparative biology"
6,31048363.31048364.31048787.31048990.31049011,31049011,"Species interactions (e.g. food-webs, symbiosis, p","Species interactions (e.g. food-webs, symbiosis, parasitism, mutualism)"
6,31048363.31048364.31048787.31048990.31049012,31049012,Gender in biodiversity conservation,Gender in biodiversity conservation
5,31048363.31048364.31048787.31049013,31049013,"Biology (theoretical, mathematical, thermal, cryob","Biology (theoretical, mathematical, thermal, cryobiology, biological rhythm), Evolutionary biology"
6,31048363.31048364.31048787.31049013.31048854,31048854,Computational biology,Computational biology
6,31048363.31048364.31048787.31049013.31049014,31049014,Evolutionary biology,Evolutionary biology
7,31048363.31048364.31048787.31049013.31049014.31049015,31049015,Phylogeny,Phylogeny
6,31048363.31048364.31048787.31049013.31049016,31049016,Biostatistics,Biostatistics
6,31048363.31048364.31048787.31049013.31049017,31049017,"Biological systems analysis, modelling and simulat","Biological systems analysis, modelling and simulation"
6,31048363.31048364.31048787.31049013.31049018,31049018,"Systems evolution, biological adaptation, phylogen","Systems evolution, biological adaptation, phylogenetics, systematics, comparative biology"
6,31048363.31048364.31048787.31049013.31049019,31049019,Evolutionary biology: evolutionary ecology and gen,"Evolutionary biology: evolutionary ecology and genetics, co-evolution"
6,31048363.31048364.31048787.31049013.31049020,31049020,Gender in biology,Gender in biology
6,31048363.31048364.31048787.31049013.31053873,31053873,Bioinformatics,Bioinformatics
5,31048363.31048364.31048787.31049021,31049021,Other biological topics,Other biological topics
6,31048363.31048364.31048787.31049021.31048859,31048859,Systems biology,Systems biology
6,31048363.31048364.31048787.31049021.31048932,31048932,Biomimetics,Biomimetics
6,31048363.31048364.31048787.31049021.31049022,31049022,"Biohazards, biological containment, biosafety, bio","Biohazards, biological containment, biosafety, biosecurity"
6,31048363.31048364.31048787.31049021.31049023,31049023,Applied biology,Applied biology
6,31048363.31048364.31048787.31049021.31049024,31049024,Human biology,Human biology
7,31048363.31048364.31048787.31049021.31049024.31049025,31049025,Biology of ageing,Biology of ageing
6,31048363.31048364.31048787.31049021.31049026,31049026,Bioenergetics,Bioenergetics
6,31048363.31048364.31048787.31049021.31049027,31049027,Population biology,Population biology
6,31048363.31048364.31048787.31049021.31049028,31049028,Biological engineering,Biological engineering
7,31048363.31048364.31048787.31049021.31049028.31049029,31049029,Genetic engineering,Genetic engineering
7,31048363.31048364.31048787.31049021.31049028.31049030,31049030,Genetically modified organisms,Genetically modified organisms
7,31048363.31048364.31048787.31049021.31049028.31049031,31049031,"Applied genetic engineering, transgenic organisms,","Applied genetic engineering, transgenic organisms, recombinant proteins, biosensors"
6,31048363.31048364.31048787.31049021.31049032,31049032,Radiobiology,Radiobiology
6,31048363.31048364.31048787.31049021.31049033,31049033,Structural biology,Structural biology
6,31048363.31048364.31048787.31049021.31049034,31049034,Taxonomy,Taxonomy
6,31048363.31048364.31048787.31049021.31049035,31049035,Network biology,Network biology
4,31048363.31048364.31049036,31049036,Other natural sciences,Other natural sciences
5,31048363.31048364.31049036.31049037,31049037,Knowledge infrastructure,Knowledge infrastructure
6,31048363.31048364.31049036.31049037.31049038,31049038,Knowledge transfer,Knowledge transfer
6,31048363.31048364.31049036.31049037.31049039,31049039,Knowledge translation,Knowledge translation
5,31048363.31048364.31049036.31049040,31049040,Ethics in natural sciences,Ethics in natural sciences
6,31048363.31048364.31049036.31049040.31049041,31049041,Research integrity and research misconduct,Research integrity and research misconduct
6,31048363.31048364.31049036.31049040.31053874,31053874,Internet Ethics,Internet Ethics
5,31048363.31048364.31049036.31049042,31049042,Gender in natural sciences,Gender in natural sciences
3,31048363.31049043,31049043,ENGINEERING AND TECHNOLOGY,ENGINEERING AND TECHNOLOGY
4,31048363.31049043.31049044,31049044,Civil engineering,Civil engineering
5,31048363.31049043.31049044.31049044,31049044,Civil engineering,Civil engineering
6,31048363.31049043.31049044.31049044.31049045,31049045,"Civil engineering, maritime/hydraulic engineering,","Civil engineering, maritime/hydraulic engineering, geotechnics, waste treatment"
6,31048363.31049043.31049044.31049044.31049046,31049046,"Industrial design (product design, ergonomics, man","Industrial design (product design, ergonomics, man-machine interfaces, etc.)"
6,31048363.31049043.31049044.31049044.31049047,31049047,Road infrastructure,Road infrastructure
7,31048363.31049043.31049044.31049044.31049047.31049048,31049048,Road projects,Road projects
6,31048363.31049043.31049044.31049044.31049049,31049049,Rail infrastructure,Rail infrastructure
7,31048363.31049043.31049044.31049044.31049049.31049050,31049050,Rail projects,Rail projects
6,31048363.31049043.31049044.31049044.31049051,31049051,Port,Port
7,31048363.31049043.31049044.31049044.31049051.31049052,31049052,Port and infrastructure,Port and infrastructure
7,31048363.31049043.31049044.31049044.31049051.31049053,31049053,Port and construction,Port and construction
6,31048363.31049043.31049044.31049044.31049054,31049054,Intermodal station,Intermodal station
6,31048363.31049043.31049044.31049044.31049055,31049055,Urban distribution center,Urban distribution center
6,31048363.31049043.31049044.31049044.31049056,31049056,Waterworks and coastal engineering,Waterworks and coastal engineering
6,31048363.31049043.31049044.31049044.31049057,31049057,Airport infrastructure,Airport infrastructure
6,31048363.31049043.31049044.31049044.31049058,31049058,"Architecture, smart buildings, smart cities, urban","Architecture, smart buildings, smart cities, urban engineering"
6,31048363.31049043.31049044.31049044.31049059,31049059,Inland Waterways (IWW),Inland Waterways (IWW)
7,31048363.31049043.31049044.31049044.31049059.31049060,31049060,River infrastructure,River infrastructure
5,31048363.31049043.31049044.31049061,31049061,Architecture engineering,Architecture engineering
6,31048363.31049043.31049044.31049061.31049062,31049062,Architectural engineering,Architectural engineering
6,31048363.31049043.31049044.31049061.31053863,31053863,Organic and large area electronics,Organic and large area electronics
7,31048363.31049043.31049044.31049061.31053863.31049258,31049258,Lighting,Lighting
7,31048363.31049043.31049044.31049061.31053863.31053875,31053875,"Vision, colour, visual optics","Vision, colour, visual optics"
6,31048363.31049043.31049044.31049061.31053870,31053870,Photonics,Photonics
7,31048363.31049043.31049044.31049061.31053870.31049258,31049258,Lighting,Lighting
7,31048363.31049043.31049044.31049061.31053870.31053875,31053875,"Vision, colour, visual optics","Vision, colour, visual optics"
5,31048363.31049043.31049044.31049063,31049063,"Construction engineering, Municipal and structural","Construction engineering, Municipal and structural engineering"
6,31048363.31049043.31049044.31049063.31048421,31048421,"Networks (communication networks, sensor networks,","Networks (communication networks, sensor networks, networks of robots, etc.)"
6,31048363.31049043.31049044.31049063.31049064,31049064,"Transport engineering, intelligent transport syste","Transport engineering, intelligent transport systems"
6,31048363.31049043.31049044.31049063.31049065,31049065,"Lightweight construction, textile technology","Lightweight construction, textile technology"
6,31048363.31049043.31049044.31049063.31053863,31053863,Organic and large area electronics,Organic and large area electronics
7,31048363.31049043.31049044.31049063.31053863.31049258,31049258,Lighting,Lighting
6,31048363.31049043.31049044.31049063.31053870,31053870,Photonics,Photonics
7,31048363.31049043.31049044.31049063.31053870.31049258,31049258,Lighting,Lighting
5,31048363.31049043.31049044.31049066,31049066,Transport engineering,Transport engineering
6,31048363.31049043.31049044.31049066.31048421,31048421,"Networks (communication networks, sensor networks,","Networks (communication networks, sensor networks, networks of robots, etc.)"
6,31048363.31049043.31049044.31049066.31049067,31049067,"Communication technology, high-frequency technolog","Communication technology, high-frequency technology"
6,31048363.31049043.31049044.31049066.31049072,31049072,Rail Transport,Rail Transport
7,31048363.31049043.31049044.31049066.31049072.31049049,31049049,Rail infrastructure,Rail infrastructure
7,31048363.31049043.31049044.31049066.31049072.31049074,31049074,Rail Operations,Rail Operations
7,31048363.31049043.31049044.31049066.31049072.31049075,31049075,Rail Services,Rail Services
6,31048363.31049043.31049044.31049066.31049076,31049076,Waterborne transport,Waterborne transport
7,31048363.31049043.31049044.31049066.31049076.31049077,31049077,Shipbuilding and marine equipment manufacturing,Shipbuilding and marine equipment manufacturing
7,31048363.31049043.31049044.31049066.31049076.31049078,31049078,Cargo handling,Cargo handling
7,31048363.31049043.31049044.31049066.31049076.31049079,31049079,Navigation and communication,Navigation and communication
7,31048363.31049043.31049044.31049066.31049076.31049080,31049080,Traffic management and surveillance,Traffic management and surveillance
6,31048363.31049043.31049044.31049066.31049081,31049081,Maritime services,Maritime services
7,31048363.31049043.31049044.31049066.31049081.31049082,31049082,Ship repair and conversion,Ship repair and conversion
7,31048363.31049043.31049044.31049066.31049081.31049083,31049083,Ocean towage and salvage,Ocean towage and salvage
7,31048363.31049043.31049044.31049066.31049081.31049084,31049084,Dredging,Dredging
7,31048363.31049043.31049044.31049066.31049081.31049085,31049085,"Logistics, supply chain management, operational re","Logistics, supply chain management, operational research"
7,31048363.31049043.31049044.31049066.31049081.31049086,31049086,Ship scrapping and recycling,Ship scrapping and recycling
6,31048363.31049043.31049044.31049066.31049088,31049088,Road transport,Road transport
7,31048363.31049043.31049044.31049066.31049088.31049069,31049069,Electricity grid systems,Electricity grid systems
7,31048363.31049043.31049044.31049066.31049088.31049070,31049070,Energy storage,Energy storage
7,31048363.31049043.31049044.31049066.31049088.31049071,31049071,Fuel cell technology,Fuel cell technology
6,31048363.31049043.31049044.31049066.31049089,31049089,Logistics,Logistics
7,31048363.31049043.31049044.31049066.31049089.31049090,31049090,Hardware and handling,Hardware and handling
7,31048363.31049043.31049044.31049066.31049089.31049091,31049091,Intermodal freight transport,Intermodal freight transport
7,31048363.31049043.31049044.31049066.31049089.31049092,31049092,Transport management,Transport management
7,31048363.31049043.31049044.31049066.31049089.31049093,31049093,Transport information systems,Transport information systems
7,31048363.31049043.31049044.31049066.31049089.31049094,31049094,Policy making and economics,Policy making and economics
6,31048363.31049043.31049044.31049066.31049095,31049095,Motorways of the Seas (MoS),Motorways of the Seas (MoS)
7,31048363.31049043.31049044.31049066.31049095.31049096,31049096,Sea,Sea
7,31048363.31049043.31049044.31049066.31049095.31049097,31049097,Ship,Ship
7,31048363.31049043.31049044.31049066.31049095.31049098,31049098,Shipping,Shipping
7,31048363.31049043.31049044.31049066.31049095.31049099,31049099,Hinterland,Hinterland
7,31048363.31049043.31049044.31049066.31049095.31049100,31049100,Maritime,Maritime
7,31048363.31049043.31049044.31049066.31049095.31049101,31049101,Maritime and infrastructure,Maritime and infrastructure
7,31048363.31049043.31049044.31049066.31049095.31049102,31049102,E-maritime,E-maritime
7,31048363.31049043.31049044.31049066.31049095.31049103,31049103,Short-sea Shipping,Short-sea Shipping
6,31048363.31049043.31049044.31049066.31049104,31049104,Multimodality,Multimodality
7,31048363.31049043.31049044.31049066.31049104.31049105,31049105,Inter-modal,Inter-modal
7,31048363.31049043.31049044.31049066.31049104.31049106,31049106,Trans-shipment,Trans-shipment
7,31048363.31049043.31049044.31049066.31049104.31049107,31049107,Co-modal,Co-modal
7,31048363.31049043.31049044.31049066.31049104.31049108,31049108,Multi-modal and infrastructure,Multi-modal and infrastructure
7,31048363.31049043.31049044.31049066.31049104.31049109,31049109,Alternative fuels and (transport) infrastructure,Alternative fuels and (transport) infrastructure
6,31048363.31049043.31049044.31049066.31049110,31049110,Decarbonisation,Decarbonisation
7,31048363.31049043.31049044.31049066.31049110.31049111,31049111,Low emission technology in transport,Low emission technology in transport
7,31048363.31049043.31049044.31049066.31049110.31049112,31049112,Alternative fuels,Alternative fuels
6,31048363.31049043.31049044.31049066.31049113,31049113,Decarbonisation in maritime,Decarbonisation in maritime
7,31048363.31049043.31049044.31049066.31049113.31049114,31049114,Liquefied Natural Gas (LNG),Liquefied Natural Gas (LNG)
7,31048363.31049043.31049044.31049066.31049113.31049115,31049115,Shore-side electricity,Shore-side electricity
6,31048363.31049043.31049044.31049066.31049116,31049116,Gender in transport engineering,Gender in transport engineering
6,31048363.31049043.31049044.31049066.31049284,31049284,Urban transport,Urban transport
7,31048363.31049043.31049044.31049066.31049284.31049088,31049088,Road transport,Road transport
4,31048363.31049043.31049117,31049117,"Electrical engineering, Electronic engineering, In","Electrical engineering, Electronic engineering, Information engineering"
5,31048363.31049043.31049117.31049118,31049118,Electrical and electronic engineering,Electrical and electronic engineering
6,31048363.31049043.31049117.31049118.31049119,31049119,Electrical and electronic engineering: semiconduct,"Electrical and electronic engineering: semiconductors, components, systems"
7,31048363.31049043.31049117.31049118.31049119.31053760,31053760,Embedded systems,Embedded systems
7,31048363.31049043.31049117.31049118.31049119.31053876,31053876,System of systems,System of systems
6,31048363.31049043.31049117.31049118.31049120,31049120,"Electronics, photonics","Electronics, photonics"
6,31048363.31049043.31049117.31049118.31049121,31049121,"Intelligent robotics, cybernetics","Intelligent robotics, cybernetics"
6,31048363.31049043.31049117.31049118.31049122,31049122,"Industrial Automation and Robotics, mechatronics","Industrial Automation and Robotics, mechatronics"
6,31048363.31049043.31049117.31049118.31049123,31049123,Micro (system) engineering,Micro (system) engineering
6,31048363.31049043.31049117.31049118.31049128,31049128,"Systems engineering, sensorics, actorics, automati","Systems engineering, sensorics, actorics, automation"
6,31048363.31049043.31049117.31049118.31053870,31053870,Photonics,Photonics
7,31048363.31049043.31049117.31049118.31053870.31049727,31049727,Optoelectronics,Optoelectronics
7,31048363.31049043.31049117.31049118.31053870.31053855,31053855,"Photonic integration, photonic integrated circuits","Photonic integration, photonic integrated circuits"
7,31048363.31049043.31049117.31049118.31053870.31053878,31053878,Semiconductor lasers,Semiconductor lasers
6,31048363.31049043.31049117.31049118.31053877,31053877,Organic electronics,Organic electronics
7,31048363.31049043.31049117.31049118.31053877.31049727,31049727,Optoelectronics,Optoelectronics
7,31048363.31049043.31049117.31049118.31053877.31053855,31053855,"Photonic integration, photonic integrated circuits","Photonic integration, photonic integrated circuits"
7,31048363.31049043.31049117.31049118.31053877.31053878,31053878,Semiconductor lasers,Semiconductor lasers
5,31048363.31049043.31049117.31049124,31049124,Robotics and automatic control,Robotics and automatic control
6,31048363.31049043.31049117.31049124.31048415,31048415,"Machine learning, statistical data processing and","Machine learning, statistical data processing and applications using signal processing (e.g. speech, image, video)"
6,31048363.31049043.31049117.31049124.31049125,31049125,Robotics,Robotics
6,31048363.31049043.31049117.31049124.31053879,31053879,Robotic system development,Robotic system development
7,31048363.31049043.31049117.31049124.31053879.31053880,31053880,System design,System design
7,31048363.31049043.31049117.31049124.31053879.31053881,31053881,System engineering,System engineering
7,31048363.31049043.31049117.31049124.31053879.31053882,31053882,System architecture,System architecture
7,31048363.31049043.31049117.31049124.31053879.31053883,31053883,System integration,System integration
7,31048363.31049043.31049117.31049124.31053879.31053884,31053884,Modelling and knowledge engineering,Modelling and knowledge engineering
6,31048363.31049043.31049117.31049124.31053885,31053885,Mechatronics,Mechatronics
7,31048363.31049043.31049117.31049124.31053885.31053886,31053886,Mechanical structures of robots,Mechanical structures of robots
7,31048363.31049043.31049117.31049124.31053885.31053887,31053887,Robotic sensors,Robotic sensors
7,31048363.31049043.31049117.31049124.31053885.31053888,31053888,Robotic actuators,Robotic actuators
7,31048363.31049043.31049117.31049124.31053885.31053889,31053889,Robotic control,Robotic control
7,31048363.31049043.31049117.31049124.31053885.31053890,31053890,Robotic communication,Robotic communication
7,31048363.31049043.31049117.31049124.31053885.31053891,31053891,Power supply,Power supply
6,31048363.31049043.31049117.31049124.31053892,31053892,Human robot interaction,Human robot interaction
7,31048363.31049043.31049117.31049124.31053892.31053893,31053893,Man Machine interface,Man Machine interface
7,31048363.31049043.31049117.31049124.31053892.31053894,31053894,Human robot collaboration,Human robot collaboration
7,31048363.31049043.31049117.31049124.31053892.31053895,31053895,Robot safety,Robot safety
6,31048363.31049043.31049117.31049124.31053896,31053896,Robotic perception,Robotic perception
7,31048363.31049043.31049117.31049124.31053896.31053897,31053897,Sensing,Sensing
7,31048363.31049043.31049117.31049124.31053896.31053898,31053898,Signal interpretation,Signal interpretation
6,31048363.31049043.31049117.31049124.31053899,31053899,Robot navigation,Robot navigation
7,31048363.31049043.31049117.31049124.31053899.31053900,31053900,Mapping,Mapping
7,31048363.31049043.31049117.31049124.31053899.31053901,31053901,Localisation,Localisation
7,31048363.31049043.31049117.31049124.31053899.31053902,31053902,Motion planning,Motion planning
6,31048363.31049043.31049117.31049124.31053903,31053903,Robotic cognition,Robotic cognition
7,31048363.31049043.31049117.31049124.31053903.31053904,31053904,Cognitive architectures,Cognitive architectures
7,31048363.31049043.31049117.31049124.31053903.31053905,31053905,"Learning, development and adaptation","Learning, development and adaptation"
7,31048363.31049043.31049117.31049124.31053903.31053906,31053906,Knowledge representation and reasoning,Knowledge representation and reasoning
7,31048363.31049043.31049117.31049124.31053903.31053907,31053907,Action planning,Action planning
7,31048363.31049043.31049117.31049124.31053903.31053908,31053908,Natural interaction,Natural interaction
6,31048363.31049043.31049117.31049124.31053909,31053909,Robotics for manufacturing,Robotics for manufacturing
7,31048363.31049043.31049117.31049124.31053909.31053910,31053910,Industrial robot,Industrial robot
7,31048363.31049043.31049117.31049124.31053909.31053911,31053911,Food processing,Food processing
7,31048363.31049043.31049117.31049124.31053909.31053912,31053912,Soft products manufacture,Soft products manufacture
7,31048363.31049043.31049117.31049124.31053909.31053913,31053913,Craft and bespoke manufacture,Craft and bespoke manufacture
6,31048363.31049043.31049117.31049124.31053914,31053914,Robotics for healthcare,Robotics for healthcare
7,31048363.31049043.31049117.31049124.31053914.31053915,31053915,Surgical robotics,Surgical robotics
7,31048363.31049043.31049117.31049124.31053914.31053916,31053916,Therapy and rehabilitation,Therapy and rehabilitation
7,31048363.31049043.31049117.31049124.31053914.31053917,31053917,Robotics for training,Robotics for training
7,31048363.31049043.31049117.31049124.31053914.31053918,31053918,Assistive robotics,Assistive robotics
6,31048363.31049043.31049117.31049124.31053919,31053919,"Robotics for agriculture, forestry and fishing","Robotics for agriculture, forestry and fishing"
7,31048363.31049043.31049117.31049124.31053919.31053920,31053920,Robotics for agriculture,Robotics for agriculture
7,31048363.31049043.31049117.31049124.31053919.31053921,31053921,Robotics for animal production,Robotics for animal production
7,31048363.31049043.31049117.31049124.31053919.31053922,31053922,Robotics for forestry,Robotics for forestry
7,31048363.31049043.31049117.31049124.31053919.31053923,31053923,Robotics for fishing,Robotics for fishing
6,31048363.31049043.31049117.31049124.31053924,31053924,Robotics for civil applications,Robotics for civil applications
7,31048363.31049043.31049117.31049124.31053924.31053925,31053925,Robotics for civil engineering,Robotics for civil engineering
7,31048363.31049043.31049117.31049124.31053924.31053926,31053926,Robotics for environment,Robotics for environment
7,31048363.31049043.31049117.31049124.31053924.31053927,31053927,Robotics for search and rescue,Robotics for search and rescue
7,31048363.31049043.31049117.31049124.31053924.31053928,31053928,Robotics for emergency services,Robotics for emergency services
7,31048363.31049043.31049117.31049124.31053924.31053929,31053929,Robotics for law enforcement,Robotics for law enforcement
7,31048363.31049043.31049117.31049124.31053924.31053930,31053930,Robotics for science Support,Robotics for science Support
6,31048363.31049043.31049117.31049124.31053931,31053931,Robotics for commercial applications,Robotics for commercial applications
7,31048363.31049043.31049117.31049124.31053931.31053932,31053932,Robotics for mining and quarrying,Robotics for mining and quarrying
7,31048363.31049043.31049117.31049124.31053931.31053933,31053933,Robotics for utilities and service,Robotics for utilities and service
7,31048363.31049043.31049117.31049124.31053931.31053934,31053934,Robotics for construction,Robotics for construction
7,31048363.31049043.31049117.31049124.31053931.31053935,31053935,Robotics for inspection and monitoring,Robotics for inspection and monitoring
7,31048363.31049043.31049117.31049124.31053931.31053936,31053936,Robotics for marketing,Robotics for marketing
6,31048363.31049043.31049117.31049124.31053937,31053937,Robotics for transport and logistics,Robotics for transport and logistics
7,31048363.31049043.31049117.31049124.31053937.31053938,31053938,Robotics for goods transport,Robotics for goods transport
7,31048363.31049043.31049117.31049124.31053937.31053939,31053939,Robotics for people transport,Robotics for people transport
7,31048363.31049043.31049117.31049124.31053937.31053940,31053940,Warehousing,Warehousing
6,31048363.31049043.31049117.31049124.31053941,31053941,Robotics for consumer applications,Robotics for consumer applications
7,31048363.31049043.31049117.31049124.31053941.31049257,31049257,Domestic appliances,Domestic appliances
7,31048363.31049043.31049117.31049124.31053941.31053942,31053942,Assistive living,Assistive living
7,31048363.31049043.31049117.31049124.31053941.31053943,31053943,Robotics for education,Robotics for education
7,31048363.31049043.31049117.31049124.31053941.31053944,31053944,Robotics for entertainment,Robotics for entertainment
7,31048363.31049043.31049117.31049124.31053941.31053945,31053945,Robotics for monitoring and security,Robotics for monitoring and security
5,31048363.31049043.31049117.31049126,31049126,Automation and control systems,Automation and control systems
6,31048363.31049043.31049117.31049126.31048421,31048421,"Networks (communication networks, sensor networks,","Networks (communication networks, sensor networks, networks of robots, etc.)"
6,31048363.31049043.31049117.31049126.31049127,31049127,Control engineering,Control engineering
7,31048363.31049043.31049117.31049126.31049127.31053761,31053761,Monitoring and control systems,Monitoring and control systems
6,31048363.31049043.31049117.31049126.31049128,31049128,"Systems engineering, sensorics, actorics, automati","Systems engineering, sensorics, actorics, automation"
7,31048363.31049043.31049117.31049126.31049128.31053760,31053760,Embedded systems,Embedded systems
7,31048363.31049043.31049117.31049126.31049128.31053876,31053876,System of systems,System of systems
6,31048363.31049043.31049117.31049126.31049129,31049129,Rail Traffic Management,Rail Traffic Management
7,31048363.31049043.31049117.31049126.31049129.31049130,31049130,GSM-R,GSM-R
7,31048363.31049043.31049117.31049126.31049129.31049131,31049131,ETCS,ETCS
6,31048363.31049043.31049117.31049126.31049132,31049132,ERTMS,ERTMS
7,31048363.31049043.31049117.31049126.31049132.31049129,31049129,Rail Traffic Management,Rail Traffic Management
7,31048363.31049043.31049117.31049126.31049132.31049133,31049133,Rail interoperability,Rail interoperability
7,31048363.31049043.31049117.31049126.31049132.31049134,31049134,TSI (Technical Specifications for Interoperability,TSI (Technical Specifications for Interoperability)
6,31048363.31049043.31049117.31049126.31049135,31049135,Air Traffic Management (ATM),Air Traffic Management (ATM)
7,31048363.31049043.31049117.31049126.31049135.31049136,31049136,Inland ports,Inland ports
6,31048363.31049043.31049117.31049126.31049137,31049137,River Information Services (RIS),River Information Services (RIS)
7,31048363.31049043.31049117.31049126.31049137.31049138,31049138,NAIADES,NAIADES
7,31048363.31049043.31049117.31049126.31049137.31049139,31049139,PLATINA,PLATINA
5,31048363.31049043.31049117.31049140,31049140,Communication engineering and systems telecommunic,Communication engineering and systems telecommunications
6,31048363.31049043.31049117.31049140.31049067,31049067,"Communication technology, high-frequency technolog","Communication technology, high-frequency technology"
7,31048363.31049043.31049117.31049140.31049067.31049667,31049667,Radio Frequency / Microwave Communications,Radio Frequency / Microwave Communications
7,31048363.31049043.31049117.31049140.31049067.31049668,31049668,Network technologies / Internetworking,Network technologies / Internetworking
7,31048363.31049043.31049117.31049140.31049067.31053823,31053823,Internet architectures,Internet architectures
7,31048363.31049043.31049117.31049140.31049067.31053824,31053824,Internet of Things,Internet of Things
7,31048363.31049043.31049117.31049140.31049067.31053946,31053946,Internet Science,Internet Science
6,31048363.31049043.31049117.31049140.31049128,31049128,"Systems engineering, sensorics, actorics, automati","Systems engineering, sensorics, actorics, automation"
6,31048363.31049043.31049117.31049140.31049141,31049141,Rail Communication Technology,Rail Communication Technology
6,31048363.31049043.31049117.31049140.31049142,31049142,Rail Signalling,Rail Signalling
6,31048363.31049043.31049117.31049140.31049143,31049143,"Wireless communications, communication, high frequ","Wireless communications, communication, high frequency, mobile technology"
6,31048363.31049043.31049117.31049140.31053829,31053829,Experimentally-driven research and innovation,Experimentally-driven research and innovation
7,31048363.31049043.31049117.31049140.31053829.31053830,31053830,"FIRE, Future Internet Research and Experimentation","FIRE, Future Internet Research and Experimentation"
5,31048363.31049043.31049117.31049144,31049144,Computer hardware and architecture,Computer hardware and architecture
6,31048363.31049043.31049117.31049144.31048396,31048396,"Computer architecture, pervasive computing, ubiqui","Computer architecture, pervasive computing, ubiquitous computing"
6,31048363.31049043.31049117.31049144.31049145,31049145,Intelligent Transport Systems (ITS),Intelligent Transport Systems (ITS)
6,31048363.31049043.31049117.31049144.31049146,31049146,Gender in computer hardware and architecture,Gender in computer hardware and architecture
6,31048363.31049043.31049117.31049144.31053780,31053780,Distributed Social Networks,Distributed Social Networks
6,31048363.31049043.31049117.31049144.31053947,31053947,Optical interconnects,Optical interconnects
4,31048363.31049043.31049147,31049147,Mechanical engineering,Mechanical engineering
5,31048363.31049043.31049147.31048461,31048461,Thermodynamics,Thermodynamics
6,31048363.31049043.31049147.31048461.31049174,31049174,"Energy systems (production, distribution, applicat","Energy systems (production, distribution, application)"
5,31048363.31049043.31049147.31049147,31049147,Mechanical engineering,Mechanical engineering
6,31048363.31049043.31049147.31049147.31049148,31049148,"Mechanical and manufacturing engineering (shaping,","Mechanical and manufacturing engineering (shaping, mounting, joining, separation)"
6,31048363.31049043.31049147.31049147.31049149,31049149,"Fluid mechanics, hydraulic-, turbo-, and piston en","Fluid mechanics, hydraulic-, turbo-, and piston engines"
6,31048363.31049043.31049147.31049147.31049150,31049150,Automotive engineering,Automotive engineering
6,31048363.31049043.31049147.31049147.31049151,31049151,Ocean engineering,Ocean engineering
7,31048363.31049043.31049147.31049147.31049151.31049152,31049152,Cables and pipelines,Cables and pipelines
7,31048363.31049043.31049147.31049147.31049151.31049153,31049153,Drilling,Drilling
7,31048363.31049043.31049147.31049147.31049151.31049154,31049154,Oil and gas exploitation,Oil and gas exploitation
7,31048363.31049043.31049147.31049147.31049151.31049155,31049155,Ocean energies,Ocean energies
7,31048363.31049043.31049147.31049147.31049151.31049156,31049156,Subsea technologies and diving,Subsea technologies and diving
7,31048363.31049043.31049147.31049147.31049151.31049157,31049157,Seismic research,Seismic research
7,31048363.31049043.31049147.31049147.31049151.31049158,31049158,Construction of offshore platforms and installatio,Construction of offshore platforms and installations
7,31048363.31049043.31049147.31049147.31049151.31049159,31049159,Seabed mining and minerals extraction,Seabed mining and minerals extraction
7,31048363.31049043.31049147.31049147.31049151.31049160,31049160,Desalination,Desalination
6,31048363.31049043.31049147.31049147.31049161,31049161,Boat and yacht construction,Boat and yacht construction
6,31048363.31049043.31049147.31049147.31049162,31049162,Fisheries and aquaculture,Fisheries and aquaculture
6,31048363.31049043.31049147.31049147.31049163,31049163,Electromechanical engineering,Electromechanical engineering
6,31048363.31049043.31049147.31049147.31049164,31049164,Metallurgy,Metallurgy
7,31048363.31049043.31049147.31049147.31049164.31049165,31049165,Metallurgy engineering,Metallurgy engineering
6,31048363.31049043.31049147.31049147.31049166,31049166,Propulsion systems engineering,Propulsion systems engineering
6,31048363.31049043.31049147.31049147.31049167,31049167,Vehicle engineering,Vehicle engineering
7,31048363.31049043.31049147.31049147.31049167.31049168,31049168,Active safety of vehicles,Active safety of vehicles
7,31048363.31049043.31049147.31049147.31049167.31049169,31049169,Passive safety of vehicles,Passive safety of vehicles
7,31048363.31049043.31049147.31049147.31049167.31049170,31049170,Rolling Stock Engineering,Rolling Stock Engineering
7,31048363.31049043.31049147.31049147.31049167.31049171,31049171,Gender in vehicle engineering,Gender in vehicle engineering
6,31048363.31049043.31049147.31049147.31049172,31049172,"Certification, Verification, Validation, Technical","Certification, Verification, Validation, Technical Compliance, Standards"
6,31048363.31049043.31049147.31049147.31053870,31053870,Photonics,Photonics
7,31048363.31049043.31049147.31049147.31053870.31053843,31053843,Laser-based manufacturing and materials processing,Laser-based manufacturing and materials processing
7,31048363.31049043.31049147.31049147.31053870.31053948,31053948,Quality control,Quality control
5,31048363.31049043.31049147.31049173,31049173,Applied mechanics,Applied mechanics
6,31048363.31049043.31049147.31049173.31049148,31049148,"Mechanical and manufacturing engineering (shaping,","Mechanical and manufacturing engineering (shaping, mounting, joining, separation)"
5,31048363.31049043.31049147.31049175,31049175,Aerospace engineering,Aerospace engineering
6,31048363.31049043.31049147.31049175.31050023,31050023,Communication,Communication
7,31048363.31049043.31049147.31049175.31050023.31049667,31049667,Radio Frequency / Microwave Communications,Radio Frequency / Microwave Communications
7,31048363.31049043.31049147.31049175.31050023.31049668,31049668,Network technologies / Internetworking,Network technologies / Internetworking
7,31048363.31049043.31049147.31049175.31050023.31049669,31049669,Revolutionary / Non-conventional concepts,Revolutionary / Non-conventional concepts
7,31048363.31049043.31049147.31049175.31050023.31049731,31049731,Optical Communications,Optical Communications
7,31048363.31049043.31049147.31049175.31050023.31053823,31053823,Internet architectures,Internet architectures
7,31048363.31049043.31049147.31049175.31050023.31053824,31053824,Internet of Things,Internet of Things
6,31048363.31049043.31049147.31049175.31053870,31053870,Photonics,Photonics
7,31048363.31049043.31049147.31049175.31053870.31053950,31053950,Laser-based processing,Laser-based processing
6,31048363.31049043.31049147.31049175.31053949,31053949,"Robotics, Tele-Robotics & Autonomous Systems (RTA)","Robotics, Tele-Robotics & Autonomous Systems (RTA)"
7,31048363.31049043.31049147.31049175.31053949.31049702,31049702,Sensing & Perception,Sensing & Perception
5,31048363.31049043.31049147.31049176,31049176,Nuclear related engineering,Nuclear related engineering
5,31048363.31049043.31049147.31049177,31049177,"Audio engineering, reliability analysis","Audio engineering, reliability analysis"
4,31048363.31049043.31049178,31049178,Chemical engineering,Chemical engineering
5,31048363.31049043.31049178.31049179,31049179,"Chemical engineering (plants, products)","Chemical engineering (plants, products)"
6,31048363.31049043.31049178.31049179.31049180,31049180,"Chemical engineering, technical chemistry","Chemical engineering, technical chemistry"
6,31048363.31049043.31049178.31049179.31053951,31053951,"Graphene, 2D materials","Graphene, 2D materials"
5,31048363.31049043.31049178.31049181,31049181,Chemical process engineering,Chemical process engineering
6,31048363.31049043.31049178.31049181.31049180,31049180,"Chemical engineering, technical chemistry","Chemical engineering, technical chemistry"
6,31048363.31049043.31049178.31049181.31049182,31049182,"Production technology, process engineering","Production technology, process engineering"
4,31048363.31049043.31049183,31049183,Materials engineering,Materials engineering
5,31048363.31049043.31049183.31049183,31049183,Materials engineering,Materials engineering
6,31048363.31049043.31049183.31049183.31048439,31048439,Molecular electronics,Molecular electronics
6,31048363.31049043.31049183.31049183.31049184,31049184,Porous Materials,Porous Materials
6,31048363.31049043.31049183.31049183.31049185,31049185,"Nanotechnology, nano-materials, nano engineering","Nanotechnology, nano-materials, nano engineering"
6,31048363.31049043.31049183.31049183.31049186,31049186,Reference Materials,Reference Materials
6,31048363.31049043.31049183.31049183.31049187,31049187,"Intelligent materials, self-assembled materials","Intelligent materials, self-assembled materials"
6,31048363.31049043.31049183.31049183.31049188,31049188,Biomaterials synthesis,"Biomaterials, biomaterials synthesis"
6,31048363.31049043.31049183.31049183.31049189,31049189,Solid state materials,Solid state materials
6,31048363.31049043.31049183.31049183.31049190,31049190,"Materials engineering (biomaterials, metals, ceram","Materials engineering (biomaterials, metals, ceramics, polymers, composites, etc.)"
6,31048363.31049043.31049183.31049183.31049191,31049191,Structural properties of materials,Structural properties of materials
6,31048363.31049043.31049183.31049183.31053952,31053952,"Graphene, layered material","Graphene, layered material"
5,31048363.31049043.31049183.31049192,31049192,Ceramics,Ceramics
6,31048363.31049043.31049183.31049192.31049189,31049189,Solid state materials,Solid state materials
6,31048363.31049043.31049183.31049192.31049190,31049190,"Materials engineering (biomaterials, metals, ceram","Materials engineering (biomaterials, metals, ceramics, polymers, composites, etc.)"
5,31048363.31049043.31049183.31049193,31049193,Coating and films,Coating and films
6,31048363.31049043.31049183.31049193.31048580,31048580,"Micro- and nanoelectronics, optoelectronics","Micro- and nanoelectronics, optoelectronics"
6,31048363.31049043.31049183.31049193.31049190,31049190,"Materials engineering (biomaterials, metals, ceram","Materials engineering (biomaterials, metals, ceramics, polymers, composites, etc.)"
6,31048363.31049043.31049183.31049193.31049194,31049194,Thin films,Thin films
6,31048363.31049043.31049183.31049193.31049195,31049195,Surface science and nanostructures,Surface science and nanostructures
6,31048363.31049043.31049183.31049193.31049196,31049196,Surface modification,Surface modification
6,31048363.31049043.31049183.31049193.31049197,31049197,Surface physics,Surface physics
5,31048363.31049043.31049183.31049198,31049198,"Composites (including laminates, reinforced plasti","Composites (including laminates, reinforced plastics, cermets, combined natural and synthetic fibre fabrics filled composites)"
6,31048363.31049043.31049183.31049198.31049190,31049190,"Materials engineering (biomaterials, metals, ceram","Materials engineering (biomaterials, metals, ceramics, polymers, composites, etc.)"
6,31048363.31049043.31049183.31049198.31049199,31049199,"New materials: oxides, alloys, composite, organic-","New materials: oxides, alloys, composite, organic-inorganic hybrid, nanoparticles"
5,31048363.31049043.31049183.31049200,31049200,Paper and wood,Paper and wood
6,31048363.31049043.31049183.31049200.31049190,31049190,"Materials engineering (biomaterials, metals, ceram","Materials engineering (biomaterials, metals, ceramics, polymers, composites, etc.)"
5,31048363.31049043.31049183.31049201,31049201,"Textiles including synthetic dyes, colours, fibres","Textiles including synthetic dyes, colours, fibres"
6,31048363.31049043.31049183.31049201.31048441,31048441,Photochemistry,Photochemistry
6,31048363.31049043.31049183.31049201.31049065,31049065,"Lightweight construction, textile technology","Lightweight construction, textile technology"
4,31048363.31049043.31049203,31049203,Medical engineering,Medical engineering
5,31048363.31049043.31049203.31049203,31049203,Medical engineering,Medical engineering
6,31048363.31049043.31049203.31049203.31048426,31048426,Neuroimaging and computational neuroscience,Neuroimaging and computational neuroscience
6,31048363.31049043.31049203.31049203.31049125,31049125,Robotics,Robotics
6,31048363.31049043.31049203.31049203.31049202,31049202,"Medical engineering, biomedical engineering and te","Medical engineering, biomedical engineering and technology"
6,31048363.31049043.31049203.31049203.31049204,31049204,Man-machine-interfaces,Man-machine-interfaces
6,31048363.31049043.31049203.31049203.31049205,31049205,Medical engineering and technology,Medical engineering and technology
6,31048363.31049043.31049203.31049203.31049206,31049206,Artificial organs,Artificial organs
7,31048363.31049043.31049203.31049203.31049206.31049207,31049207,Bioartificial organs,Bioartificial organs
6,31048363.31049043.31049203.31049203.31049208,31049208,Gender in medical engineering,Gender in medical engineering
5,31048363.31049043.31049203.31049209,31049209,Medical laboratory technology (including laborator,Medical laboratory technology (including laboratory samples analysis diagnostic technologies)
6,31048363.31049043.31049203.31049209.31048388,31048388,Signal processing,Signal processing
6,31048363.31049043.31049203.31049209.31048580,31048580,"Micro- and nanoelectronics, optoelectronics","Micro- and nanoelectronics, optoelectronics"
6,31048363.31049043.31049203.31049209.31049210,31049210,Medical devices,Medical devices
6,31048363.31049043.31049203.31049209.31049211,31049211,"Diagnostic and implantable devices, environmental","Diagnostic and implantable devices, environmental monitoring"
6,31048363.31049043.31049203.31049209.31049212,31049212,"Diagnostic tools (e.g. genetic, imaging)","Diagnostic tools (e.g. genetic, imaging)"
4,31048363.31049043.31049417,31049417,Environmental biotechnology,Environmental biotechnology
5,31048363.31049043.31049417.31049417,31049417,Environmental biotechnology,Environmental biotechnology
6,31048363.31049043.31049417.31049417.31048847,31048847,"Environmental biotechnology, bioremediation, biode","Environmental biotechnology, bioremediation, biodegradation"
6,31048363.31049043.31049417.31049417.31049418,31049418,Industrial biofuel production,Industrial biofuel production
5,31048363.31049043.31049417.31049419,31049419,"Bioremediation, diagnostic biotechnologies (DNA ch","Bioremediation, diagnostic biotechnologies (DNA chips and biosensing devices) in environmental management"
6,31048363.31049043.31049417.31049419.31049420,31049420,"Bioremediation, biodegradation","Bioremediation, biodegradation"
6,31048363.31049043.31049417.31049419.31049421,31049421,Industrial bioengineering,Industrial bioengineering
5,31048363.31049043.31049417.31049422,31049422,Environmental biotechnology related ethics,Environmental biotechnology related ethics
6,31048363.31049043.31049417.31049422.31049423,31049423,Gender in environmental biotechnologies,Gender in environmental biotechnologies
4,31048363.31049043.31049424,31049424,Industrial biotechnology,Industrial biotechnology
5,31048363.31049043.31049424.31049424,31049424,Industrial biotechnology,Industrial biotechnology
6,31048363.31049043.31049424.31049424.31049421,31049421,Industrial bioengineering,Industrial bioengineering
6,31048363.31049043.31049424.31049424.31049425,31049425,"Biotechnology (non-medical), bioreactors, applied","Biotechnology (non-medical), bioreactors, applied microbiology"
6,31048363.31049043.31049424.31049424.31049426,31049426,"Synthetic biology, chemical biology and new bio-en","Synthetic biology, chemical biology and new bio-engineering concepts"
5,31048363.31049043.31049424.31049427,31049427,Bioprocessing technologies (industrial processes r,"Bioprocessing technologies (industrial processes relying on biological agents to drive the process) biocatalysis, fermentation"
6,31048363.31049043.31049424.31049427.31048847,31048847,"Environmental biotechnology, bioremediation, biode","Environmental biotechnology, bioremediation, biodegradation"
6,31048363.31049043.31049424.31049427.31049421,31049421,Industrial bioengineering,Industrial bioengineering
5,31048363.31049043.31049424.31049428,31049428,Bioproducts (products that are manufactured using,"Bioproducts (products that are manufactured using biological material as feedstock) biomaterials, bioplastics, biofuels, bioderived bulk and fine chemicals, bio-derived novel materials"
6,31048363.31049043.31049424.31049428.31048847,31048847,"Environmental biotechnology, bioremediation, biode","Environmental biotechnology, bioremediation, biodegradation"
6,31048363.31049043.31049424.31049428.31049421,31049421,Industrial bioengineering,Industrial bioengineering
6,31048363.31049043.31049424.31049428.31049426,31049426,"Synthetic biology, chemical biology and new bio-en","Synthetic biology, chemical biology and new bio-engineering concepts"
6,31048363.31049043.31049424.31049428.31049429,31049429,Food biotechnology,Food biotechnology
6,31048363.31049043.31049424.31049428.31049430,31049430,In vitro culture of plant material,In vitro culture of plant material
6,31048363.31049043.31049424.31049428.31049431,31049431,Biofuels,Biofuels
7,31048363.31049043.31049424.31049428.31049431.31049432,31049432,Gaseous biofuels,Gaseous biofuels
7,31048363.31049043.31049424.31049428.31049431.31049433,31049433,Liquid biofuels,Liquid biofuels
7,31048363.31049043.31049424.31049428.31049431.31049434,31049434,Solid biofuels,Solid biofuels
6,31048363.31049043.31049424.31049428.31049435,31049435,Gender in industrial biotechnologies,Gender in industrial biotechnologies
4,31048363.31049043.31049436,31049436,Nano-technology,Nano-technology
5,31048363.31049043.31049436.31049437,31049437,Nano-materials (production and properties),Nano-materials (production and properties)
6,31048363.31049043.31049436.31049437.31048439,31048439,Molecular electronics,Molecular electronics
6,31048363.31049043.31049436.31049437.31048458,31048458,"Nanophysics: nanoelectronics, nanophotonics, nanom","Nanophysics: nanoelectronics, nanophotonics, nanomagnetism, nanoelectromechanics, etc."
6,31048363.31049043.31049436.31049437.31049182,31049182,"Production technology, process engineering","Production technology, process engineering"
6,31048363.31049043.31049436.31049437.31049195,31049195,Surface science and nanostructures,Surface science and nanostructures
6,31048363.31049043.31049436.31049437.31049199,31049199,"New materials: oxides, alloys, composite, organic-","New materials: oxides, alloys, composite, organic-inorganic hybrid, nanoparticles"
6,31048363.31049043.31049436.31049437.31049438,31049438,Characterization methods of materials,Characterization methods of materials
5,31048363.31049043.31049436.31049439,31049439,Nano-processes (applications on nano-scale),Nano-processes (applications on nano-scale)
6,31048363.31049043.31049436.31049439.31048439,31048439,Molecular electronics,Molecular electronics
6,31048363.31049043.31049436.31049439.31048458,31048458,"Nanophysics: nanoelectronics, nanophotonics, nanom","Nanophysics: nanoelectronics, nanophotonics, nanomagnetism, nanoelectromechanics, etc."
6,31048363.31049043.31049436.31049439.31048580,31048580,"Micro- and nanoelectronics, optoelectronics","Micro- and nanoelectronics, optoelectronics"
6,31048363.31049043.31049436.31049439.31049440,31049440,Gender in nanothechnologies,Gender in nanothechnologies
6,31048363.31049043.31049436.31049439.31053870,31053870,Photonics,Photonics
4,31048363.31049043.31049441,31049441,Other engineering and technologies,Other engineering and technologies
5,31048363.31049043.31049441.31049441,31049441,Other engineering and technologies,Other engineering and technologies
6,31048363.31049043.31049441.31049441.31048477,31048477,"Applied biotechnology (non-medical), bioreactors,","Applied biotechnology (non-medical), bioreactors, applied microbiology"
6,31048363.31049043.31049441.31049441.31049456,31049456,Systems engineering,Systems engineering
6,31048363.31049043.31049441.31049441.31049457,31049457,Marine biotechnology incl. marine biofuels,Marine biotechnology incl. marine biofuels
6,31048363.31049043.31049441.31049441.31049458,31049458,Automotive,Automotive
6,31048363.31049043.31049441.31049441.31049459,31049459,Powertrain,Powertrain
6,31048363.31049043.31049441.31049441.31049460,31049460,Automation,Automation
6,31048363.31049043.31049441.31049441.31049461,31049461,Truck,Truck
6,31048363.31049043.31049441.31049441.31049462,31049462,Bus,Bus
5,31048363.31049043.31049441.31049442,31049442,Food and beverages,Food and beverages
6,31048363.31049043.31049441.31049442.31049443,31049443,Food sciences,Food sciences
6,31048363.31049043.31049441.31049442.31049444,31049444,Food and drink processing,Food and drink processing
7,31048363.31049043.31049441.31049442.31049444.31048634,31048634,Food chemistry,Food chemistry
7,31048363.31049043.31049441.31049442.31049444.31049429,31049429,Food biotechnology,Food biotechnology
7,31048363.31049043.31049441.31049442.31049444.31049445,31049445,Dairy science,Dairy science
7,31048363.31049043.31049441.31049442.31049444.31049446,31049446,Drink technology,Drink technology
7,31048363.31049043.31049441.31049442.31049444.31049447,31049447,Food additives,Food additives
7,31048363.31049043.31049441.31049442.31049444.31049448,31049448,Food contamination,Food contamination
7,31048363.31049043.31049441.31049442.31049444.31049449,31049449,Food packaging,Food packaging
7,31048363.31049043.31049441.31049442.31049444.31049450,31049450,Food preservation,Food preservation
7,31048363.31049043.31049441.31049442.31049444.31049451,31049451,Food quality,Food quality
7,31048363.31049043.31049441.31049442.31049444.31049452,31049452,Food safety,Food safety
7,31048363.31049043.31049441.31049442.31049444.31049453,31049453,Food storage,Food storage
7,31048363.31049043.31049441.31049442.31049444.31049454,31049454,Food technology,Food technology
7,31048363.31049043.31049441.31049442.31049444.31049455,31049455,Food toxicology,Food toxicology
5,31048363.31049043.31049441.31049463,31049463,Ethics in engineering and technologies,Ethics in engineering and technologies
6,31048363.31049043.31049441.31049463.31049041,31049041,Research integrity and research misconduct,Research integrity and research misconduct
6,31048363.31049043.31049441.31049463.31053832,31053832,Collective Awareness Platforms,Collective Awareness Platforms
6,31048363.31049043.31049441.31049463.31053946,31053946,Internet Science,Internet Science
5,31048363.31049043.31049441.31049464,31049464,Gender in engineering and technology,Gender in engineering and technology
4,31048363.31049043.31049465,31049465,Aeronautics,Aeronautics
5,31048363.31049043.31049465.31049466,31049466,Aeronautics technology domain,Aeronautics technology domain
6,31048363.31049043.31049465.31049466.31049467,31049467,Flight physics FLP,Flight physics FLP
7,31048363.31049043.31049465.31049466.31049467.31049468,31049468,CFD Computational Fluid Dynamics,CFD Computational Fluid Dynamics
7,31048363.31049043.31049465.31049466.31049467.31049469,31049469,UAD Unsteady Aerodynamics,UAD Unsteady Aerodynamics
7,31048363.31049043.31049465.31049466.31049467.31049470,31049470,API Aeronautical Propulsion Integration,API Aeronautical Propulsion Integration
7,31048363.31049043.31049465.31049466.31049467.31049471,31049471,AFC Airflow control,AFC Airflow control
7,31048363.31049043.31049465.31049466.31049467.31049472,31049472,HLD High Lift Devices,HLD High Lift Devices
7,31048363.31049043.31049465.31049466.31049467.31049473,31049473,WGD Wing Design,WGD Wing Design
7,31048363.31049043.31049465.31049466.31049467.31049474,31049474,AER Aerodynamics of External and Removable items,AER Aerodynamics of External and Removable items
7,31048363.31049043.31049465.31049466.31049467.31049475,31049475,WTT Wind tunnel Testing/Technology,WTT Wind tunnel Testing/Technology
7,31048363.31049043.31049465.31049466.31049467.31049476,31049476,WMT Wind tunnel Measuring Techniques,WMT Wind tunnel Measuring Techniques
7,31048363.31049043.31049465.31049466.31049467.31049477,31049477,CAC Computational Acoustics,CAC Computational Acoustics
7,31048363.31049043.31049465.31049466.31049467.31049478,31049478,ENP External Noise prediction,ENP External Noise prediction
6,31048363.31049043.31049465.31049466.31049479,31049479,Aerostructures AST,Aerostructures AST
7,31048363.31049043.31049465.31049466.31049479.31049480,31049480,MMP Metallic Materials & basic processes,MMP Metallic Materials & basic processes
7,31048363.31049043.31049465.31049466.31049479.31049481,31049481,NMP Non-Metallic Materials & basic processes,NMP Non-Metallic Materials & basic processes
7,31048363.31049043.31049465.31049466.31049479.31049482,31049482,CMP Composite Materials & basic processes,CMP Composite Materials & basic processes
7,31048363.31049043.31049465.31049466.31049479.31049483,31049483,AMP Advanced Manufacturing Processes & Technologie,AMP Advanced Manufacturing Processes & Technologies
7,31048363.31049043.31049465.31049466.31049479.31049484,31049484,SAD Structural Analysis and Design,SAD Structural Analysis and Design
7,31048363.31049043.31049465.31049466.31049479.31049485,31049485,AEL Aero-elasticity,AEL Aero-elasticity
7,31048363.31049043.31049465.31049466.31049479.31049486,31049486,"BVA Buckling, Vibrations and Acoustics","BVA Buckling, Vibrations and Acoustics"
7,31048363.31049043.31049465.31049466.31049479.31049487,31049487,SMS Smart Materials and Structures,SMS Smart Materials and Structures
7,31048363.31049043.31049465.31049466.31049479.31049488,31049488,SMT Structures behaviour and Material Testing,SMT Structures behaviour and Material Testing
7,31048363.31049043.31049465.31049466.31049479.31049489,31049489,INP Internal Noise prediction,INP Internal Noise prediction
7,31048363.31049043.31049465.31049466.31049479.31049490,31049490,HAA Helicopter Aero-acoustics,HAA Helicopter Aero-acoustics
7,31048363.31049043.31049465.31049466.31049479.31049491,31049491,ACT Acoustic Measurements and Test Technology,ACT Acoustic Measurements and Test Technology
7,31048363.31049043.31049465.31049466.31049479.31049492,31049492,ASY Aircraft Security,ASY Aircraft Security
6,31048363.31049043.31049465.31049466.31049493,31049493,Propulsion PRO,Propulsion PRO
7,31048363.31049043.31049465.31049466.31049493.31049494,31049494,PER Performance,PER Performance
7,31048363.31049043.31049465.31049466.31049493.31049495,31049495,TPA Turbomachinery / Propulsion Aerodynamics,TPA Turbomachinery / Propulsion Aerodynamics
7,31048363.31049043.31049465.31049466.31049493.31049496,31049496,COM Combustion,COM Combustion
7,31048363.31049043.31049465.31049466.31049493.31049497,31049497,ABP Air-breathing propulsion,ABP Air-breathing propulsion
7,31048363.31049043.31049465.31049466.31049493.31049498,31049498,HTT Heat Transfer,HTT Heat Transfer
7,31048363.31049043.31049465.31049466.31049493.31049499,31049499,"NVR Nozzles, Vectored Thrust, Reheat","NVR Nozzles, Vectored Thrust, Reheat"
7,31048363.31049043.31049465.31049466.31049493.31049500,31049500,ECT Engine Controls,ECT Engine Controls
7,31048363.31049043.31049465.31049466.31049493.31049501,31049501,APU Auxiliary Power Unit,APU Auxiliary Power Unit
7,31048363.31049043.31049465.31049466.31049493.31049502,31049502,FUL Fuels and Lubricants,FUL Fuels and Lubricants
7,31048363.31049043.31049465.31049466.31049493.31049503,31049503,TBC Test Bench Calibration,TBC Test Bench Calibration
7,31048363.31049043.31049465.31049466.31049493.31049504,31049504,EHM Engine Health Monitoring,EHM Engine Health Monitoring
7,31048363.31049043.31049465.31049466.31049493.31049505,31049505,EXP Experimental Facilities and Measurement Techni,EXP Experimental Facilities and Measurement Techniques
7,31048363.31049043.31049465.31049466.31049493.31049506,31049506,CMM Computational methods,CMM Computational methods
7,31048363.31049043.31049465.31049466.31049493.31049507,31049507,EPD Emissions pollution,EPD Emissions pollution
6,31048363.31049043.31049465.31049466.31049508,31049508,"Aircraft Avionics, Systems & Equipment AVS","Aircraft Avionics, Systems & Equipment AVS"
7,31048363.31049043.31049465.31049466.31049508.31049509,31049509,"CSD Cockpit Systems, Visualisation & Display Syste","CSD Cockpit Systems, Visualisation & Display Systems"
7,31048363.31049043.31049465.31049466.31049508.31049510,31049510,NAV Navigation / Flight Management / Autoland,NAV Navigation / Flight Management / Autoland
7,31048363.31049043.31049465.31049466.31049508.31049511,31049511,WAR Warning Systems,WAR Warning Systems
7,31048363.31049043.31049465.31049466.31049508.31049512,31049512,EME Electronics & Microelectronics for on-board sy,EME Electronics & Microelectronics for on-board systems
7,31048363.31049043.31049465.31049466.31049508.31049513,31049513,SIN Sensors integration,SIN Sensors integration
7,31048363.31049043.31049465.31049466.31049508.31049514,31049514,FDR Flight Data/Flight Recording,FDR Flight Data/Flight Recording
7,31048363.31049043.31049465.31049466.31049508.31049515,31049515,CSY Communications Systems,CSY Communications Systems
7,31048363.31049043.31049465.31049466.31049508.31049516,31049516,IDN Identification,IDN Identification
7,31048363.31049043.31049465.31049466.31049508.31049517,31049517,AVI Avionics Integration,AVI Avionics Integration
7,31048363.31049043.31049465.31049466.31049508.31049518,31049518,OPT Optics - Optronics - Lasers - Image processing,OPT Optics - Optronics - Lasers - Image processing and data fusion
7,31048363.31049043.31049465.31049466.31049508.31049519,31049519,ELS Electronic Library System,ELS Electronic Library System
7,31048363.31049043.31049465.31049466.31049508.31049520,31049520,HUM Aircraft health and usage monitoring system,HUM Aircraft health and usage monitoring system
7,31048363.31049043.31049465.31049466.31049508.31049521,31049521,SMA Smart maintenance systems,SMA Smart maintenance systems
7,31048363.31049043.31049465.31049466.31049508.31049522,31049522,LTG Lighting systems,LTG Lighting systems
7,31048363.31049043.31049465.31049466.31049508.31049523,31049523,ACS Aircraft Security,ACS Aircraft Security
7,31048363.31049043.31049465.31049466.31049508.31049524,31049524,EPG Electrical Power Generation & Distribution,EPG Electrical Power Generation & Distribution
7,31048363.31049043.31049465.31049466.31049508.31049525,31049525,PNU Pneumatic systems,PNU Pneumatic systems
7,31048363.31049043.31049465.31049466.31049508.31049526,31049526,HYD Hydraulic power generation & distribution,HYD Hydraulic power generation & distribution
7,31048363.31049043.31049465.31049466.31049508.31049527,31049527,PAX Passenger and freight systems,PAX Passenger and freight systems
7,31048363.31049043.31049465.31049466.31049508.31049528,31049528,ECS Environmental control System,ECS Environmental control System
7,31048363.31049043.31049465.31049466.31049508.31049529,31049529,WWS Water and waste systems,WWS Water and waste systems
7,31048363.31049043.31049465.31049466.31049508.31049530,31049530,FUS Fuel systems,FUS Fuel systems
7,31048363.31049043.31049465.31049466.31049508.31049531,31049531,LGB Landing gear and braking systems,LGB Landing gear and braking systems
7,31048363.31049043.31049465.31049466.31049508.31049532,31049532,FPS Fire protection systems,FPS Fire protection systems
7,31048363.31049043.31049465.31049466.31049508.31049533,31049533,Space Environment,Space Environment
6,31048363.31049043.31049465.31049466.31049534,31049534,Flight Mechanics FLM,Flight Mechanics FLM
7,31048363.31049043.31049465.31049466.31049534.31049535,31049535,OAS Open-loop Aircraft Stability Analysis,OAS Open-loop Aircraft Stability Analysis
7,31048363.31049043.31049465.31049466.31049534.31049536,31049536,FCS Flight control system,FCS Flight control system
7,31048363.31049043.31049465.31049466.31049534.31049537,31049537,APS Aircraft Performance Analysis,APS Aircraft Performance Analysis
7,31048363.31049043.31049465.31049466.31049534.31049538,31049538,OAP Optimisation of Aircraft Performance,OAP Optimisation of Aircraft Performance
7,31048363.31049043.31049465.31049466.31049534.31049539,31049539,FAI System Failure and Damage Analysis,FAI System Failure and Damage Analysis
7,31048363.31049043.31049465.31049466.31049534.31049540,31049540,ENV Environmental Hazard Analysis,ENV Environmental Hazard Analysis
6,31048363.31049043.31049465.31049466.31049541,31049541,Integrated Design & Validation (methods & tools) I,Integrated Design & Validation (methods & tools) IDV
7,31048363.31049043.31049465.31049466.31049541.31049542,31049542,ITC Methods and IT tools for Collaborative Develop,ITC Methods and IT tools for Collaborative Development
7,31048363.31049043.31049465.31049466.31049541.31049543,31049543,OSE On-board systems engineering,OSE On-board systems engineering
7,31048363.31049043.31049465.31049466.31049541.31049544,31049544,EMC Environmental and EM compliance engineering pr,EMC Environmental and EM compliance engineering process
7,31048363.31049043.31049465.31049466.31049541.31049545,31049545,FGT Flight/ Ground Tests,FGT Flight/ Ground Tests
7,31048363.31049043.31049465.31049466.31049541.31049546,31049546,LCI Life-cycle Integration,LCI Life-cycle Integration
7,31048363.31049043.31049465.31049466.31049541.31049547,31049547,SYC System Certification,SYC System Certification
7,31048363.31049043.31049465.31049466.31049541.31049548,31049548,FTS Fault Tolerant Systems,FTS Fault Tolerant Systems
7,31048363.31049043.31049465.31049466.31049541.31049549,31049549,HAZ1 Hazard Analysis: Operational safety assessmen,HAZ1 Hazard Analysis: Operational safety assessment
7,31048363.31049043.31049465.31049466.31049541.31049550,31049550,HAZ2 Hazard Analysis: Safety requirements (rules,HAZ2 Hazard Analysis: Safety requirements (rules and regulations):
7,31048363.31049043.31049465.31049466.31049541.31049551,31049551,SAM Safety modelling,SAM Safety modelling
7,31048363.31049043.31049465.31049466.31049541.31049552,31049552,ASD Air Safety Data analysis,ASD Air Safety Data analysis
7,31048363.31049043.31049465.31049466.31049541.31049553,31049553,REL System reliability,REL System reliability
7,31048363.31049043.31049465.31049466.31049541.31049554,31049554,SYA Security / Risk analysis,SYA Security / Risk analysis
7,31048363.31049043.31049465.31049466.31049541.31049555,31049555,MMO Maintenance modelling,MMO Maintenance modelling
7,31048363.31049043.31049465.31049466.31049541.31049556,31049556,SIG Infra-red and Radar Signature Control,SIG Infra-red and Radar Signature Control
7,31048363.31049043.31049465.31049466.31049541.31049557,31049557,AIP Advanced information processing,AIP Advanced information processing
7,31048363.31049043.31049465.31049466.31049541.31049558,31049558,CDM Collaborative Decision Making,CDM Collaborative Decision Making
7,31048363.31049043.31049465.31049466.31049541.31049559,31049559,SEV Simulator environments & Virtual reality,SEV Simulator environments & Virtual reality
7,31048363.31049043.31049465.31049466.31049541.31049560,31049560,DSS Decision Support Systems,DSS Decision Support Systems
7,31048363.31049043.31049465.31049466.31049541.31049561,31049561,IKM Information management & Knowledge management,IKM Information management & Knowledge management
7,31048363.31049043.31049465.31049466.31049541.31049562,31049562,AOP Autonomous operation,AOP Autonomous operation
7,31048363.31049043.31049465.31049466.31049541.31049563,31049563,ASE Aeronautical Software Engineering,ASE Aeronautical Software Engineering
7,31048363.31049043.31049465.31049466.31049541.31049564,31049564,ORM Development of operational research methods &,ORM Development of operational research methods & tools
7,31048363.31049043.31049465.31049466.31049541.31049565,31049565,DSV Development of synthetic environment & virtual,DSV Development of synthetic environment & virtual reality
7,31048363.31049043.31049465.31049466.31049541.31049566,31049566,ACP Aircraft Performance Assessment,ACP Aircraft Performance Assessment
7,31048363.31049043.31049465.31049466.31049541.31049567,31049567,NUM Numerical Models (including Fast Time Simulati,NUM Numerical Models (including Fast Time Simulation)
7,31048363.31049043.31049465.31049466.31049541.31049568,31049568,RTS Real Time Simulators,RTS Real Time Simulators
7,31048363.31049043.31049465.31049466.31049541.31049569,31049569,LSX Large scale validation Experiments,LSX Large scale validation Experiments
7,31048363.31049043.31049465.31049466.31049541.31049570,31049570,LSP Large scale validation Platforms,LSP Large scale validation Platforms
6,31048363.31049043.31049465.31049466.31049571,31049571,Air Traffic Management ATM,Air Traffic Management ATM
7,31048363.31049043.31049465.31049466.31049571.31049572,31049572,OVA Overall ATM,OVA Overall ATM
7,31048363.31049043.31049465.31049466.31049571.31049573,31049573,AMG Airspace Management,AMG Airspace Management
7,31048363.31049043.31049465.31049466.31049571.31049574,31049574,FCM Flow and Capacity Management,FCM Flow and Capacity Management
7,31048363.31049043.31049465.31049466.31049571.31049575,31049575,CST Communications and Systems Technology,CST Communications and Systems Technology
7,31048363.31049043.31049465.31049466.31049571.31049576,31049576,NAS Navigation Systems,NAS Navigation Systems
7,31048363.31049043.31049465.31049466.31049571.31049577,31049577,SSS Surveillance Sensor Systems,SSS Surveillance Sensor Systems
7,31048363.31049043.31049465.31049466.31049571.31049578,31049578,AAS ATM Automated Support,AAS ATM Automated Support
7,31048363.31049043.31049465.31049466.31049571.31049579,31049579,APT Airport Traffic Management,APT Airport Traffic Management
7,31048363.31049043.31049465.31049466.31049571.31049580,31049580,APO Airport Operations,APO Airport Operations
7,31048363.31049043.31049465.31049466.31049571.31049581,31049581,ALO Airline Operations,ALO Airline Operations
7,31048363.31049043.31049465.31049466.31049571.31049582,31049582,MET Meteorological,MET Meteorological
7,31048363.31049043.31049465.31049466.31049571.31049583,31049583,RDM R&D Management and Co-ordination,RDM R&D Management and Co-ordination
6,31048363.31049043.31049465.31049466.31049584,31049584,Airports APT,Airports APT
7,31048363.31049043.31049465.31049466.31049584.31049585,31049585,SEQ Security Equipment,SEQ Security Equipment
7,31048363.31049043.31049465.31049466.31049584.31049586,31049586,CMG Crisis management,CMG Crisis management
7,31048363.31049043.31049465.31049466.31049584.31049587,31049587,AES Airport External Safety,AES Airport External Safety
7,31048363.31049043.31049465.31049466.31049584.31049588,31049588,ARS Airport Security,ARS Airport Security
7,31048363.31049043.31049465.31049466.31049584.31049589,31049589,APA Airport performance assessment,APA Airport performance assessment
6,31048363.31049043.31049465.31049466.31049590,31049590,Human Factors HFA,Human Factors HFA
7,31048363.31049043.31049465.31049466.31049590.31049591,31049591,"HFI Human Factors Integration, Man-machine Interfa","HFI Human Factors Integration, Man-machine Interface"
7,31048363.31049043.31049465.31049466.31049590.31049592,31049592,HIP Human Information Processing,HIP Human Information Processing
7,31048363.31049043.31049465.31049466.31049590.31049593,31049593,HPM Human Performance Modelling & Enhancement,HPM Human Performance Modelling & Enhancement
7,31048363.31049043.31049465.31049466.31049590.31049594,31049594,"HSP Human Survivability, Protection and Stress Eff","HSP Human Survivability, Protection and Stress Effects"
7,31048363.31049043.31049465.31049466.31049590.31049595,31049595,HES Human Element in Security,HES Human Element in Security
7,31048363.31049043.31049465.31049466.31049590.31049596,31049596,SEL Selection & Training,SEL Selection & Training
7,31048363.31049043.31049465.31049466.31049590.31049597,31049597,UED Upstream Education,UED Upstream Education
6,31048363.31049043.31049465.31049466.31049598,31049598,Innovative Concepts & scenarios ICS,Innovative Concepts & scenarios ICS
7,31048363.31049043.31049465.31049466.31049598.31049599,31049599,SCE Scenarios analysis,SCE Scenarios analysis
7,31048363.31049043.31049465.31049466.31049598.31049600,31049600,UCC Unconventional configurations and new aircraft,UCC Unconventional configurations and new aircraft concepts
7,31048363.31049043.31049465.31049466.31049598.31049601,31049601,BTT Breakthrough technologies,BTT Breakthrough technologies
7,31048363.31049043.31049465.31049466.31049598.31049602,31049602,BTT1 New materials,BTT1 New materials
7,31048363.31049043.31049465.31049466.31049598.31049603,31049603,BTT2 Advanced design technologies,BTT2 Advanced design technologies
7,31048363.31049043.31049465.31049466.31049598.31049604,31049604,BTT3 Alternative fuels,BTT3 Alternative fuels
7,31048363.31049043.31049465.31049466.31049598.31049605,31049605,BTT4 Safety enabling technologies - remote contro,"BTT4 Safety enabling technologies - remote control of aircraft, fully automated approach and landing"
7,31048363.31049043.31049465.31049466.31049598.31049606,31049606,BTT5 Unmanned aircraft,BTT5 Unmanned aircraft
7,31048363.31049043.31049465.31049466.31049598.31049607,31049607,BTT6 Free flight control regime,BTT6 Free flight control regime
7,31048363.31049043.31049465.31049466.31049598.31049608,31049608,BTT7 Technology watching,BTT7 Technology watching
7,31048363.31049043.31049465.31049466.31049598.31049609,31049609,BTT8 Nanotechnology,BTT8 Nanotechnology
5,31048363.31049043.31049465.31049610,31049610,Aeronautics segments,Aeronautics segments
6,31048363.31049043.31049465.31049610.31049611,31049611,Manufacturing of aircrafts,Manufacturing of aircrafts
6,31048363.31049043.31049465.31049610.31049612,31049612,Manufacturing of helicopters,Manufacturing of helicopters
6,31048363.31049043.31049465.31049610.31049613,31049613,Manufacturing of UMV,Manufacturing of UMV
6,31048363.31049043.31049465.31049610.31049614,31049614,Regulation,Regulation
6,31048363.31049043.31049465.31049610.31049615,31049615,"Assembly, Integration and Verification / Testing (","Assembly, Integration and Verification / Testing (AIV / AIT)"
6,31048363.31049043.31049465.31049610.31049616,31049616,Ground segment,Ground segment
6,31048363.31049043.31049465.31049610.31049617,31049617,Fuel certification,Fuel certification
6,31048363.31049043.31049465.31049610.31049618,31049618,Vehicle certification,Vehicle certification
5,31048363.31049043.31049465.31049619,31049619,Socio-economical aspects of Aeronautics,Socio-economical aspects of Aeronautics
6,31048363.31049043.31049465.31049619.31049620,31049620,Aeronautics Economy,Aeronautics Economy
7,31048363.31049043.31049465.31049619.31049620.31049621,31049621,The manufacturing aeronautics industry,The manufacturing aeronautics industry
7,31048363.31049043.31049465.31049619.31049620.31049622,31049622,Upstream industry,Upstream industry
7,31048363.31049043.31049465.31049619.31049620.31049623,31049623,Downstream industry,Downstream industry
6,31048363.31049043.31049465.31049619.31049624,31049624,Aeronautics policy,Aeronautics policy
6,31048363.31049043.31049465.31049619.31049625,31049625,Aeronautics law,Aeronautics law
6,31048363.31049043.31049465.31049619.31049626,31049626,Aeronautics and International cooperation,Aeronautics and International cooperation
6,31048363.31049043.31049465.31049619.31049627,31049627,Aeronautics R&D,Aeronautics R&D
6,31048363.31049043.31049465.31049619.31049628,31049628,Education and public outreach,Education and public outreach
6,31048363.31049043.31049465.31049619.31049629,31049629,Aeronautics and society,Aeronautics and society
6,31048363.31049043.31049465.31049619.31049630,31049630,Aeronautics history,Aeronautics history
6,31048363.31049043.31049465.31049619.31049631,31049631,Gender in aeronautics,Gender in aeronautics
4,31048363.31049043.31049632,31049632,Space,Space
5,31048363.31049043.31049632.31049633,31049633,Space technology domain,Space technology domain
6,31048363.31049043.31049632.31049633.31049634,31049634,On-Board Data Systems,On-Board Data Systems
7,31048363.31049043.31049632.31049633.31049634.31049635,31049635,Payload Data Processing,Payload Data Processing
7,31048363.31049043.31049632.31049633.31049634.31049636,31049636,On Board Data Management,On Board Data Management
7,31048363.31049043.31049632.31049633.31049634.31049637,31049637,"Electronics for IT (I/F, Data Handling, TM/TC)","Electronics for IT (I/F, Data Handling, TM/TC)"
6,31048363.31049043.31049632.31049633.31049638,31049638,Space System Software,Space System Software
7,31048363.31049043.31049632.31049633.31049638.31049639,31049639,Advanced Software technologies,Advanced Software technologies
7,31048363.31049043.31049632.31049633.31049638.31049640,31049640,Space Segment Software,Space Segment Software
7,31048363.31049043.31049632.31049633.31049638.31049641,31049641,Ground Segment Software,Ground Segment Software
7,31048363.31049043.31049632.31049633.31049638.31049642,31049642,Ground Data Processing,Ground Data Processing
7,31048363.31049043.31049632.31049633.31049638.31049643,31049643,Earth Observation Payload Data Exploitation,Earth Observation Payload Data Exploitation
7,31048363.31049043.31049632.31049633.31049638.31049644,31049644,Software Quality,Software Quality
6,31048363.31049043.31049632.31049633.31049645,31049645,Spacecraft Electrical Power,Spacecraft Electrical Power
7,31048363.31049043.31049632.31049633.31049645.31049646,31049646,Power system architecture,Power system architecture
7,31048363.31049043.31049632.31049633.31049645.31049647,31049647,Power generation technologies,Power generation technologies
7,31048363.31049043.31049632.31049633.31049645.31049648,31049648,Energy storage technologies,Energy storage technologies
7,31048363.31049043.31049632.31049633.31049645.31049649,31049649,Power conditioning and distribution,Power conditioning and distribution
6,31048363.31049043.31049632.31049633.31049650,31049650,Spacecraft Environment & Effects,Spacecraft Environment & Effects
7,31048363.31049043.31049632.31049633.31049650.31049533,31049533,Space Environment,Space Environment
7,31048363.31049043.31049632.31049633.31049650.31049651,31049651,Space Environment effects,Space Environment effects
7,31048363.31049043.31049632.31049633.31049650.31049652,31049652,Space Weather effects on space systems,Space Weather effects on space systems
7,31048363.31049043.31049632.31049633.31049650.31049653,31049653,Space Weather effects on ground systems,Space Weather effects on ground systems
6,31048363.31049043.31049632.31049633.31049654,31049654,Space System Control,Space System Control
7,31048363.31049043.31049632.31049633.31049654.31049655,31049655,Space system architecture and autonomy,Space system architecture and autonomy
7,31048363.31049043.31049632.31049633.31049654.31049656,31049656,Space segment Guidance Navigation and Control (GNC,Space segment Guidance Navigation and Control (GNC)
6,31048363.31049043.31049632.31049633.31049657,31049657,RF Payload and Systems,RF Payload and Systems
7,31048363.31049043.31049632.31049633.31049657.31049658,31049658,Telecommunication (sub-)Systems,Telecommunication (sub-)Systems
7,31048363.31049043.31049632.31049633.31049657.31049659,31049659,Radio Navigation (sub-)Systems,Radio Navigation (sub-)Systems
7,31048363.31049043.31049632.31049633.31049657.31049660,31049660,TT&C (sub-)Systems,TT&C (sub-)Systems
7,31048363.31049043.31049632.31049633.31049657.31049661,31049661,RF Payloads,RF Payloads
7,31048363.31049043.31049632.31049633.31049657.31049662,31049662,Microwave and millimeter wave technologies and equ,Microwave and millimeter wave technologies and equipments
6,31048363.31049043.31049632.31049633.31049663,31049663,Electromagnetic Technologies and Techniques,Electromagnetic Technologies and Techniques
7,31048363.31049043.31049632.31049633.31049663.31049664,31049664,Antennas,Antennas
7,31048363.31049043.31049632.31049633.31049663.31049665,31049665,Wave Interaction and Propagation,Wave Interaction and Propagation
7,31048363.31049043.31049632.31049633.31049663.31049666,31049666,EMC/RFC/ESD,EMC/RFC/ESD
7,31048363.31049043.31049632.31049633.31049663.31049667,31049667,Radio Frequency / Microwave Communications,Radio Frequency / Microwave Communications
7,31048363.31049043.31049632.31049633.31049663.31049668,31049668,Network technologies / Internetworking,Network technologies / Internetworking
7,31048363.31049043.31049632.31049633.31049663.31049669,31049669,Revolutionary / Non-conventional concepts,Revolutionary / Non-conventional concepts
6,31048363.31049043.31049632.31049633.31049670,31049670,System Design & verification,System Design & verification
7,31048363.31049043.31049632.31049633.31049670.31049671,31049671,Mission and System Specification,Mission and System Specification
7,31048363.31049043.31049632.31049633.31049670.31049672,31049672,Collaborative and Concurrent Engineering,Collaborative and Concurrent Engineering
7,31048363.31049043.31049632.31049633.31049670.31049673,31049673,System Analysis and Design,System Analysis and Design
7,31048363.31049043.31049632.31049633.31049670.31049674,31049674,Verification and AIT,Verification and AIT
6,31048363.31049043.31049632.31049633.31049675,31049675,Mission Operation and Ground Data systems,Mission Operation and Ground Data systems
7,31048363.31049043.31049632.31049633.31049675.31049676,31049676,Advanced System Concepts,Advanced System Concepts
7,31048363.31049043.31049632.31049633.31049675.31049677,31049677,Mission Operations,Mission Operations
7,31048363.31049043.31049632.31049633.31049675.31049678,31049678,Ground Data Systems (MCS),Ground Data Systems (MCS)
6,31048363.31049043.31049632.31049633.31049679,31049679,"Flight Dynamics / Position, Navigation, and Timing","Flight Dynamics / Position, Navigation, and Timing"
7,31048363.31049043.31049632.31049633.31049679.31049680,31049680,Flight Dynamics,Flight Dynamics
7,31048363.31049043.31049632.31049633.31049679.31049681,31049681,GNSS systems and ground-related technologies,GNSS systems and ground-related technologies
7,31048363.31049043.31049632.31049633.31049679.31049682,31049682,Atomic clocks,Atomic clocks
7,31048363.31049043.31049632.31049633.31049679.31049683,31049683,Timekeeping & Time Distribution,Timekeeping & Time Distribution
7,31048363.31049043.31049632.31049633.31049679.31049684,31049684,GNSS receivers,GNSS receivers
7,31048363.31049043.31049632.31049633.31049679.31049685,31049685,Onboard Auto Navigation & Maneuver / Guidance,Onboard Auto Navigation & Maneuver / Guidance
7,31048363.31049043.31049632.31049633.31049679.31049686,31049686,Sensors & Vision Processing Systems,Sensors & Vision Processing Systems
7,31048363.31049043.31049632.31049633.31049679.31049687,31049687,Relative & Proximity Navigation,Relative & Proximity Navigation
7,31048363.31049043.31049632.31049633.31049679.31049688,31049688,Auto Precision Formation Flying,Auto Precision Formation Flying
7,31048363.31049043.31049632.31049633.31049679.31049689,31049689,Auto Approach & Landing,Auto Approach & Landing
6,31048363.31049043.31049632.31049633.31049690,31049690,Space Debris,Space Debris
7,31048363.31049043.31049632.31049633.31049690.31049691,31049691,Measurements and characterization,Measurements and characterization
7,31048363.31049043.31049632.31049633.31049690.31049692,31049692,"Modelling, Databases and Risk Analysis","Modelling, Databases and Risk Analysis"
7,31048363.31049043.31049632.31049633.31049690.31049693,31049693,Hyper-Velocity Impact (HVI) and Protection,Hyper-Velocity Impact (HVI) and Protection
7,31048363.31049043.31049632.31049633.31049690.31049694,31049694,Metoerid and debris shield design and analysis,Metoerid and debris shield design and analysis
6,31048363.31049043.31049632.31049633.31049695,31049695,Ground Station System and Networks,Ground Station System and Networks
7,31048363.31049043.31049632.31049633.31049695.31049696,31049696,Ground Station System,Ground Station System
7,31048363.31049043.31049632.31049633.31049695.31049697,31049697,Ground Communications Networks,Ground Communications Networks
6,31048363.31049043.31049632.31049633.31049698,31049698,"Automation, Telepresence & Robotics","Automation, Telepresence & Robotics"
7,31048363.31049043.31049632.31049633.31049698.31049699,31049699,Applications and Concepts,Applications and Concepts
7,31048363.31049043.31049632.31049633.31049698.31049700,31049700,Automation & Robotics Systems,Automation & Robotics Systems
7,31048363.31049043.31049632.31049633.31049698.31049701,31049701,Automation & Robotics components and Technologies,Automation & Robotics components and Technologies
7,31048363.31049043.31049632.31049633.31049698.31049702,31049702,Sensing & Perception,Sensing & Perception
7,31048363.31049043.31049632.31049633.31049698.31049703,31049703,Mobility,Mobility
7,31048363.31049043.31049632.31049633.31049698.31049704,31049704,Manipulation,Manipulation
7,31048363.31049043.31049632.31049633.31049698.31049705,31049705,Human-Systems Integration,Human-Systems Integration
7,31048363.31049043.31049632.31049633.31049698.31049706,31049706,Autonomy,Autonomy
7,31048363.31049043.31049632.31049633.31049698.31049707,31049707,Autonomous Rendezvous & Docking,Autonomous Rendezvous & Docking
6,31048363.31049043.31049632.31049633.31049708,31049708,"Human health, life support, habitation systems","Human health, life support, habitation systems"
7,31048363.31049043.31049632.31049633.31049708.31049709,31049709,Technology and instrumentation in support of life,Technology and instrumentation in support of life sciences
7,31048363.31049043.31049632.31049633.31049708.31049710,31049710,Environmental Control & Life Support Systems (ECLS,Environmental Control & Life Support Systems (ECLS) + Habitation Systems
7,31048363.31049043.31049632.31049633.31049708.31049711,31049711,Extra vehicular Activity Systems / EVA suits,Extra vehicular Activity Systems / EVA suits
7,31048363.31049043.31049632.31049633.31049708.31049712,31049712,Human Health & Performance,Human Health & Performance
7,31048363.31049043.31049632.31049633.31049708.31049713,31049713,"Environmental Monitoring, Safety & Emergency Respo","Environmental Monitoring, Safety & Emergency Response"
7,31048363.31049043.31049632.31049633.31049708.31049714,31049714,"Radiation (risk assesment, mitigation, protection,","Radiation (risk assesment, mitigation, protection, monitoring)"
6,31048363.31049043.31049632.31049633.31049715,31049715,Mechanisms & Tribology,Mechanisms & Tribology
7,31048363.31049043.31049632.31049633.31049715.31049716,31049716,Mechanism core technologies,Mechanism core technologies
7,31048363.31049043.31049632.31049633.31049715.31049717,31049717,Non explosive release technologies,Non explosive release technologies
7,31048363.31049043.31049632.31049633.31049715.31049718,31049718,Exploration tool technologies,Exploration tool technologies
7,31048363.31049043.31049632.31049633.31049715.31049719,31049719,Control electronics technologies,Control electronics technologies
7,31048363.31049043.31049632.31049633.31049715.31049720,31049720,MEMS / Microsystems technologies,MEMS / Microsystems technologies
7,31048363.31049043.31049632.31049633.31049715.31049721,31049721,Tribology technologies,Tribology technologies
7,31048363.31049043.31049632.31049633.31049715.31049722,31049722,Mechanism engineering,Mechanism engineering
6,31048363.31049043.31049632.31049633.31049723,31049723,Optics,Optics
7,31048363.31049043.31049632.31049633.31049723.31049724,31049724,Optical system engineering,Optical system engineering
7,31048363.31049043.31049632.31049633.31049723.31049725,31049725,Optical component technology and materials,Optical component technology and materials
7,31048363.31049043.31049632.31049633.31049723.31049726,31049726,Optical equipment and instrument technology,Optical equipment and instrument technology
6,31048363.31049043.31049632.31049633.31049727,31049727,Optoelectronics,Optoelectronics
7,31048363.31049043.31049632.31049633.31049727.31049728,31049728,Emitter Technologies,Emitter Technologies
7,31048363.31049043.31049632.31049633.31049727.31049729,31049729,Detector Technologies,Detector Technologies
7,31048363.31049043.31049632.31049633.31049727.31049730,31049730,Other Photonics,Other Photonics
7,31048363.31049043.31049632.31049633.31049727.31049731,31049731,Optical Communications,Optical Communications
6,31048363.31049043.31049632.31049633.31049732,31049732,Science instruments and sensor systems,Science instruments and sensor systems
7,31048363.31049043.31049632.31049633.31049732.31049733,31049733,Remote Sensing Instruments / Sensors,Remote Sensing Instruments / Sensors
7,31048363.31049043.31049632.31049633.31049732.31049734,31049734,In-Situ Instruments / sensors,In-Situ Instruments / sensors
7,31048363.31049043.31049632.31049633.31049732.31049735,31049735,Electronics for instruments and sensors,Electronics for instruments and sensors
6,31048363.31049043.31049632.31049633.31049736,31049736,Aerothermodynamics & Atmospheric entry,Aerothermodynamics & Atmospheric entry
7,31048363.31049043.31049632.31049633.31049736.31049737,31049737,Aeroassist & Atmospheric Entry,Aeroassist & Atmospheric Entry
7,31048363.31049043.31049632.31049633.31049736.31049738,31049738,Computational Tools,Computational Tools
7,31048363.31049043.31049632.31049633.31049736.31049739,31049739,Ground Based Facilities,Ground Based Facilities
7,31048363.31049043.31049632.31049633.31049736.31049740,31049740,Flight Testing,Flight Testing
7,31048363.31049043.31049632.31049633.31049736.31049741,31049741,Multi-Disciplinary Tools,Multi-Disciplinary Tools
6,31048363.31049043.31049632.31049633.31049742,31049742,Launch propulsion systems,Launch propulsion systems
7,31048363.31049043.31049632.31049633.31049742.31049743,31049743,Solid Rocket Propulsion,Solid Rocket Propulsion
7,31048363.31049043.31049632.31049633.31049742.31049744,31049744,Liquid Rocket Propulsion,Liquid Rocket Propulsion
7,31048363.31049043.31049632.31049633.31049742.31049745,31049745,Air Breathing Propulsion,Air Breathing Propulsion
7,31048363.31049043.31049632.31049633.31049742.31049746,31049746,Supporting Propulsion Technologies and Tools,Supporting Propulsion Technologies and Tools
7,31048363.31049043.31049632.31049633.31049742.31049747,31049747,Unconventional / Other Propulsion Systems,Unconventional / Other Propulsion Systems
6,31048363.31049043.31049632.31049633.31049748,31049748,In-Space propulsion Technologies,In-Space propulsion Technologies
7,31048363.31049043.31049632.31049633.31049748.31049749,31049749,Chemical Propulsion,Chemical Propulsion
7,31048363.31049043.31049632.31049633.31049748.31049750,31049750,Electric Propulsion,Electric Propulsion
7,31048363.31049043.31049632.31049633.31049748.31049751,31049751,Solar Sail Propulsion,Solar Sail Propulsion
7,31048363.31049043.31049632.31049633.31049748.31049752,31049752,Thermal Propulsion,Thermal Propulsion
7,31048363.31049043.31049632.31049633.31049748.31049753,31049753,Tether Propulsion,Tether Propulsion
7,31048363.31049043.31049632.31049633.31049748.31049754,31049754,"Advanced (TRL<3) propulsion technologies (Nuclear,","Advanced (TRL<3) propulsion technologies (Nuclear, beams, high energetic, electric sail)"
6,31048363.31049043.31049632.31049633.31049755,31049755,Structures & Pyrotechnics,Structures & Pyrotechnics
7,31048363.31049043.31049632.31049633.31049755.31049756,31049756,Structural design and verification methods and too,Structural design and verification methods and tools
7,31048363.31049043.31049632.31049633.31049755.31049757,31049757,High stability and high precision S/C structures,High stability and high precision S/C structures
7,31048363.31049043.31049632.31049633.31049755.31049758,31049758,Inflatable and deployable structures,Inflatable and deployable structures
7,31048363.31049043.31049632.31049633.31049755.31049759,31049759,Hot structures,Hot structures
7,31048363.31049043.31049632.31049633.31049755.31049760,31049760,Active/adaptive structures,Active/adaptive structures
7,31048363.31049043.31049632.31049633.31049755.31049761,31049761,Damage tolerance and health monitoring,Damage tolerance and health monitoring
7,31048363.31049043.31049632.31049633.31049755.31049762,31049762,Advanced structural concepts and materials,Advanced structural concepts and materials
7,31048363.31049043.31049632.31049633.31049755.31049763,31049763,Pyrotechnics technologies,Pyrotechnics technologies
7,31048363.31049043.31049632.31049633.31049755.31049764,31049764,Launchers,Launchers
7,31048363.31049043.31049632.31049633.31049755.31049765,31049765,Re-entry vehicles (atmospheric entry / descent),Re-entry vehicles (atmospheric entry / descent)
7,31048363.31049043.31049632.31049633.31049755.31049766,31049766,Landing systems,Landing systems
7,31048363.31049043.31049632.31049633.31049755.31049767,31049767,Vehicle Technology / Mobility,Vehicle Technology / Mobility
6,31048363.31049043.31049632.31049633.31049768,31049768,Thermal,Thermal
7,31048363.31049043.31049632.31049633.31049768.31049769,31049769,Heat Transport Technology,Heat Transport Technology
7,31048363.31049043.31049632.31049633.31049768.31049770,31049770,Cryogenics and Refrigeration,Cryogenics and Refrigeration
7,31048363.31049043.31049632.31049633.31049768.31049771,31049771,Thermal Protection Systems,Thermal Protection Systems
7,31048363.31049043.31049632.31049633.31049768.31049772,31049772,Thermal Control / Heat Storage and Rejection,Thermal Control / Heat Storage and Rejection
7,31048363.31049043.31049632.31049633.31049768.31049773,31049773,Thermal Analysis Tools,Thermal Analysis Tools
6,31048363.31049043.31049632.31049633.31049774,31049774,Human exploration destination systems,Human exploration destination systems
7,31048363.31049043.31049632.31049633.31049774.31049775,31049775,In-Situ Resource Utilization (ISRU),In-Situ Resource Utilization (ISRU)
7,31048363.31049043.31049632.31049633.31049774.31049776,31049776,Sustainability & Supportability,Sustainability & Supportability
7,31048363.31049043.31049632.31049633.31049774.31049777,31049777,Human Mobility Systems,Human Mobility Systems
7,31048363.31049043.31049632.31049633.31049774.31049778,31049778,Habitat Systems,Habitat Systems
7,31048363.31049043.31049632.31049633.31049774.31049779,31049779,Mission Operations & Safety,Mission Operations & Safety
7,31048363.31049043.31049632.31049633.31049774.31049780,31049780,"Modeling, Simulations & Destination Characterizati","Modeling, Simulations & Destination Characterization"
7,31048363.31049043.31049632.31049633.31049774.31049781,31049781,Construction & Assembly,Construction & Assembly
7,31048363.31049043.31049632.31049633.31049774.31049782,31049782,Dust Prevention & Mitigation,Dust Prevention & Mitigation
6,31048363.31049043.31049632.31049633.31049783,31049783,EEE Components and Quality,EEE Components and Quality
7,31048363.31049043.31049632.31049633.31049783.31049784,31049784,Methods and processes for Radiation Hardness Assur,Methods and processes for Radiation Hardness Assurance
7,31048363.31049043.31049632.31049633.31049783.31049785,31049785,EEE Component technologies (Magnetic component inc,EEE Component technologies (Magnetic component incl.)
6,31048363.31049043.31049632.31049633.31049786,31049786,Materials & Processes,Materials & Processes
7,31048363.31049043.31049632.31049633.31049786.31049787,31049787,Novel Materials,Novel Materials
7,31048363.31049043.31049632.31049633.31049786.31049788,31049788,Materials Processes,Materials Processes
7,31048363.31049043.31049632.31049633.31049786.31049789,31049789,Cleanliness and Sterilisation,Cleanliness and Sterilisation
6,31048363.31049043.31049632.31049633.31049790,31049790,Ground & Launch Systems Processing,Ground & Launch Systems Processing
7,31048363.31049043.31049632.31049633.31049790.31049791,31049791,Planetary protection,Planetary protection
7,31048363.31049043.31049632.31049633.31049790.31049792,31049792,System Dependability and Safety,System Dependability and Safety
7,31048363.31049043.31049632.31049633.31049790.31049793,31049793,Technologies to Optimize the Operational Life-Cycl,Technologies to Optimize the Operational Life-Cycle
7,31048363.31049043.31049632.31049633.31049790.31049794,31049794,Environmental and Green Technologies,Environmental and Green Technologies
7,31048363.31049043.31049632.31049633.31049790.31049795,31049795,Technologies to Increase Reliability and Mission A,Technologies to Increase Reliability and Mission Availability
7,31048363.31049043.31049632.31049633.31049790.31049796,31049796,Technologies to Improve Mission Safety / Mission R,Technologies to Improve Mission Safety / Mission Risk
6,31048363.31049043.31049632.31049633.31049797,31049797,Space data exploitation,Space data exploitation
7,31048363.31049043.31049632.31049633.31049797.31048515,31048515,"Very large data bases: archiving, handling and ana","Very large data bases: archiving, handling and analysis"
7,31048363.31049043.31049632.31049633.31049797.31048516,31048516,Data and image processing,Data and image processing
7,31048363.31049043.31049632.31049633.31049797.31048518,31048518,Planetary and structure mapping,Planetary and structure mapping
7,31048363.31049043.31049632.31049633.31049797.31048528,31048528,Mathematical and numerical techniques,Mathematical and numerical techniques
7,31048363.31049043.31049632.31049633.31049797.31049798,31049798,Data archiving,Data archiving
7,31048363.31049043.31049632.31049633.31049797.31049799,31049799,Data mining and searching techniques,Data mining and searching techniques
7,31048363.31049043.31049632.31049633.31049797.31049800,31049800,Visual techniques / Visual analytics / Intelligent,Visual techniques / Visual analytics / Intelligent data understanding
5,31048363.31049043.31049632.31049801,31049801,Space segments,Space segments
6,31048363.31049043.31049632.31049801.31049615,31049615,"Assembly, Integration and Verification / Testing (","Assembly, Integration and Verification / Testing (AIV / AIT)"
6,31048363.31049043.31049632.31049801.31049616,31049616,Ground segment,Ground segment
6,31048363.31049043.31049632.31049801.31049764,31049764,Launchers,Launchers
6,31048363.31049043.31049632.31049801.31049802,31049802,Manufacturing of space products,Manufacturing of space products
6,31048363.31049043.31049632.31049801.31049803,31049803,Space Qualification,Space Qualification
6,31048363.31049043.31049632.31049801.31049804,31049804,Satellites and Probes,Satellites and Probes
6,31048363.31049043.31049632.31049801.31049805,31049805,Orbital transportation and re-entry systems,Orbital transportation and re-entry systems
6,31048363.31049043.31049632.31049801.31049806,31049806,Space services and products,Space services and products
5,31048363.31049043.31049632.31049807,31049807,Space activity domains,Space activity domains
6,31048363.31049043.31049632.31049807.31049808,31049808,Prelaunch operations,Prelaunch operations
7,31048363.31049043.31049632.31049807.31049808.31049809,31049809,Mission planning and preparation,Mission planning and preparation
7,31048363.31049043.31049632.31049807.31049808.31049810,31049810,Integration facilities,Integration facilities
7,31048363.31049043.31049632.31049807.31049808.31049811,31049811,Ground test facilities,Ground test facilities
7,31048363.31049043.31049632.31049807.31049808.31049812,31049812,Aerial test facilties (planes / balloons / parabol,Aerial test facilties (planes / balloons / parabolic flights)
6,31048363.31049043.31049632.31049807.31049813,31049813,Space transportation,Space transportation
7,31048363.31049043.31049632.31049807.31049813.31049814,31049814,Launch pads,Launch pads
7,31048363.31049043.31049632.31049807.31049813.31049815,31049815,Launch vehicles,Launch vehicles
7,31048363.31049043.31049632.31049807.31049813.31049816,31049816,Suborbital flights,Suborbital flights
7,31048363.31049043.31049632.31049807.31049813.31049817,31049817,Low Earth orbit cargo missions,Low Earth orbit cargo missions
7,31048363.31049043.31049632.31049807.31049813.31049818,31049818,Low Earth orbit crew missions,Low Earth orbit crew missions
7,31048363.31049043.31049632.31049807.31049813.31049819,31049819,Crewed and cargo missions beyond low Earth orbit,Crewed and cargo missions beyond low Earth orbit
7,31048363.31049043.31049632.31049807.31049813.31049820,31049820,Interplanetary / Deep space transportation,Interplanetary / Deep space transportation
6,31048363.31049043.31049632.31049807.31049821,31049821,Telecommunications,Telecommunications
7,31048363.31049043.31049632.31049807.31049821.31049822,31049822,Space Segment,Space Segment
7,31048363.31049043.31049632.31049807.31049821.31049823,31049823,Ground infraestructure,Ground infraestructure
7,31048363.31049043.31049632.31049807.31049821.31049824,31049824,Radio interfaces,Radio interfaces
7,31048363.31049043.31049632.31049807.31049821.31049825,31049825,Networking,Networking
7,31048363.31049043.31049632.31049807.31049821.31049826,31049826,Terminals,Terminals
7,31048363.31049043.31049632.31049807.31049821.31049827,31049827,Services and applications,Services and applications
7,31048363.31049043.31049632.31049807.31049821.31049828,31049828,Regulatory and Standardization,Regulatory and Standardization
7,31048363.31049043.31049632.31049807.31049821.31049829,31049829,Policy and Promotion,Policy and Promotion
6,31048363.31049043.31049632.31049807.31049830,31049830,Science / Robotic Exploration,Science / Robotic Exploration
7,31048363.31049043.31049632.31049807.31049830.31049831,31049831,Earth Science missions,Earth Science missions
7,31048363.31049043.31049632.31049807.31049830.31049832,31049832,Planetary Science missions,Planetary Science missions
7,31048363.31049043.31049632.31049807.31049830.31049833,31049833,Heliophysics missions,Heliophysics missions
7,31048363.31049043.31049632.31049807.31049830.31049834,31049834,Astrophysics missions,Astrophysics missions
7,31048363.31049043.31049632.31049807.31049830.31049835,31049835,Fundamental Physics missions,Fundamental Physics missions
7,31048363.31049043.31049632.31049807.31049830.31049836,31049836,Ground stations,Ground stations
6,31048363.31049043.31049632.31049807.31049837,31049837,Human Exploration Spaceflight,Human Exploration Spaceflight
7,31048363.31049043.31049632.31049807.31049837.31049838,31049838,Astronaut training,Astronaut training
7,31048363.31049043.31049632.31049807.31049837.31049839,31049839,Flight operations,Flight operations
7,31048363.31049043.31049632.31049807.31049837.31049840,31049840,Low Earth orbit missions,Low Earth orbit missions
7,31048363.31049043.31049632.31049807.31049837.31049841,31049841,Human exploration beyond low Earth orbit,Human exploration beyond low Earth orbit
6,31048363.31049043.31049632.31049807.31049842,31049842,In-space multidisciplinary research and technology,In-space multidisciplinary research and technology development
7,31048363.31049043.31049632.31049807.31049842.31048432,31048432,Physical sciences,Physical sciences
7,31048363.31049043.31049632.31049807.31049842.31048534,31048534,Chemical sciences,Chemical sciences
7,31048363.31049043.31049632.31049807.31049842.31048787,31048787,Biological sciences,Biological sciences
7,31048363.31049043.31049632.31049807.31049842.31049843,31049843,ISS / Space stations / Manned spacecrafts,ISS / Space stations / Manned spacecrafts
7,31048363.31049043.31049632.31049807.31049842.31049844,31049844,Autonomous spacecrafts,Autonomous spacecrafts
7,31048363.31049043.31049632.31049807.31049842.31049845,31049845,Material science,Material science
7,31048363.31049043.31049632.31049807.31049842.31049846,31049846,Medical sciences,Medical sciences
7,31048363.31049043.31049632.31049807.31049842.31049847,31049847,Psichology,Psichology
7,31048363.31049043.31049632.31049807.31049842.31049848,31049848,Microgravity,Microgravity
6,31048363.31049043.31049632.31049807.31049849,31049849,Meteorology,Meteorology
7,31048363.31049043.31049632.31049807.31049849.31049850,31049850,Weather forecasting,Weather forecasting
7,31048363.31049043.31049632.31049807.31049849.31049851,31049851,Meteorological services,Meteorological services
6,31048363.31049043.31049632.31049807.31049852,31049852,Earth Observation / Services and applications,Earth Observation / Services and applications
7,31048363.31049043.31049632.31049807.31049852.31048418,31048418,Geo-information and spatial data analysis,Geo-information and spatial data analysis
7,31048363.31049043.31049632.31049807.31049852.31048690,31048690,Water resources,Water resources
7,31048363.31049043.31049632.31049807.31049852.31049346,31049346,Forestry,Forestry
7,31048363.31049043.31049632.31049807.31049852.31049823,31049823,Ground infraestructure,Ground infraestructure
7,31048363.31049043.31049632.31049807.31049852.31049853,31049853,Space Component,Space Component
7,31048363.31049043.31049632.31049807.31049852.31049854,31049854,S1 - Atmosphere monitoring (Copernicus service),S1 - Atmosphere monitoring (Copernicus service)
7,31048363.31049043.31049632.31049807.31049852.31049855,31049855,S2 - Marine monitoring (Copernicus service),S2 - Marine monitoring (Copernicus service)
7,31048363.31049043.31049632.31049807.31049852.31049856,31049856,S3 - Land monitoring (Copernicus service),S3 - Land monitoring (Copernicus service)
7,31048363.31049043.31049632.31049807.31049852.31049857,31049857,S4 - Climate change monitoring (Copernicus service,S4 - Climate change monitoring (Copernicus service)
7,31048363.31049043.31049632.31049807.31049852.31049858,31049858,S5 - Emergency response (Copernicus service),S5 - Emergency response (Copernicus service)
7,31048363.31049043.31049632.31049807.31049852.31049859,31049859,S6 - Security (Copernicus service),S6 - Security (Copernicus service)
7,31048363.31049043.31049632.31049807.31049852.31049860,31049860,Agriculture,Agriculture
7,31048363.31049043.31049632.31049807.31049852.31049861,31049861,Alternative energy,Alternative energy
7,31048363.31049043.31049632.31049807.31049852.31049862,31049862,Border surveillance,Border surveillance
7,31048363.31049043.31049632.31049807.31049852.31049863,31049863,Civil security,Civil security
7,31048363.31049043.31049632.31049807.31049852.31049864,31049864,Communications,Communications
7,31048363.31049043.31049632.31049807.31049852.31049865,31049865,"Construction, Civil engineering, Infraestructures","Construction, Civil engineering, Infraestructures"
7,31048363.31049043.31049632.31049807.31049852.31049866,31049866,Education & Training,Education & Training
7,31048363.31049043.31049632.31049807.31049852.31049867,31049867,"Environment, Pollution & Climate","Environment, Pollution & Climate"
7,31048363.31049043.31049632.31049807.31049852.31049868,31049868,Fisheries,Fisheries
7,31048363.31049043.31049632.31049807.31049852.31049869,31049869,Health,Health
7,31048363.31049043.31049632.31049807.31049852.31049870,31049870,Humanitarian Operations,Humanitarian Operations
7,31048363.31049043.31049632.31049807.31049852.31049871,31049871,Insurance & Finance,Insurance & Finance
7,31048363.31049043.31049632.31049807.31049852.31049872,31049872,Legal & Forensic,Legal & Forensic
7,31048363.31049043.31049632.31049807.31049852.31049873,31049873,Leisure,Leisure
7,31048363.31049043.31049632.31049807.31049852.31049874,31049874,Local and Regional planners,Local and Regional planners
7,31048363.31049043.31049632.31049807.31049852.31049875,31049875,Management of urban areas,Management of urban areas
7,31048363.31049043.31049632.31049807.31049852.31049876,31049876,Maritime surveillance,Maritime surveillance
7,31048363.31049043.31049632.31049807.31049852.31049877,31049877,Minerals and mining,Minerals and mining
7,31048363.31049043.31049632.31049807.31049852.31049878,31049878,News and Media,News and Media
7,31048363.31049043.31049632.31049807.31049852.31049879,31049879,Oil and gas,Oil and gas
7,31048363.31049043.31049632.31049807.31049852.31049880,31049880,Real-estate management,Real-estate management
7,31048363.31049043.31049632.31049807.31049852.31049881,31049881,Research,Research
7,31048363.31049043.31049632.31049807.31049852.31049882,31049882,Retail & Geo-marketing,Retail & Geo-marketing
7,31048363.31049043.31049632.31049807.31049852.31049883,31049883,Regions (Copernicus for),Regions (Copernicus for)
7,31048363.31049043.31049632.31049807.31049852.31049884,31049884,Sustainable development and nature protection,Sustainable development and nature protection
7,31048363.31049043.31049632.31049807.31049852.31049885,31049885,Tourism / Travel,Tourism / Travel
7,31048363.31049043.31049632.31049807.31049852.31049886,31049886,Transport & Mobility,Transport & Mobility
7,31048363.31049043.31049632.31049807.31049852.31049887,31049887,"Utilities (water, electricity, waste)","Utilities (water, electricity, waste)"
7,31048363.31049043.31049632.31049807.31049852.31049888,31049888,"Geographical and positioning technologies, satelli","Geographical and positioning technologies, satellites"
7,31048363.31049043.31049632.31049807.31049852.31049889,31049889,Other applications,Other applications
6,31048363.31049043.31049632.31049807.31049890,31049890,Global Satellite Navigation System (GNSS) / Servic,Global Satellite Navigation System (GNSS) / Services & Applications
7,31048363.31049043.31049632.31049807.31049890.31049044,31049044,Civil engineering,Civil engineering
7,31048363.31049043.31049632.31049807.31049890.31049823,31049823,Ground infraestructure,Ground infraestructure
7,31048363.31049043.31049632.31049807.31049890.31049853,31049853,Space Component,Space Component
7,31048363.31049043.31049632.31049807.31049890.31049860,31049860,Agriculture,Agriculture
7,31048363.31049043.31049632.31049807.31049890.31049864,31049864,Communications,Communications
7,31048363.31049043.31049632.31049807.31049890.31049868,31049868,Fisheries,Fisheries
7,31048363.31049043.31049632.31049807.31049890.31049889,31049889,Other applications,Other applications
7,31048363.31049043.31049632.31049807.31049890.31049891,31049891,S1 - Open service (OS - Galileo),S1 - Open service (OS - Galileo)
7,31048363.31049043.31049632.31049807.31049890.31049892,31049892,S2 - Safety of Life service (SoL - Galileo),S2 - Safety of Life service (SoL - Galileo)
7,31048363.31049043.31049632.31049807.31049890.31049893,31049893,S3 - Commercial Service (CS - Galileo),S3 - Commercial Service (CS - Galileo)
7,31048363.31049043.31049632.31049807.31049890.31049894,31049894,S4 - Public Regulated Service (PRS - Galileo),S4 - Public Regulated Service (PRS - Galileo)
7,31048363.31049043.31049632.31049807.31049890.31049895,31049895,S5 - Search and Rescue Service (Galileo),S5 - Search and Rescue Service (Galileo)
7,31048363.31049043.31049632.31049807.31049890.31049896,31049896,BEIDOU / Compass,BEIDOU / Compass
7,31048363.31049043.31049632.31049807.31049890.31049897,31049897,GALILEO,GALILEO
7,31048363.31049043.31049632.31049807.31049890.31049898,31049898,GPS (NAVSTAR),GPS (NAVSTAR)
7,31048363.31049043.31049632.31049807.31049890.31049899,31049899,GLONASS,GLONASS
7,31048363.31049043.31049632.31049807.31049890.31049900,31049900,"Other satellite navigation systems (DORIS, IRNSS,","Other satellite navigation systems (DORIS, IRNSS, QZSS)"
7,31048363.31049043.31049632.31049807.31049890.31049901,31049901,Alert and Rescue,Alert and Rescue
7,31048363.31049043.31049632.31049807.31049890.31049902,31049902,"Augmented positioning (ABAS, GBAS, GRAS, SBAS)","Augmented positioning (ABAS, GBAS, GRAS, SBAS)"
7,31048363.31049043.31049632.31049807.31049890.31049903,31049903,Authentication,Authentication
7,31048363.31049043.31049632.31049807.31049890.31049904,31049904,Certification of applications,Certification of applications
7,31048363.31049043.31049632.31049807.31049890.31049906,31049906,EGNOS - European Geostationary Navigation Overlay,EGNOS - European Geostationary Navigation Overlay Service
7,31048363.31049043.31049632.31049807.31049890.31049907,31049907,Emergency services (prevention / response),Emergency services (prevention / response)
7,31048363.31049043.31049632.31049807.31049890.31049908,31049908,Energy,Energy
7,31048363.31049043.31049632.31049807.31049890.31049909,31049909,"Finance, banking, insurance","Finance, banking, insurance"
7,31048363.31049043.31049632.31049807.31049890.31049910,31049910,Humanitarian services,Humanitarian services
7,31048363.31049043.31049632.31049807.31049890.31049911,31049911,In-door navigation,In-door navigation
7,31048363.31049043.31049632.31049807.31049890.31049912,31049912,Location-based applications,Location-based applications
7,31048363.31049043.31049632.31049807.31049890.31049913,31049913,"Science, environment, weather","Science, environment, weather"
7,31048363.31049043.31049632.31049807.31049890.31049914,31049914,Security,Security
7,31048363.31049043.31049632.31049807.31049890.31049915,31049915,Temporal reference,Temporal reference
7,31048363.31049043.31049632.31049807.31049890.31049916,31049916,Transport Aviation / Air traffic management (ATM),Transport Aviation / Air traffic management (ATM)
7,31048363.31049043.31049632.31049807.31049890.31049917,31049917,Transport Maritime,Transport Maritime
7,31048363.31049043.31049632.31049807.31049890.31049918,31049918,Transport Railway,Transport Railway
7,31048363.31049043.31049632.31049807.31049890.31049919,31049919,Transport Road,Transport Road
7,31048363.31049043.31049632.31049807.31049890.31049920,31049920,UAV,UAV
7,31048363.31049043.31049632.31049807.31049890.31049921,31049921,Positioning calculation / Techniques,Positioning calculation / Techniques
7,31048363.31049043.31049632.31049807.31049890.31049922,31049922,"Integrity (RAIM, SBAS)","Integrity (RAIM, SBAS)"
7,31048363.31049043.31049632.31049807.31049890.31049923,31049923,Vulnerability,Vulnerability
6,31048363.31049043.31049632.31049807.31049924,31049924,Protection of assets in and from Space,Protection of assets in and from Space
7,31048363.31049043.31049632.31049807.31049924.31048489,31048489,Space weather,Space weather
7,31048363.31049043.31049632.31049807.31049924.31049926,31049926,Orbital Debris / Space Debris,Orbital Debris / Space Debris
7,31048363.31049043.31049632.31049807.31049924.31049927,31049927,NEO - Near Earth Objects,NEO - Near Earth Objects
7,31048363.31049043.31049632.31049807.31049924.31049928,31049928,SST - Space Surveillance and Tracking,SST - Space Surveillance and Tracking
7,31048363.31049043.31049632.31049807.31049924.31049929,31049929,SSA - Space Situatonal Awareness,SSA - Space Situatonal Awareness
6,31048363.31049043.31049632.31049807.31049930,31049930,Defence,Defence
7,31048363.31049043.31049632.31049807.31049930.31049931,31049931,Earth surveillance / High resolution imagery,Earth surveillance / High resolution imagery
7,31048363.31049043.31049632.31049807.31049930.31049932,31049932,On satellite communications,On satellite communications
7,31048363.31049043.31049632.31049807.31049930.31049933,31049933,Space Surveillance and tracking,Space Surveillance and tracking
7,31048363.31049043.31049632.31049807.31049930.31049934,31049934,Other aspects in Defence,Other aspects in Defence
6,31048363.31049043.31049632.31049807.31049935,31049935,Emergent and future domains,Emergent and future domains
7,31048363.31049043.31049632.31049807.31049935.31049936,31049936,On-orbit satellite servicing,On-orbit satellite servicing
7,31048363.31049043.31049632.31049807.31049935.31049937,31049937,Space tourism,Space tourism
7,31048363.31049043.31049632.31049807.31049935.31049938,31049938,Space-based solar power,Space-based solar power
5,31048363.31049043.31049632.31049939,31049939,Socio-economical aspects of Space,Socio-economical aspects of Space
6,31048363.31049043.31049632.31049939.31049628,31049628,Education and public outreach,Education and public outreach
6,31048363.31049043.31049632.31049939.31049940,31049940,Space Economy,Space Economy
7,31048363.31049043.31049632.31049939.31049940.31049622,31049622,Upstream industry,Upstream industry
7,31048363.31049043.31049632.31049939.31049940.31049623,31049623,Downstream industry,Downstream industry
7,31048363.31049043.31049632.31049939.31049940.31049941,31049941,The manufacturing space industry,The manufacturing space industry
7,31048363.31049043.31049632.31049939.31049940.31049942,31049942,The satellite telecommunications sector,The satellite telecommunications sector
7,31048363.31049043.31049632.31049939.31049940.31049943,31049943,The satellite earth observation sector,The satellite earth observation sector
7,31048363.31049043.31049632.31049939.31049940.31049944,31049944,Space launch activities worldwide,Space launch activities worldwide
7,31048363.31049043.31049632.31049939.31049940.31049945,31049945,International trade in selected space products,International trade in selected space products
7,31048363.31049043.31049632.31049939.31049940.31049946,31049946,Insurance market for space activities,Insurance market for space activities
6,31048363.31049043.31049632.31049939.31049947,31049947,Space policy,Space policy
6,31048363.31049043.31049632.31049939.31049948,31049948,Space law,Space law
6,31048363.31049043.31049632.31049939.31049949,31049949,Space and International cooperation,Space and International cooperation
6,31048363.31049043.31049632.31049939.31049950,31049950,Space R&D,Space R&D
6,31048363.31049043.31049632.31049939.31049951,31049951,Space and society,Space and society
6,31048363.31049043.31049632.31049939.31049952,31049952,Space history,Space history
6,31048363.31049043.31049632.31049939.31049953,31049953,Gender in space,Gender in space
4,31048363.31049043.31049914,31049914,Security,Security
5,31048363.31049043.31049914.31049954,31049954,Technologies-Components,Technologies-Components
6,31048363.31049043.31049914.31049954.31049955,31049955,Structural materials and technologies and structur,Structural materials and technologies and structural effects analysis
6,31048363.31049043.31049914.31049954.31049956,31049956,"Light and strong materials, surface treatments.","Light and strong materials, surface treatments."
6,31048363.31049043.31049914.31049954.31049957,31049957,Materials for deterrence,Materials for deterrence
6,31048363.31049043.31049914.31049954.31049958,31049958,Stealth materials and Technologies,Stealth materials and Technologies
6,31048363.31049043.31049914.31049954.31049959,31049959,Survivability and hardening,Survivability and hardening
6,31048363.31049043.31049914.31049954.31049960,31049960,Energetic materials,Energetic materials
6,31048363.31049043.31049914.31049954.31049961,31049961,Plasma technology,Plasma technology
6,31048363.31049043.31049914.31049954.31049962,31049962,Energy generation storage & distribution,Energy generation storage & distribution
6,31048363.31049043.31049914.31049954.31049963,31049963,Photonic/Optical Materials and Device Technology,Photonic/Optical Materials and Device Technology
6,31048363.31049043.31049914.31049954.31049964,31049964,"Opto-electronics: Laser, optics and related device","Opto-electronics: Laser, optics and related devices"
6,31048363.31049043.31049914.31049954.31049965,31049965,Sensor Technology and Components,Sensor Technology and Components
6,31048363.31049043.31049914.31049954.31049966,31049966,Electronic components,Electronic components
6,31048363.31049043.31049914.31049954.31049967,31049967,Signal processing technologies,Signal processing technologies
6,31048363.31049043.31049914.31049954.31049968,31049968,Information technologies,Information technologies
6,31048363.31049043.31049914.31049954.31049969,31049969,Artificial Intelligence & Decision support,Artificial Intelligence & Decision support
6,31048363.31049043.31049914.31049954.31049970,31049970,Simulation tools and technologies,Simulation tools and technologies
6,31048363.31049043.31049914.31049954.31049971,31049971,Computing Technologies,Computing Technologies
6,31048363.31049043.31049914.31049954.31049972,31049972,Information Security Technologies,Information Security Technologies
6,31048363.31049043.31049914.31049954.31049973,31049973,Communication technologies,Communication technologies
6,31048363.31049043.31049914.31049954.31049974,31049974,Physiology Science & Medical technologies,Physiology Science & Medical technologies
6,31048363.31049043.31049914.31049954.31049975,31049975,"Human sciences, including research and studies","Human sciences, including research and studies"
6,31048363.31049043.31049914.31049954.31049976,31049976,Biotechnology,Biotechnology
6,31048363.31049043.31049914.31049954.31053954,31053954,Data mining,Data mining
6,31048363.31049043.31049914.31049954.31053955,31053955,Detection technology,Detection technology
5,31048363.31049043.31049914.31049977,31049977,Equipments and sub systems,Equipments and sub systems
6,31048363.31049043.31049914.31049977.31049978,31049978,Sensor Equipments,Sensor Equipments
6,31048363.31049043.31049914.31049977.31049979,31049979,Signal Protection,Signal Protection
6,31048363.31049043.31049914.31049977.31049980,31049980,Identification equipment,Identification equipment
6,31048363.31049043.31049914.31049977.31049981,31049981,Biometric equipment,Biometric equipment
6,31048363.31049043.31049914.31049977.31049982,31049982,"Chemical, Biological, Radiological and Nuclear (CB","Chemical, Biological, Radiological and Nuclear (CBRN) protection and decontamination equipment"
6,31048363.31049043.31049914.31049977.31049983,31049983,"Navigation, guidance, control and tracking","Navigation, guidance, control and tracking"
6,31048363.31049043.31049914.31049977.31049984,31049984,Directed energy systems technology,Directed energy systems technology
6,31048363.31049043.31049914.31049977.31049985,31049985,Munitions devices and energetic contents,Munitions devices and energetic contents
6,31048363.31049043.31049914.31049977.31049986,31049986,Non lethal weapons,Non lethal weapons
6,31048363.31049043.31049914.31049977.31049987,31049987,Weapon systems (other than missiles and NLW),Weapon systems (other than missiles and NLW)
6,31048363.31049043.31049914.31049977.31049988,31049988,Explosives removal,Explosives removal
6,31048363.31049043.31049914.31049977.31049989,31049989,Survivability and hardening equipment for persons,Survivability and hardening equipment for persons
6,31048363.31049043.31049914.31049977.31049990,31049990,"Forensic technologies, others","Forensic technologies, others"
6,31048363.31049043.31049914.31049977.31049991,31049991,Buildings platforms,Buildings platforms
6,31048363.31049043.31049914.31049977.31049992,31049992,Marine equipments subsystyems,Marine equipments subsystyems
6,31048363.31049043.31049914.31049977.31049993,31049993,Space equipments subsystems,Space equipments subsystems
6,31048363.31049043.31049914.31049977.31049994,31049994,Ground equipments subsystems,Ground equipments subsystems
6,31048363.31049043.31049914.31049977.31049995,31049995,Air equipments subsystems,Air equipments subsystems
6,31048363.31049043.31049914.31049977.31049996,31049996,Missiles Equipments Subsystems,Missiles Equipments Subsystems
6,31048363.31049043.31049914.31049977.31049997,31049997,Physical access control and Electronic Authenticat,Physical access control and Electronic Authentication Equipment
6,31048363.31049043.31049914.31049977.31049998,31049998,Human Resources,Human Resources
5,31048363.31049043.31049914.31049999,31049999,Systems-Services Functions,Systems-Services Functions
6,31048363.31049043.31049914.31049999.31050000,31050000,"Risks assessment, modelling and impact reduction","Risks assessment, modelling and impact reduction"
6,31048363.31049043.31049914.31049999.31050001,31050001,Risks and vulnerabilities assessment,Risks and vulnerabilities assessment
6,31048363.31049043.31049914.31049999.31050002,31050002,Risk reduction,Risk reduction
6,31048363.31049043.31049914.31049999.31050003,31050003,Protection,Protection
7,31048363.31049043.31049914.31049999.31050003.31050004,31050004,Civil first responders protection,Civil first responders protection
7,31048363.31049043.31049914.31049999.31050003.31050005,31050005,Armed forces protections,Armed forces protections
7,31048363.31049043.31049914.31049999.31050003.31050006,31050006,Population protection,Population protection
7,31048363.31049043.31049914.31049999.31050003.31050007,31050007,Doctrine and operation,Doctrine and operation
6,31048363.31049043.31049914.31049999.31050008,31050008,"Exercise and simulation, training","Exercise and simulation, training"
7,31048363.31049043.31049914.31049999.31050008.31050009,31050009,Training and exercises,Training and exercises
7,31048363.31049043.31049914.31049999.31050008.31050010,31050010,"Detection, identification and authentication","Detection, identification and authentication"
6,31048363.31049043.31049914.31049999.31050011,31050011,Search and detection,Search and detection
6,31048363.31049043.31049914.31049999.31050012,31050012,Identification,Identification
7,31048363.31049043.31049914.31049999.31050012.31050013,31050013,Identy management,Identy management
7,31048363.31049043.31049914.31049999.31050012.31050014,31050014,Positioning and localization,Positioning and localization
6,31048363.31049043.31049914.31049999.31050015,31050015,Situation awareness & assessment (surveillance),Situation awareness & assessment (surveillance)
7,31048363.31049043.31049914.31049999.31050015.31050016,31050016,Localization,Localization
7,31048363.31049043.31049914.31049999.31050015.31050017,31050017,Surveillance,Surveillance
7,31048363.31049043.31049914.31049999.31050015.31050018,31050018,Environmental monitoring systems,Environmental monitoring systems
6,31048363.31049043.31049914.31049999.31050019,31050019,Intelligence,Intelligence
7,31048363.31049043.31049914.31049999.31050019.31050020,31050020,Information management,Information management
6,31048363.31049043.31049914.31049999.31050021,31050021,Intervention and Neutralization,Intervention and Neutralization
7,31048363.31049043.31049914.31049999.31050021.31050022,31050022,Neutralization,Neutralization
7,31048363.31049043.31049914.31049999.31050021.31050023,31050023,Communication,Communication
6,31048363.31049043.31049914.31049999.31050024,31050024,Interoperable secured communications (Security sys,Interoperable secured communications (Security systems architecture)
7,31048363.31049043.31049914.31049999.31050024.31050025,31050025,Command and Control,Command and Control
6,31048363.31049043.31049914.31049999.31050026,31050026,Crisis Operations / Management - C3I,Crisis Operations / Management - C3I
7,31048363.31049043.31049914.31049999.31050026.31050027,31050027,Population warning systems,Population warning systems
7,31048363.31049043.31049914.31049999.31050026.31050028,31050028,"Optimisation, Planning & Decision Support systems","Optimisation, Planning & Decision Support systems"
7,31048363.31049043.31049914.31049999.31050026.31050029,31050029,Infrastructure to Support Information Management &,Infrastructure to Support Information Management & Dissemination
7,31048363.31049043.31049914.31049999.31050026.31050030,31050030,Incident Response,Incident Response
6,31048363.31049043.31049914.31049999.31050031,31050031,"Critical infrastructure, emergency systems, securi","Critical infrastructure, emergency systems, security, safety engineering"
6,31048363.31049043.31049914.31049999.31050032,31050032,Search and Rescue and evacuation,Search and Rescue and evacuation
6,31048363.31049043.31049914.31049999.31050033,31050033,Decontamination and de-pollution,Decontamination and de-pollution
6,31048363.31049043.31049914.31049999.31050034,31050034,Personnal outfit systems,Personnal outfit systems
7,31048363.31049043.31049914.31049999.31050034.31050035,31050035,Subsurface systems,Subsurface systems
7,31048363.31049043.31049914.31049999.31050034.31050036,31050036,Ground systems technology,Ground systems technology
7,31048363.31049043.31049914.31049999.31050034.31050037,31050037,Air systems technology,Air systems technology
6,31048363.31049043.31049914.31049999.31050038,31050038,Psychological and Social aspects,Psychological and Social aspects
5,31048363.31049043.31049914.31050039,31050039,Design-Manufacturing,Design-Manufacturing
6,31048363.31049043.31049914.31050039.31050040,31050040,Operating Environment Knowledge & Modelling Techno,Operating Environment Knowledge & Modelling Technology
7,31048363.31049043.31049914.31050039.31050040.31048680,31048680,Oceanography,Oceanography
7,31048363.31049043.31049914.31050039.31050040.31049849,31049849,Meteorology,Meteorology
7,31048363.31049043.31049914.31050039.31050040.31050041,31050041,Terrain science,Terrain science
7,31048363.31049043.31049914.31050039.31050040.31050042,31050042,Upper atmosphere and space environment,Upper atmosphere and space environment
7,31048363.31049043.31049914.31050039.31050040.31050043,31050043,Lower atmosphere environment,Lower atmosphere environment
7,31048363.31049043.31049914.31050039.31050040.31050044,31050044,Acoustic propagation in air and water,Acoustic propagation in air and water
7,31048363.31049043.31049914.31050039.31050040.31050045,31050045,Electromagnetic propagation in air and water,Electromagnetic propagation in air and water
7,31048363.31049043.31049914.31050039.31050040.31050046,31050046,Pollutants and chemical propoagation in atmosphere,Pollutants and chemical propoagation in atmosphere
7,31048363.31049043.31049914.31050039.31050040.31050047,31050047,Chaos theories,Chaos theories
6,31048363.31049043.31049914.31050039.31050048,31050048,Systems Engineering and Design Management,Systems Engineering and Design Management
7,31048363.31049043.31049914.31050039.31050048.31050049,31050049,Interoperability,Interoperability
7,31048363.31049043.31049914.31050039.31050048.31050050,31050050,COTS/MOTS/GOTS system based integration,COTS/MOTS/GOTS system based integration
7,31048363.31049043.31049914.31050039.31050048.31050051,31050051,Safety Verification,Safety Verification
7,31048363.31049043.31049914.31050039.31050048.31050052,31050052,Cost Engineering,Cost Engineering
7,31048363.31049043.31049914.31050039.31050048.31050053,31050053,Concurrent Engineering and Reduced Design Cycle,Concurrent Engineering and Reduced Design Cycle
7,31048363.31049043.31049914.31050039.31050048.31050054,31050054,Project Management and Control,Project Management and Control
7,31048363.31049043.31049914.31050039.31050048.31050055,31050055,Reliability and maintainability of systems,Reliability and maintainability of systems
7,31048363.31049043.31049914.31050039.31050048.31050056,31050056,Integrated systems testing & evaluation,Integrated systems testing & evaluation
6,31048363.31049043.31049914.31050039.31050057,31050057,Systems Certification and Failure Investigation,Systems Certification and Failure Investigation
7,31048363.31049043.31049914.31050039.31050057.31050058,31050058,Systems certification,Systems certification
7,31048363.31049043.31049914.31050039.31050057.31050059,31050059,Failure Investigation,Failure Investigation
6,31048363.31049043.31049914.31050039.31050060,31050060,Systems Engineering and Integrated Systems Design,Systems Engineering and Integrated Systems Design
7,31048363.31049043.31049914.31050039.31050060.31050061,31050061,Aerodynamics,Aerodynamics
7,31048363.31049043.31049914.31050039.31050060.31050062,31050062,Hydrodynamics,Hydrodynamics
7,31048363.31049043.31049914.31050039.31050060.31050063,31050063,Aeronautical Design and Systems Integration,Aeronautical Design and Systems Integration
7,31048363.31049043.31049914.31050039.31050060.31050064,31050064,Radiation and EMV Hardening,Radiation and EMV Hardening
7,31048363.31049043.31049914.31050039.31050060.31050065,31050065,Robotics / automation in operational systems,Robotics / automation in operational systems
7,31048363.31049043.31049914.31050039.31050060.31050066,31050066,Security metrics,Security metrics
7,31048363.31049043.31049914.31050039.31050060.31050067,31050067,System repair technology,System repair technology
7,31048363.31049043.31049914.31050039.31050060.31050068,31050068,Electro-magnetic compatibility,Electro-magnetic compatibility
7,31048363.31049043.31049914.31050039.31050060.31050069,31050069,Digital power,Digital power
7,31048363.31049043.31049914.31050039.31050060.31050070,31050070,In-service data capture systems,In-service data capture systems
7,31048363.31049043.31049914.31050039.31050060.31050071,31050071,Fault tolerance and reconfiguration system,Fault tolerance and reconfiguration system
7,31048363.31049043.31049914.31050039.31050060.31050072,31050072,Structural Vulnerability of systems,Structural Vulnerability of systems
7,31048363.31049043.31049914.31050039.31050060.31050073,31050073,Power management of systems,Power management of systems
7,31048363.31049043.31049914.31050039.31050060.31050074,31050074,Man Machine Interface / Man System Interface,Man Machine Interface / Man System Interface
7,31048363.31049043.31049914.31050039.31050060.31050075,31050075,Design for Improved Reliability & Maintainability,Design for Improved Reliability & Maintainability
7,31048363.31049043.31049914.31050039.31050060.31050076,31050076,Advanced Prototyping,Advanced Prototyping
7,31048363.31049043.31049914.31050039.31050060.31050077,31050077,Knowledge-based Engineering,Knowledge-based Engineering
7,31048363.31049043.31049914.31050039.31050060.31050078,31050078,Health monitoring systems,Health monitoring systems
7,31048363.31049043.31049914.31050039.31050060.31050079,31050079,Signature Control for Ground Systems,Signature Control for Ground Systems
7,31048363.31049043.31049914.31050039.31050060.31050080,31050080,Acoustic design,Acoustic design
7,31048363.31049043.31049914.31050039.31050060.31050081,31050081,Stealth design,Stealth design
7,31048363.31049043.31049914.31050039.31050060.31050082,31050082,Buildings design,Buildings design
6,31048363.31049043.31049914.31050039.31050083,31050083,Manufacturing and fabrication technology,Manufacturing and fabrication technology
7,31048363.31049043.31049914.31050039.31050083.31049125,31049125,Robotics,Robotics
7,31048363.31049043.31049914.31050039.31050083.31050084,31050084,Automation of industrial processes,Automation of industrial processes
7,31048363.31049043.31049914.31050039.31050083.31050085,31050085,Metal working and industrial production,Metal working and industrial production
7,31048363.31049043.31049914.31050039.31050083.31050086,31050086,Advanced fabrication and processing,Advanced fabrication and processing
7,31048363.31049043.31049914.31050039.31050083.31050087,31050087,Bearing,Bearing
7,31048363.31049043.31049914.31050039.31050083.31050088,31050088,Metrology,Metrology
7,31048363.31049043.31049914.31050039.31050083.31050089,31050089,Non-destructive inspection and evaluation,Non-destructive inspection and evaluation
7,31048363.31049043.31049914.31050039.31050083.31050090,31050090,Techniques and Systems for Production Manufacturin,Techniques and Systems for Production Manufacturing
7,31048363.31049043.31049914.31050039.31050083.31050091,31050091,Lean Manufacturing,Lean Manufacturing
7,31048363.31049043.31049914.31050039.31050083.31050092,31050092,Process Control Technology,Process Control Technology
7,31048363.31049043.31049914.31050039.31050083.31050093,31050093,Environmentally Friendly Factory Processes,Environmentally Friendly Factory Processes
7,31048363.31049043.31049914.31050039.31050083.31050094,31050094,Production equipment,Production equipment
7,31048363.31049043.31049914.31050039.31050083.31050095,31050095,Optical coating,Optical coating
7,31048363.31049043.31049914.31050039.31050083.31050096,31050096,Dimensional metrology,Dimensional metrology
7,31048363.31049043.31049914.31050039.31050083.31050097,31050097,Precision bearings,Precision bearings
7,31048363.31049043.31049914.31050039.31050083.31050098,31050098,Micromechanical devices,Micromechanical devices
7,31048363.31049043.31049914.31050039.31050083.31050099,31050099,"Mechanical, Thermal and Fluid-Related","Mechanical, Thermal and Fluid-Related"
6,31048363.31049043.31049914.31050039.31050100,31050100,Software design validation and maintenance,Software design validation and maintenance
7,31048363.31049043.31049914.31050039.31050100.31050101,31050101,Software quality insurance,Software quality insurance
7,31048363.31049043.31049914.31050039.31050100.31050102,31050102,Integrated Development Environment (IDE),Integrated Development Environment (IDE)
7,31048363.31049043.31049914.31050039.31050100.31050103,31050103,Computer-aided software engineering (CASE),Computer-aided software engineering (CASE)
7,31048363.31049043.31049914.31050039.31050100.31050104,31050104,Secure software engineering,Secure software engineering
7,31048363.31049043.31049914.31050039.31050100.31050105,31050105,Design Pattern,Design Pattern
7,31048363.31049043.31049914.31050039.31050100.31050106,31050106,Agile software development,Agile software development
7,31048363.31049043.31049914.31050039.31050100.31050107,31050107,Model Driven Software Development,Model Driven Software Development
7,31048363.31049043.31049914.31050039.31050100.31050108,31050108,Component-Based Software Development,Component-Based Software Development
7,31048363.31049043.31049914.31050039.31050100.31050109,31050109,Version Control System,Version Control System
7,31048363.31049043.31049914.31050039.31050100.31050110,31050110,Code reuse,Code reuse
7,31048363.31049043.31049914.31050039.31050100.31050111,31050111,Debugging tool,Debugging tool
7,31048363.31049043.31049914.31050039.31050100.31050112,31050112,Software testing processes and tools,Software testing processes and tools
6,31048363.31049043.31049914.31050039.31050113,31050113,Simulation and design tools,Simulation and design tools
7,31048363.31049043.31049914.31050039.31050113.31050114,31050114,Sensor simulation,Sensor simulation
7,31048363.31049043.31049914.31050039.31050113.31050115,31050115,Network centric simulation,Network centric simulation
7,31048363.31049043.31049914.31050039.31050113.31050116,31050116,Hardware-in-the-loop-testing,Hardware-in-the-loop-testing
7,31048363.31049043.31049914.31050039.31050113.31050117,31050117,Manufacturing Process Simulation,Manufacturing Process Simulation
7,31048363.31049043.31049914.31050039.31050113.31050118,31050118,Computer aided design,Computer aided design
7,31048363.31049043.31049914.31050039.31050113.31050119,31050119,Computer aided manufacturing,Computer aided manufacturing
7,31048363.31049043.31049914.31050039.31050113.31050120,31050120,Vehicle Design and Synthesis Tools,Vehicle Design and Synthesis Tools
7,31048363.31049043.31049914.31050039.31050113.31050121,31050121,Digital vehicle,Digital vehicle
7,31048363.31049043.31049914.31050039.31050113.31050122,31050122,Virtual reality centre (digital makeup of an archi,"Virtual reality centre (digital makeup of an architecture network, etc.)"
6,31048363.31049043.31049914.31050039.31050123,31050123,Installations and Facilities,Installations and Facilities
7,31048363.31049043.31049914.31050039.31050123.31049836,31049836,Ground stations,Ground stations
7,31048363.31049043.31049914.31050039.31050123.31050124,31050124,Site engineering,Site engineering
7,31048363.31049043.31049914.31050039.31050123.31050125,31050125,Site sanitizing,Site sanitizing
7,31048363.31049043.31049914.31050039.31050123.31050126,31050126,Wind tunnels,Wind tunnels
7,31048363.31049043.31049914.31050039.31050123.31050127,31050127,Hydrodynamic test facilities,Hydrodynamic test facilities
6,31048363.31049043.31049914.31050039.31050128,31050128,Ergonomic and Human factors,Ergonomic and Human factors
7,31048363.31049043.31049914.31050039.31050128.31050129,31050129,"Methods, tools and processes to support the integr","Methods, tools and processes to support the integration of people in security systems"
7,31048363.31049043.31049914.31050039.31050128.31050130,31050130,Analysis of user needs and user requirements for s,Analysis of user needs and user requirements for security systems
7,31048363.31049043.31049914.31050039.31050128.31050131,31050131,Ergonomic Displays and Presentations.,Ergonomic Displays and Presentations.
7,31048363.31049043.31049914.31050039.31050128.31050132,31050132,Human factors in error-tolerant systems,Human factors in error-tolerant systems
5,31048363.31049043.31049914.31050133,31050133,Integrated platforms and systems and Human Factors,Integrated platforms and systems and Human Factors
6,31048363.31049043.31049914.31050133.31050134,31050134,Marine platforms,Marine platforms
6,31048363.31049043.31049914.31050133.31050135,31050135,Space platforms,Space platforms
6,31048363.31049043.31049914.31050133.31050136,31050136,Ground platforms,Ground platforms
6,31048363.31049043.31049914.31050133.31050137,31050137,Air platforms,Air platforms
6,31048363.31049043.31049914.31050133.31050138,31050138,Missiles platforms,Missiles platforms
6,31048363.31049043.31049914.31050133.31050139,31050139,"Simulators, Trainers","Simulators, Trainers"
6,31048363.31049043.31049914.31050133.31050140,31050140,Deterrence systems,Deterrence systems
6,31048363.31049043.31049914.31050133.31050141,31050141,Identity management systems,Identity management systems
6,31048363.31049043.31049914.31050133.31050142,31050142,Integrated Surveillance Systems,Integrated Surveillance Systems
6,31048363.31049043.31049914.31050133.31050143,31050143,Stealth management : Signature Control and Signatu,Stealth management : Signature Control and Signature Reduction
6,31048363.31049043.31049914.31050133.31050144,31050144,Stealth Technologies,Stealth Technologies
6,31048363.31049043.31049914.31050133.31050145,31050145,"C2, Information and intelligence systems","C2, Information and intelligence systems"
6,31048363.31049043.31049914.31050133.31050146,31050146,Networks and information security systems,Networks and information security systems
7,31048363.31049043.31049914.31050133.31050146.31053801,31053801,(user-centric) privacy preservation,(user-centric) privacy preservation
7,31048363.31049043.31049914.31050133.31050146.31053802,31053802,Anonymity,Anonymity
7,31048363.31049043.31049914.31050133.31050146.31053803,31053803,Digital identity,Digital identity
6,31048363.31049043.31049914.31050133.31050147,31050147,Communication Systems,Communication Systems
6,31048363.31049043.31049914.31050133.31050148,31050148,Human Factors Services to Security,Human Factors Services to Security
6,31048363.31049043.31049914.31050133.31050149,31050149,Equipped Personnel,Equipped Personnel
6,31048363.31049043.31049914.31050133.31050150,31050150,Integrated systems of systems,Integrated systems of systems
5,31048363.31049043.31049914.31050151,31050151,Mission Capabilities,Mission Capabilities
6,31048363.31049043.31049914.31050151.31050152,31050152,Preserve the functionning of the State,Preserve the functionning of the State
7,31048363.31049043.31049914.31050151.31050152.31050153,31050153,Safeguard secured liaisons,Safeguard secured liaisons
7,31048363.31049043.31049914.31050151.31050152.31050154,31050154,Protection of Installations and buildings of vital,Protection of Installations and buildings of vital importance
7,31048363.31049043.31049914.31050151.31050152.31050155,31050155,Protection of Authorities,Protection of Authorities
6,31048363.31049043.31049914.31050151.31050156,31050156,Ensure Identification and control of goods and peo,Ensure Identification and control of goods and people
7,31048363.31049043.31049914.31050151.31050156.31050157,31050157,Ensure management and control of identities and ri,Ensure management and control of identities and rights
7,31048363.31049043.31049914.31050151.31050156.31050158,31050158,Control and track cross border goods and materials,Control and track cross border goods and materials
7,31048363.31049043.31049914.31050151.31050156.31050159,31050159,Control and track cross border information,Control and track cross border information
6,31048363.31049043.31049914.31050151.31050160,31050160,Ensure and Mantaining Law and Order,Ensure and Mantaining Law and Order
7,31048363.31049043.31049914.31050151.31050160.31050161,31050161,Fight against trafficking,Fight against trafficking
7,31048363.31049043.31049914.31050151.31050160.31050162,31050162,Fight against criminality,Fight against criminality
7,31048363.31049043.31049914.31050151.31050160.31050163,31050163,Fight against delinquency and insecurity,Fight against delinquency and insecurity
7,31048363.31049043.31049914.31050151.31050160.31050164,31050164,Manage intervention and neutralisation,Manage intervention and neutralisation
7,31048363.31049043.31049914.31050151.31050160.31050165,31050165,Manage judicial police operations,Manage judicial police operations
6,31048363.31049043.31049914.31050151.31050166,31050166,Ensure Economic Security,Ensure Economic Security
7,31048363.31049043.31049914.31050151.31050166.31050167,31050167,Ensure Intelligence (economic intelligence),Ensure Intelligence (economic intelligence)
7,31048363.31049043.31049914.31050151.31050166.31050168,31050168,Use appropriate instruments,Use appropriate instruments
7,31048363.31049043.31049914.31050151.31050166.31050169,31050169,Ensure continuity of economic activity,Ensure continuity of economic activity
6,31048363.31049043.31049914.31050151.31050170,31050170,Protection of citizens (goods and people),Protection of citizens (goods and people)
7,31048363.31049043.31049914.31050151.31050170.31050171,31050171,Protect each individual citizen (included protecti,Protect each individual citizen (included protecting fo material and immaterial goods)
7,31048363.31049043.31049914.31050151.31050170.31050172,31050172,Secure public area,Secure public area
7,31048363.31049043.31049914.31050151.31050170.31050173,31050173,"Rescue of people (see rescue,etc.)","Rescue of people (see rescue,etc.)"
7,31048363.31049043.31049914.31050151.31050170.31050174,31050174,Control of environment,Control of environment
7,31048363.31049043.31049914.31050151.31050170.31050175,31050175,Secure food chain and wealth products,Secure food chain and wealth products
7,31048363.31049043.31049914.31050151.31050170.31050176,31050176,Ensure collective protection (included secure publ,Ensure collective protection (included secure public area)
6,31048363.31049043.31049914.31050151.31050177,31050177,Avert and foreseen Catastrophes,Avert and foreseen Catastrophes
7,31048363.31049043.31049914.31050151.31050177.31050178,31050178,Decrease technological and industrial risks,Decrease technological and industrial risks
7,31048363.31049043.31049914.31050151.31050177.31050179,31050179,Surveillance of environment in order to alert,Surveillance of environment in order to alert
7,31048363.31049043.31049914.31050151.31050177.31050180,31050180,Ensure Epidemiological Surveillance,Ensure Epidemiological Surveillance
7,31048363.31049043.31049914.31050151.31050177.31050181,31050181,Surveillance of zones under humanitarian risk (mi,"Surveillance of zones under humanitarian risk (migratory flow, drought,etc.)"
6,31048363.31049043.31049914.31050151.31050182,31050182,Avert and prepare themselves against aggression,Avert and prepare themselves against aggression
7,31048363.31049043.31049914.31050151.31050182.31050183,31050183,Manage intelligence and surveillance actions,Manage intelligence and surveillance actions
7,31048363.31049043.31049914.31050151.31050182.31050184,31050184,Evaluation of threats and vulnerabilities,Evaluation of threats and vulnerabilities
7,31048363.31049043.31049914.31050151.31050182.31050185,31050185,Reduction of criminology qualities,Reduction of criminology qualities
7,31048363.31049043.31049914.31050151.31050182.31050186,31050186,Take protection measures (proactive and reactive o,Take protection measures (proactive and reactive ones)
7,31048363.31049043.31049914.31050151.31050182.31050187,31050187,Manage preventative operations,Manage preventative operations
7,31048363.31049043.31049914.31050151.31050182.31050188,31050188,"Surveillance of environment (control, detection CB","Surveillance of environment (control, detection CBRN, abnormal behaviours,etc.)"
7,31048363.31049043.31049914.31050151.31050182.31050189,31050189,Ensure Communication and alerts,Ensure Communication and alerts
6,31048363.31049043.31049914.31050151.31050190,31050190,Control and surveillance of areas,Control and surveillance of areas
7,31048363.31049043.31049914.31050151.31050190.31050191,31050191,Air surveillance,Air surveillance
7,31048363.31049043.31049914.31050151.31050190.31050192,31050192,Maritime surrounding areas surveillance,Maritime surrounding areas surveillance
7,31048363.31049043.31049914.31050151.31050190.31050193,31050193,Coast and boundaries surveillance,Coast and boundaries surveillance
7,31048363.31049043.31049914.31050151.31050190.31050194,31050194,Surveillance of information flows and illegal cont,Surveillance of information flows and illegal content
7,31048363.31049043.31049914.31050151.31050190.31050195,31050195,Detection and neutralisation of non authorised peo,Detection and neutralisation of non authorised people or mobiles (before crisis)
6,31048363.31049043.31049914.31050151.31050196,31050196,Protection of areas and infrastructures,Protection of areas and infrastructures
7,31048363.31049043.31049914.31050151.31050196.31050197,31050197,"Protection of partially opened sites (ports, airpo","Protection of partially opened sites (ports, airports, hospitals, etc)"
7,31048363.31049043.31049914.31050151.31050196.31050198,31050198,Protection of closed areas (sensitive installation,Protection of closed areas (sensitive installations)
7,31048363.31049043.31049914.31050151.31050196.31050199,31050199,Protection of open areas (shopping centers),Protection of open areas (shopping centers)
7,31048363.31049043.31049914.31050151.31050196.31050200,31050200,"Protection of sites where events take place (G8, c","Protection of sites where events take place (G8, concerts in open areas,etc.)"
6,31048363.31049043.31049914.31050151.31050201,31050201,Protection of networks,Protection of networks
7,31048363.31049043.31049914.31050151.31050201.31050202,31050202,Transport systems,Transport systems
7,31048363.31049043.31049914.31050151.31050201.31050203,31050203,Water and power distribution,Water and power distribution
7,31048363.31049043.31049914.31050151.31050201.31050204,31050204,Communication network,Communication network
7,31048363.31049043.31049914.31050151.31050201.31050205,31050205,Information systems,Information systems
7,31048363.31049043.31049914.31050151.31050201.31050206,31050206,Bank Systems,Bank Systems
6,31048363.31049043.31049914.31050151.31050207,31050207,"Protection of environment (before, during and afte","Protection of environment (before, during and after)"
7,31048363.31049043.31049914.31050151.31050207.31050208,31050208,Fight against pollution,Fight against pollution
7,31048363.31049043.31049914.31050151.31050207.31050209,31050209,Fight against threats to the Environment,Fight against threats to the Environment
7,31048363.31049043.31049914.31050151.31050207.31050210,31050210,Monitor the respect of agreements,Monitor the respect of agreements
6,31048363.31049043.31049914.31050151.31050211,31050211,Security of transport,Security of transport
7,31048363.31049043.31049914.31050151.31050211.31050212,31050212,Transport of dangerous materials,Transport of dangerous materials
7,31048363.31049043.31049914.31050151.31050211.31050213,31050213,Surveillance of traffic areas,Surveillance of traffic areas
7,31048363.31049043.31049914.31050151.31050211.31050214,31050214,Ensure the continuity of flows,Ensure the continuity of flows
7,31048363.31049043.31049914.31050151.31050211.31050215,31050215,Restore security of flows,Restore security of flows
6,31048363.31049043.31049914.31050151.31050216,31050216,Crisis management,Crisis management
7,31048363.31049043.31049914.31050151.31050216.31050217,31050217,Crisis management operations,Crisis management operations
7,31048363.31049043.31049914.31050151.31050216.31050218,31050218,Manage and lead complex operations,Manage and lead complex operations
7,31048363.31049043.31049914.31050151.31050216.31050219,31050219,Rescue of people,Rescue of people
7,31048363.31049043.31049914.31050151.31050216.31050220,31050220,Protection of order and rescue forces,Protection of order and rescue forces
7,31048363.31049043.31049914.31050151.31050216.31050221,31050221,Protection of chain of evidence,Protection of chain of evidence
6,31048363.31049043.31049914.31050151.31050222,31050222,Ensure restoration and reparation,Ensure restoration and reparation
6,31048363.31049043.31049914.31050151.31050223,31050223,Security of nationals abroad,Security of nationals abroad
7,31048363.31049043.31049914.31050151.31050223.31050224,31050224,Protection of traffic areas,Protection of traffic areas
7,31048363.31049043.31049914.31050151.31050223.31050225,31050225,Collection of local data,Collection of local data
7,31048363.31049043.31049914.31050151.31050223.31050226,31050226,Lead evacuatin operations,Lead evacuatin operations
6,31048363.31049043.31049914.31050151.31050227,31050227,Lead operation for external security,Lead operation for external security
7,31048363.31049043.31049914.31050151.31050227.31049870,31049870,Humanitarian Operations,Humanitarian Operations
7,31048363.31049043.31049914.31050151.31050227.31050228,31050228,Evacuation Operations,Evacuation Operations
7,31048363.31049043.31049914.31050151.31050227.31050229,31050229,Conflict prevention/Peace keeping,Conflict prevention/Peace keeping
6,31048363.31049043.31049914.31050151.31050230,31050230,Contol of disarmament/ fight against proliferation,Contol of disarmament/ fight against proliferation
7,31048363.31049043.31049914.31050151.31050230.31050231,31050231,Ensure intelligence,Ensure intelligence
7,31048363.31049043.31049914.31050151.31050230.31050232,31050232,Area Surveillance,Area Surveillance
7,31048363.31049043.31049914.31050151.31050230.31050233,31050233,"Control and track of flows, substances and materia","Control and track of flows, substances and materials"
5,31048363.31049043.31049914.31050234,31050234,Policy and Support,Policy and Support
6,31048363.31049043.31049914.31050234.31049249,31049249,Training,Training
7,31048363.31049043.31049914.31050234.31049249.31050257,31050257,Operator training,Operator training
7,31048363.31049043.31049914.31050234.31049249.31050258,31050258,Population training,Population training
7,31048363.31049043.31049914.31050234.31049249.31050259,31050259,Leadership/managers training,Leadership/managers training
7,31048363.31049043.31049914.31050234.31049249.31050260,31050260,"Training Centres/facilities, e.g. airport training","Training Centres/facilities, e.g. airport training centres"
7,31048363.31049043.31049914.31050234.31049249.31050261,31050261,Training Development and evaluation,Training Development and evaluation
7,31048363.31049043.31049914.31050234.31049249.31050262,31050262,"Eventspecific training, e.g. hostage taking hijack","Eventspecific training, e.g. hostage taking hijacking, mine-awareness."
7,31048363.31049043.31049914.31050234.31049249.31050263,31050263,"Job and task specific training, e.g. Baggage and C","Job and task specific training, e.g. Baggage and Cargo screener training ."
7,31048363.31049043.31049914.31050234.31049249.31050264,31050264,Media training,Media training
6,31048363.31049043.31049914.31050234.31050235,31050235,Security Analysis,Security Analysis
7,31048363.31049043.31049914.31050234.31050235.31050236,31050236,"Policy, force development and balance of investmen","Policy, force development and balance of investment studies"
7,31048363.31049043.31049914.31050234.31050235.31050237,31050237,Combined operational effectiveness and investment,Combined operational effectiveness and investment appraisals
7,31048363.31049043.31049914.31050234.31050235.31050238,31050238,Platform and system concept studies,Platform and system concept studies
7,31048363.31049043.31049914.31050234.31050235.31050239,31050239,Scenario generation,Scenario generation
7,31048363.31049043.31049914.31050234.31050235.31050240,31050240,Other effectiveness and performance studies,Other effectiveness and performance studies
7,31048363.31049043.31049914.31050234.31050235.31050241,31050241,"Political & Cultural, ethical and religious analys","Political & Cultural, ethical and religious analysis"
7,31048363.31049043.31049914.31050234.31050235.31050242,31050242,Crisis management and Conflict Simulation,Crisis management and Conflict Simulation
7,31048363.31049043.31049914.31050234.31050235.31050243,31050243,Legal & Ethical constraints,Legal & Ethical constraints
7,31048363.31049043.31049914.31050234.31050235.31050244,31050244,Multinational and Inter-organisation analysis and,Multinational and Inter-organisation analysis and planning and operation
6,31048363.31049043.31049914.31050234.31050245,31050245,Miscellaneous Security Functions and Policy,Miscellaneous Security Functions and Policy
7,31048363.31049043.31049914.31050234.31050245.31050246,31050246,International Security & Counter Insurgency,International Security & Counter Insurgency
7,31048363.31049043.31049914.31050234.31050245.31050247,31050247,Non-proliferation,Non-proliferation
7,31048363.31049043.31049914.31050234.31050245.31050248,31050248,Hazard assessment,Hazard assessment
7,31048363.31049043.31049914.31050234.31050245.31050249,31050249,Distribution Logistics (e.g.maintaining distributi,Distribution Logistics (e.g.maintaining distribution logistics in cases of severe crises)
6,31048363.31049043.31049914.31050234.31050250,31050250,Human resources (HR) management for security perso,Human resources (HR) management for security personnel
7,31048363.31049043.31049914.31050234.31050250.31050251,31050251,Selection of personnel (e. g. Baggage and cargo sc,Selection of personnel (e. g. Baggage and cargo screener selection)
7,31048363.31049043.31049914.31050234.31050250.31050252,31050252,Licensing and Certification,Licensing and Certification
7,31048363.31049043.31049914.31050234.31050250.31050253,31050253,"Working practices, procedures and rules of engagem","Working practices, procedures and rules of engagement"
7,31048363.31049043.31049914.31050234.31050250.31050254,31050254,Staff management and working practices,Staff management and working practices
7,31048363.31049043.31049914.31050234.31050250.31050255,31050255,Team (Crew) Resource Management,Team (Crew) Resource Management
7,31048363.31049043.31049914.31050234.31050250.31050256,31050256,Knowledge management applied to Security issues,Knowledge management applied to Security issues
6,31048363.31049043.31049914.31050234.31050265,31050265,Scenario and decision simulation,Scenario and decision simulation
7,31048363.31049043.31049914.31050234.31050265.31050266,31050266,Human behaviour modelling and simulation,Human behaviour modelling and simulation
7,31048363.31049043.31049914.31050234.31050265.31050267,31050267,Simulation for decision making (real time simulati,Simulation for decision making (real time simulation)
7,31048363.31049043.31049914.31050234.31050265.31050268,31050268,Mission simulation,Mission simulation
7,31048363.31049043.31049914.31050234.31050265.31050269,31050269,Evacuation and consequence management techniques,Evacuation and consequence management techniques
7,31048363.31049043.31049914.31050234.31050265.31050270,31050270,Impact analysis concepts and impact reduction,Impact analysis concepts and impact reduction
7,31048363.31049043.31049914.31050234.31050265.31050271,31050271,Structures vulnerability prediction,Structures vulnerability prediction
7,31048363.31049043.31049914.31050234.31050265.31050272,31050272,Space Operations monitoring,Space Operations monitoring
7,31048363.31049043.31049914.31050234.31050265.31050273,31050273,Quick Launch,Quick Launch
7,31048363.31049043.31049914.31050234.31050265.31050274,31050274,Single-Stage-To-Orbit (SSTO) Reusable Launch Vehic,Single-Stage-To-Orbit (SSTO) Reusable Launch Vehicle (RLV)
7,31048363.31049043.31049914.31050234.31050265.31050275,31050275,Launch Vehicles for Space Systems,Launch Vehicles for Space Systems
6,31048363.31049043.31049914.31050234.31050276,31050276,Long term health hazard prevention in security rel,Long term health hazard prevention in security related situations
7,31048363.31049043.31049914.31050234.31050276.31050277,31050277,System safety of security systems,System safety of security systems
7,31048363.31049043.31049914.31050234.31050276.31050278,31050278,"Fatigue and stress observation, analysis and copin","Fatigue and stress observation, analysis and coping"
7,31048363.31049043.31049914.31050234.31050276.31050279,31050279,Occupational health services for security personne,"Occupational health services for security personnel (methods, facilities, evaluation)"
7,31048363.31049043.31049914.31050234.31050276.31050280,31050280,Plans and concepts for disaster medicine and relev,Plans and concepts for disaster medicine and relevant health services
6,31048363.31049043.31049914.31050234.31050281,31050281,Gender in Security,Gender in Security
5,31048363.31049043.31049914.31050282,31050282,Financial Engineering,Financial Engineering
6,31048363.31049043.31049914.31050282.31050283,31050283,Public Private Partnerships (PPP),Public Private Partnerships (PPP)
6,31048363.31049043.31049914.31050282.31050284,31050284,"Economic and socio-economic evaluation, economic-f","Economic and socio-economic evaluation, economic-financial modelling"
6,31048363.31049043.31049914.31050282.31050285,31050285,Financial modelling,Financial modelling
6,31048363.31049043.31049914.31050282.31050286,31050286,Project finance,Project finance
6,31048363.31049043.31049914.31050282.31050287,31050287,Infrastructure pricing,Infrastructure pricing
6,31048363.31049043.31049914.31050282.31050288,31050288,"Transport costs: capex, opex, external costs","Transport costs: capex, opex, external costs"
6,31048363.31049043.31049914.31050282.31050289,31050289,"Risk analysis (budget, traffic, revenue, planning,","Risk analysis (budget, traffic, revenue, planning, others)"
6,31048363.31049043.31049914.31050282.31050290,31050290,Transport demand forecast,Transport demand forecast
4,31048363.31049043.31053953,31053953,Environmental engineering,Environmental engineering
5,31048363.31049043.31053953.31049151,31049151,Ocean engineering,Ocean engineering
6,31048363.31049043.31053953.31049151.31049045,31049045,"Civil engineering, maritime/hydraulic engineering,","Civil engineering, maritime/hydraulic engineering, geotechnics, waste treatment"
6,31048363.31049043.31053953.31049151.31049416,31049416,Ocean literacy,Ocean literacy
5,31048363.31049043.31053953.31049213,31049213,"Environmental and geological engineering, geotechn","Environmental and geological engineering, geotechnics"
6,31048363.31049043.31053953.31049213.31049045,31049045,"Civil engineering, maritime/hydraulic engineering,","Civil engineering, maritime/hydraulic engineering, geotechnics, waste treatment"
6,31048363.31049043.31053953.31049213.31049214,31049214,"Geological engineering, geophysical engineering, m","Geological engineering, geophysical engineering, mining, geotechnics"
6,31048363.31049043.31053953.31049213.31049215,31049215,Environmental engineering and geotechnics,Environmental engineering and geotechnics
6,31048363.31049043.31053953.31049213.31049216,31049216,"Sustainable design (for recycling, for environment","Sustainable design (for recycling, for environment, eco-design)"
6,31048363.31049043.31053953.31049213.31049217,31049217,Rural and survey engineering,Rural and survey engineering
5,31048363.31049043.31053953.31049218,31049218,"Energy, fuels and petroleum engineering","Energy, fuels and petroleum engineering"
6,31048363.31049043.31053953.31049218.31049070,31049070,Energy storage,Energy storage
7,31048363.31049043.31053953.31049218.31049070.31049397,31049397,Heat storage,Heat storage
7,31048363.31049043.31053953.31049218.31049070.31049398,31049398,Electricity storage,Electricity storage
6,31048363.31049043.31053953.31049218.31049174,31049174,"Energy systems (production, distribution, applicat","Energy systems (production, distribution, application)"
6,31048363.31049043.31053953.31049218.31049219,31049219,"Energy systems, smart energy, smart grids, wireles","Energy systems, smart energy, smart grids, wireless energy transfer"
6,31048363.31049043.31053953.31049218.31049220,31049220,"Energy collection, conversion and storage, renewab","Energy collection, conversion and storage, renewable energy"
6,31048363.31049043.31053953.31049218.31049221,31049221,Microfluidics,Microfluidics
6,31048363.31049043.31053953.31049218.31049222,31049222,Energy efficiency - general,Energy efficiency - general
6,31048363.31049043.31053953.31049218.31049223,31049223,Energy efficient buildings,Energy efficient buildings
7,31048363.31049043.31053953.31049218.31049223.31049224,31049224,Energy performance of buildings policy,Energy performance of buildings policy
7,31048363.31049043.31053953.31049218.31049223.31049225,31049225,Energy performance certification,Energy performance certification
7,31048363.31049043.31053953.31049218.31049223.31049226,31049226,Residential buildings,Residential buildings
7,31048363.31049043.31053953.31049218.31049223.31049227,31049227,Tertiary buildings,Tertiary buildings
7,31048363.31049043.31053953.31049218.31049223.31049228,31049228,Energy management in buildings,Energy management in buildings
7,31048363.31049043.31053953.31049218.31049223.31049229,31049229,Building design,Building design
7,31048363.31049043.31053953.31049218.31049223.31049230,31049230,Occupant behaviour,Occupant behaviour
7,31048363.31049043.31053953.31049218.31049223.31049231,31049231,Awareness campaigns,Awareness campaigns
7,31048363.31049043.31053953.31049218.31049223.31049232,31049232,Renovation,Renovation
7,31048363.31049043.31053953.31049218.31049223.31049233,31049233,Quality and compliance in buildings,Quality and compliance in buildings
7,31048363.31049043.31053953.31049218.31049223.31049234,31049234,Urban planning,Urban planning
7,31048363.31049043.31053953.31049218.31049223.31049235,31049235,Building codes and regulations,Building codes and regulations
7,31048363.31049043.31053953.31049218.31049223.31049236,31049236,Low/nearly-zero & energy positive buildings,Low/nearly-zero & energy positive buildings
7,31048363.31049043.31053953.31049218.31049223.31049237,31049237,Integration of renewables,Integration of renewables
7,31048363.31049043.31053953.31049218.31049223.31049238,31049238,Vocational training,Vocational training
7,31048363.31049043.31053953.31049218.31049223.31049239,31049239,Construction skills,Construction skills
7,31048363.31049043.31053953.31049218.31049223.31049240,31049240,HVAC systems,HVAC systems
6,31048363.31049043.31053953.31049218.31049241,31049241,Energy efficient industry,Energy efficient industry
7,31048363.31049043.31053953.31049218.31049241.31049242,31049242,Energy intensive industry,Energy intensive industry
7,31048363.31049043.31053953.31049218.31049241.31049243,31049243,Small and medium size enterprises,Small and medium size enterprises
7,31048363.31049043.31053953.31049218.31049241.31049244,31049244,Energy management,Energy management
7,31048363.31049043.31053953.31049218.31049241.31049245,31049245,Energy auditing,Energy auditing
7,31048363.31049043.31053953.31049218.31049241.31049246,31049246,Energy benchmarking,Energy benchmarking
7,31048363.31049043.31053953.31049218.31049241.31049247,31049247,Industrial processes,Industrial processes
7,31048363.31049043.31053953.31049218.31049241.31049248,31049248,Voluntary agreements,Voluntary agreements
7,31048363.31049043.31053953.31049218.31049241.31049249,31049249,Training,Training
7,31048363.31049043.31053953.31049218.31049241.31049250,31049250,Industrial clusters,Industrial clusters
7,31048363.31049043.31053953.31049218.31049241.31049251,31049251,Polygeneration,Polygeneration
6,31048363.31049043.31053953.31049218.31049252,31049252,Energy efficient products,Energy efficient products
7,31048363.31049043.31053953.31049218.31049252.31049253,31049253,Energy labels,Energy labels
7,31048363.31049043.31053953.31049218.31049252.31049254,31049254,"Ecodesign, Life Cycle Analysis","Ecodesign, Life Cycle Analysis"
7,31048363.31049043.31053953.31049218.31049252.31049255,31049255,Green procurement,Green procurement
7,31048363.31049043.31053953.31049218.31049252.31049256,31049256,Standby losses,Standby losses
7,31048363.31049043.31053953.31049218.31049252.31049257,31049257,Domestic appliances,Domestic appliances
7,31048363.31049043.31053953.31049218.31049252.31049258,31049258,Lighting,Lighting
7,31048363.31049043.31053953.31049218.31049252.31049259,31049259,Motor driven systems,Motor driven systems
7,31048363.31049043.31053953.31049218.31049252.31049260,31049260,HVAC equipment,HVAC equipment
7,31048363.31049043.31053953.31049218.31049252.31049261,31049261,ICT,ICT
7,31048363.31049043.31053953.31049218.31049252.31049262,31049262,Metering,Metering
6,31048363.31049043.31053953.31049218.31049263,31049263,Energy end-use efficiency and energy services,Energy end-use efficiency and energy services
7,31048363.31049043.31053953.31049218.31049263.31049244,31049244,Energy management,Energy management
7,31048363.31049043.31053953.31049218.31049263.31049264,31049264,Policy making on energy efficiency,Policy making on energy efficiency
7,31048363.31049043.31053953.31049218.31049263.31049265,31049265,Energy services,Energy services
7,31048363.31049043.31053953.31049218.31049263.31049266,31049266,Energy services companies (ESCO),Energy services companies (ESCO)
7,31048363.31049043.31053953.31049218.31049263.31049267,31049267,Energy performance contracting,Energy performance contracting
7,31048363.31049043.31053953.31049218.31049263.31049268,31049268,Financial mechanisms,Financial mechanisms
7,31048363.31049043.31053953.31049218.31049263.31049269,31049269,Metering & billing,Metering & billing
7,31048363.31049043.31053953.31049218.31049263.31049270,31049270,Measurement & verification,Measurement & verification
7,31048363.31049043.31053953.31049218.31049263.31049271,31049271,Information & awareness-raising,Information & awareness-raising
7,31048363.31049043.31053953.31049218.31049263.31049272,31049272,Energy audits,Energy audits
7,31048363.31049043.31053953.31049218.31049263.31049273,31049273,Energy efficiency obligations,Energy efficiency obligations
6,31048363.31049043.31053953.31049218.31049274,31049274,Sustainable transport - general,Sustainable transport - general
6,31048363.31049043.31053953.31049218.31049275,31049275,Sustainable transport,Sustainable transport
7,31048363.31049043.31053953.31049218.31049275.31049276,31049276,Mobility management,Mobility management
7,31048363.31049043.31053953.31049218.31049275.31049277,31049277,Traffic demand management,Traffic demand management
7,31048363.31049043.31053953.31049218.31049275.31049278,31049278,Public transport,Public transport
7,31048363.31049043.31053953.31049218.31049275.31049279,31049279,Freight and logistics,Freight and logistics
7,31048363.31049043.31053953.31049218.31049275.31049280,31049280,Sustainable planning,Sustainable planning
7,31048363.31049043.31053953.31049218.31049275.31049281,31049281,Clean vehicles,Clean vehicles
7,31048363.31049043.31053953.31049218.31049275.31049282,31049282,Walking and cycling,Walking and cycling
7,31048363.31049043.31053953.31049218.31049275.31049283,31049283,Modal shift / co-modality,Modal shift / co-modality
7,31048363.31049043.31053953.31049218.31049275.31049284,31049284,Urban transport,Urban transport
7,31048363.31049043.31053953.31049218.31049275.31049285,31049285,Stakeholder management,Stakeholder management
6,31048363.31049043.31053953.31049218.31049286,31049286,Combined Heat & Power - general,Combined Heat & Power - general
6,31048363.31049043.31053953.31049218.31049287,31049287,Combined Heat & Power,Combined Heat & Power
7,31048363.31049043.31053953.31049218.31049287.31049251,31049251,Polygeneration,Polygeneration
7,31048363.31049043.31053953.31049218.31049287.31049288,31049288,Renewable Energy CHP,Renewable Energy CHP
7,31048363.31049043.31053953.31049218.31049287.31049289,31049289,Micro-CHP,Micro-CHP
6,31048363.31049043.31053953.31049218.31049290,31049290,Renewable energy sources - general,Renewable energy sources - general
6,31048363.31049043.31053953.31049218.31049291,31049291,Renewable electricity,Renewable electricity
7,31048363.31049043.31053953.31049218.31049291.31049292,31049292,Wind,Wind
7,31048363.31049043.31053953.31049218.31049291.31049293,31049293,Hydro,Hydro
7,31048363.31049043.31053953.31049218.31049291.31049294,31049294,Offshore Technologies,Offshore Technologies
7,31048363.31049043.31053953.31049218.31049291.31049295,31049295,Photovoltaics,Photovoltaics
7,31048363.31049043.31053953.31049218.31049291.31049296,31049296,Ocean energy,Ocean energy
7,31048363.31049043.31053953.31049218.31049291.31049297,31049297,Geothermal,Geothermal
7,31048363.31049043.31053953.31049218.31049291.31049298,31049298,Bioelectricity,Bioelectricity
7,31048363.31049043.31053953.31049218.31049291.31049299,31049299,Concentrated Solar Power,Concentrated Solar Power
7,31048363.31049043.31053953.31049218.31049291.31049301,31049301,Energy Economics,Energy Economics
7,31048363.31049043.31053953.31049218.31049291.31049302,31049302,Electricity Market/Regulations,Electricity Market/Regulations
7,31048363.31049043.31053953.31049218.31049291.31049303,31049303,Electricity Transmission/Distribution,Electricity Transmission/Distribution
7,31048363.31049043.31053953.31049218.31049291.31049304,31049304,Permitting Procedures,Permitting Procedures
7,31048363.31049043.31053953.31049218.31049291.31049305,31049305,Market analysis and modelling,Market analysis and modelling
7,31048363.31049043.31053953.31049218.31049291.31049306,31049306,Project financing,Project financing
7,31048363.31049043.31053953.31049218.31049291.31049343,31049343,Project development,Project development
7,31048363.31049043.31053953.31049218.31049291.31051373,31051373,Policy development,Policy development
6,31048363.31049043.31053953.31049218.31049308,31049308,Renewable heating & cooling,Renewable heating & cooling
7,31048363.31049043.31053953.31049218.31049308.31049297,31049297,Geothermal,Geothermal
7,31048363.31049043.31053953.31049218.31049308.31049305,31049305,Market analysis and modelling,Market analysis and modelling
7,31048363.31049043.31053953.31049218.31049308.31049309,31049309,Biomass,Biomass
7,31048363.31049043.31053953.31049218.31049308.31049310,31049310,Solar Thermal,Solar Thermal
7,31048363.31049043.31053953.31049218.31049308.31049311,31049311,Solar cooling,Solar cooling
7,31048363.31049043.31053953.31049218.31049308.31049312,31049312,District Heating & Cooling,District Heating & Cooling
7,31048363.31049043.31053953.31049218.31049308.31049313,31049313,District Heating with CHP,District Heating with CHP
7,31048363.31049043.31053953.31049218.31049308.31049315,31049315,Awareness Raising,Awareness Raising
7,31048363.31049043.31053953.31049218.31049308.31049316,31049316,Storage,Storage
7,31048363.31049043.31053953.31049218.31049308.31049317,31049317,Solar Heating & Cooling,Solar Heating & Cooling
7,31048363.31049043.31053953.31049218.31049308.31051306,31051306,Market development,Market development
7,31048363.31049043.31053953.31049218.31049308.31051373,31051373,Policy development,Policy development
6,31048363.31049043.31053953.31049218.31049318,31049318,RES integration in buildings,RES integration in buildings
7,31048363.31049043.31053953.31049218.31049318.31049234,31049234,Urban planning,Urban planning
7,31048363.31049043.31053953.31049218.31049318.31049235,31049235,Building codes and regulations,Building codes and regulations
7,31048363.31049043.31053953.31049218.31049318.31049295,31049295,Photovoltaics,Photovoltaics
7,31048363.31049043.31053953.31049218.31049318.31049305,31049305,Market analysis and modelling,Market analysis and modelling
7,31048363.31049043.31053953.31049218.31049318.31049319,31049319,Biomass heating,Biomass heating
7,31048363.31049043.31053953.31049218.31049318.31049320,31049320,Heat pumps,Heat pumps
6,31048363.31049043.31053953.31049218.31049321,31049321,RES consumers,RES consumers
7,31048363.31049043.31053953.31049218.31049321.31049315,31049315,Awareness Raising,Awareness Raising
7,31048363.31049043.31053953.31049218.31049321.31049322,31049322,Prosumers,Prosumers
7,31048363.31049043.31053953.31049218.31049321.31049323,31049323,Cooperatives,Cooperatives
7,31048363.31049043.31053953.31049218.31049321.31049324,31049324,Guarantee of origin,Guarantee of origin
6,31048363.31049043.31053953.31049218.31049325,31049325,Transport biofuels,Transport biofuels
7,31048363.31049043.31053953.31049218.31049325.31049326,31049326,Biodiesel,Biodiesel
7,31048363.31049043.31053953.31049218.31049325.31049327,31049327,Bioethanol,Bioethanol
7,31048363.31049043.31053953.31049218.31049325.31049328,31049328,Pure plant oil,Pure plant oil
7,31048363.31049043.31053953.31049218.31049325.31049329,31049329,Biogas,Biogas
7,31048363.31049043.31053953.31049218.31049325.31049330,31049330,Biomethane,Biomethane
7,31048363.31049043.31053953.31049218.31049325.31049331,31049331,Second Generation Biofuels,Second Generation Biofuels
7,31048363.31049043.31053953.31049218.31049325.31049332,31049332,Agriculture / Forestry / Rural Development,Agriculture / Forestry / Rural Development
7,31048363.31049043.31053953.31049218.31049325.31049333,31049333,Fuel Production & Distribution,Fuel Production & Distribution
7,31048363.31049043.31053953.31049218.31049325.31049334,31049334,Certification & Standards,Certification & Standards
7,31048363.31049043.31053953.31049218.31049325.31049335,31049335,Policy & Support Schemes,Policy & Support Schemes
7,31048363.31049043.31053953.31049218.31049325.31049336,31049336,Communication & Marketing,Communication & Marketing
7,31048363.31049043.31053953.31049218.31049325.31049337,31049337,Market analysis & modelling,Market analysis & modelling
7,31048363.31049043.31053953.31049218.31049325.31049338,31049338,Sustainability,Sustainability
7,31048363.31049043.31053953.31049218.31049325.31049339,31049339,Impact Assessment,Impact Assessment
7,31048363.31049043.31053953.31049218.31049325.31049340,31049340,Financing / Investment Schemes,Financing / Investment Schemes
6,31048363.31049043.31053953.31049218.31049341,31049341,Bioenergy,Bioenergy
7,31048363.31049043.31053953.31049218.31049341.31049306,31049306,Project financing,Project financing
7,31048363.31049043.31053953.31049218.31049341.31049338,31049338,Sustainability,Sustainability
7,31048363.31049043.31053953.31049218.31049341.31049339,31049339,Impact Assessment,Impact Assessment
7,31048363.31049043.31053953.31049218.31049341.31049342,31049342,Regional / Local Planning,Regional / Local Planning
7,31048363.31049043.31053953.31049218.31049341.31049343,31049343,Project development,Project development
7,31048363.31049043.31053953.31049218.31049341.31049344,31049344,Supply chain,Supply chain
7,31048363.31049043.31053953.31049218.31049341.31049345,31049345,Agriculture / Rural Development,Agriculture / Rural Development
7,31048363.31049043.31053953.31049218.31049341.31049346,31049346,Forestry,Forestry
7,31048363.31049043.31053953.31049218.31049341.31049347,31049347,Biomass CHP,Biomass CHP
7,31048363.31049043.31053953.31049218.31049341.31049348,31049348,GIS Expertise,GIS Expertise
7,31048363.31049043.31053953.31049218.31049341.31049349,31049349,Liquid Biofuels markets,Liquid Biofuels markets
7,31048363.31049043.31053953.31049218.31049341.31049350,31049350,Solid Biofuels markets,Solid Biofuels markets
7,31048363.31049043.31053953.31049218.31049341.31049351,31049351,Biogas markets,Biogas markets
7,31048363.31049043.31053953.31049218.31049341.31051373,31051373,Policy development,Policy development
6,31048363.31049043.31053953.31049218.31049352,31049352,Sustainable energy communities,Sustainable energy communities
7,31048363.31049043.31053953.31049218.31049352.31049234,31049234,Urban planning,Urban planning
7,31048363.31049043.31053953.31049218.31049352.31049353,31049353,Low/zero carbon communities,Low/zero carbon communities
7,31048363.31049043.31053953.31049218.31049352.31049354,31049354,Sustainable energy citizenship,Sustainable energy citizenship
7,31048363.31049043.31053953.31049218.31049352.31049355,31049355,Public participation,Public participation
7,31048363.31049043.31053953.31049218.31049352.31049356,31049356,Local sustainable energy supply,Local sustainable energy supply
7,31048363.31049043.31053953.31049218.31049352.31049357,31049357,Sustainable Energy Action Plans,Sustainable Energy Action Plans
7,31048363.31049043.31053953.31049218.31049352.31049358,31049358,Energy Management Systems,Energy Management Systems
7,31048363.31049043.31053953.31049218.31049352.31049359,31049359,Public spending,Public spending
7,31048363.31049043.31053953.31049218.31049352.31049360,31049360,Local & Regional Energy Agencies,Local & Regional Energy Agencies
7,31048363.31049043.31053953.31049218.31049352.31049361,31049361,Policy & strategy,Policy & strategy
7,31048363.31049043.31053953.31049218.31049352.31049362,31049362,Behavioural change,Behavioural change
6,31048363.31049043.31053953.31049218.31049363,31049363,Energy education and training,Energy education and training
7,31048363.31049043.31053953.31049218.31049363.31049238,31049238,Vocational training,Vocational training
7,31048363.31049043.31053953.31049218.31049363.31049249,31049249,Training,Training
7,31048363.31049043.31053953.31049218.31049363.31049364,31049364,Educational policy,Educational policy
7,31048363.31049043.31053953.31049218.31049363.31049365,31049365,Primary and secondary education,Primary and secondary education
7,31048363.31049043.31053953.31049218.31049363.31049366,31049366,Post-secondary education,Post-secondary education
7,31048363.31049043.31053953.31049218.31049363.31049367,31049367,Informal education,Informal education
7,31048363.31049043.31053953.31049218.31049363.31049368,31049368,Life long learning,Life long learning
7,31048363.31049043.31053953.31049218.31049363.31049369,31049369,Distance learning (web based education),Distance learning (web based education)
7,31048363.31049043.31053953.31049218.31049363.31049370,31049370,Teaching materials,Teaching materials
6,31048363.31049043.31053953.31049218.31049371,31049371,Energy indicators and statistics,Energy indicators and statistics
7,31048363.31049043.31053953.31049218.31049371.31049372,31049372,Monitoring and evaluation - general,Monitoring and evaluation - general
7,31048363.31049043.31053953.31049218.31049371.31049373,31049373,Energy efficiency monitoring and evaluation,Energy efficiency monitoring and evaluation
7,31048363.31049043.31053953.31049218.31049371.31049374,31049374,Renewable energies monitoring and evaluation,Renewable energies monitoring and evaluation
7,31048363.31049043.31053953.31049218.31049371.31049375,31049375,Sustainable transport monitoring and evaluation,Sustainable transport monitoring and evaluation
6,31048363.31049043.31053953.31049218.31049376,31049376,Financing sustainable energy,Financing sustainable energy
7,31048363.31049043.31053953.31049218.31049376.31049377,31049377,Financing mechanisms,Financing mechanisms
7,31048363.31049043.31053953.31049218.31049376.31049378,31049378,Risk assessment,Risk assessment
7,31048363.31049043.31053953.31049218.31049376.31049379,31049379,Financing for energy efficiency,Financing for energy efficiency
7,31048363.31049043.31053953.31049218.31049376.31049380,31049380,Financing for renewable energies,Financing for renewable energies
7,31048363.31049043.31053953.31049218.31049376.31049381,31049381,Financing for sustainable transport,Financing for sustainable transport
7,31048363.31049043.31053953.31049218.31049376.31049382,31049382,Fund establishment / management,Fund establishment / management
7,31048363.31049043.31053953.31049218.31049376.31049383,31049383,Project Development Assistance,Project Development Assistance
7,31048363.31049043.31053953.31049218.31049376.31049384,31049384,Capacity building,Capacity building
6,31048363.31049043.31053953.31049218.31049385,31049385,Sustainable energy policy,Sustainable energy policy
7,31048363.31049043.31053953.31049218.31049385.31049264,31049264,Policy making on energy efficiency,Policy making on energy efficiency
7,31048363.31049043.31053953.31049218.31049385.31049386,31049386,Policy making on renewable energies,Policy making on renewable energies
7,31048363.31049043.31053953.31049218.31049385.31049387,31049387,Policy making on sustainable transport,Policy making on sustainable transport
6,31048363.31049043.31053953.31049218.31049388,31049388,Fossil fuels,Fossil fuels
7,31048363.31049043.31053953.31049218.31049388.31049389,31049389,Natural gas,Natural gas
7,31048363.31049043.31053953.31049218.31049388.31049390,31049390,LNG,LNG
7,31048363.31049043.31053953.31049218.31049388.31049391,31049391,LPG,LPG
7,31048363.31049043.31053953.31049218.31049388.31049392,31049392,Oil,Oil
7,31048363.31049043.31053953.31049218.31049388.31049393,31049393,Clean Coal,Clean Coal
7,31048363.31049043.31053953.31049218.31049388.31073729,31073729,Gas transmission pipelines,Gas transmission pipelines
6,31048363.31049043.31053953.31049218.31049394,31049394,Carbon capture and sequestration,Carbon capture and sequestration
6,31048363.31049043.31053953.31049218.31049395,31049395,Nuclear,Nuclear
6,31048363.31049043.31053953.31049218.31073730,31073730,Electricity and gas transmission regulation,Electricity and gas transmission regulation
5,31048363.31049043.31053953.31049399,31049399,Remote sensing,Remote sensing
6,31048363.31049043.31053953.31049399.31048578,31048578,"Electrochemistry, electrodialysis, microfluidics,","Electrochemistry, electrodialysis, microfluidics, sensors"
6,31048363.31049043.31053953.31049399.31053870,31053870,Photonics,Photonics
5,31048363.31049043.31053953.31049400,31049400,Mining and mineral processing,Mining and mineral processing
6,31048363.31049043.31053953.31049400.31049045,31049045,"Civil engineering, maritime/hydraulic engineering,","Civil engineering, maritime/hydraulic engineering, geotechnics, waste treatment"
5,31048363.31049043.31053953.31049401,31049401,Marine engineering,Marine engineering
6,31048363.31049043.31053953.31049401.31049045,31049045,"Civil engineering, maritime/hydraulic engineering,","Civil engineering, maritime/hydraulic engineering, geotechnics, waste treatment"
6,31048363.31049043.31053953.31049401.31049401,31049401,Marine engineering,Marine engineering
6,31048363.31049043.31053953.31049401.31049402,31049402,"Carriers (ROV, AOV, other autonomous vessels) and","Carriers (ROV, AOV, other autonomous vessels) and power supply"
6,31048363.31049043.31053953.31049401.31049403,31049403,Deep-sea technology,Deep-sea technology
6,31048363.31049043.31053953.31049401.31049404,31049404,Marine technology sensors and instrumentation,Marine technology sensors and instrumentation
6,31048363.31049043.31053953.31049401.31049405,31049405,Maritime safety,Maritime safety
6,31048363.31049043.31053953.31049401.31049406,31049406,"Remote sensing: satelliteborne sensors, airborne p","Remote sensing: satelliteborne sensors, airborne platforms, radar and lidar systems"
6,31048363.31049043.31053953.31049401.31049407,31049407,Underwater communications,Underwater communications
6,31048363.31049043.31053953.31049401.31049408,31049408,Offshore technology,Offshore technology
6,31048363.31049043.31053953.31049401.31049409,31049409,Underwater technology,Underwater technology
6,31048363.31049043.31053953.31049401.31049410,31049410,Seabed mining technology,Seabed mining technology
6,31048363.31049043.31053953.31049401.31049411,31049411,Maritime spatial planning,Maritime spatial planning
6,31048363.31049043.31053953.31049401.31049412,31049412,Maritime transport,Maritime transport
6,31048363.31049043.31053953.31049401.31049413,31049413,Marine renewable energies,Marine renewable energies
6,31048363.31049043.31053953.31049401.31049414,31049414,Marine mineral resources,Marine mineral resources
5,31048363.31049043.31053953.31049415,31049415,Sea vessels,Sea vessels
3,31048363.31050291,31050291,MEDICAL AND HEALTH SCIENCES,MEDICAL AND HEALTH SCIENCES
4,31048363.31050291.31050292,31050292,Basic medicine,Basic medicine
5,31048363.31050291.31050292.31048814,31048814,Toxicology,Toxicology
6,31048363.31050291.31050292.31048814.31050367,31050367,Alcohol diseases,Alcohol diseases
6,31048363.31050291.31050292.31048814.31050368,31050368,Drug diseases,Drug diseases
6,31048363.31050291.31050292.31048814.31050369,31050369,Poisoning,Poisoning
6,31048363.31050291.31050292.31048814.31050370,31050370,Acute toxicity,Acute toxicity
6,31048363.31050291.31050292.31048814.31050371,31050371,Chronic toxicity,Chronic toxicity
6,31048363.31050291.31050292.31048814.31050372,31050372,Developmental toxicity,Developmental toxicity
6,31048363.31050291.31050292.31048814.31059663,31059663,Safety Pharmacology,Safety Pharmacology
5,31048363.31050291.31050292.31050293,31050293,Anatomy and morphology,Anatomy and morphology
6,31048363.31050291.31050292.31050293.31050294,31050294,Neuroanatomy and neurophysiology,Neuroanatomy and neurophysiology
6,31048363.31050291.31050292.31050293.31050295,31050295,Human morphology,Human morphology
6,31048363.31050291.31050292.31050293.31050296,31050296,Pathological anatomy,Pathological anatomy
6,31048363.31050291.31050292.31050293.31050297,31050297,Human anatomy,Human anatomy
6,31048363.31050291.31050292.31050293.31050298,31050298,Auditive system,Auditive system
6,31048363.31050291.31050292.31050293.31050299,31050299,Cardiovascular system,Cardiovascular system
6,31048363.31050291.31050292.31050293.31050300,31050300,Locomotion system,Locomotion system
6,31048363.31050291.31050292.31050293.31050301,31050301,Respiratory system,Respiratory system
6,31048363.31050291.31050292.31050293.31050302,31050302,Secreting systems,Secreting systems
5,31048363.31050291.31050292.31050303,31050303,Human genetics,Human genetics
6,31048363.31050291.31050292.31050303.31048878,31048878,"Genomics, comparative genomics, functional genomic","Genomics, comparative genomics, functional genomics"
6,31048363.31050291.31050292.31050303.31048879,31048879,"Molecular genetics, reverse genetics and RNAi","Molecular genetics, reverse genetics and RNAi"
6,31048363.31050291.31050292.31050303.31048880,31048880,Quantitative genetics,Quantitative genetics
6,31048363.31050291.31050292.31050303.31048881,31048881,Epigenetics and gene regulation,Epigenetics and gene regulation
6,31048363.31050291.31050292.31050303.31048882,31048882,Genetic epidemiology,Genetic epidemiology
6,31048363.31050291.31050292.31050303.31050304,31050304,"Gene therapy, cell therapy, regenerative medicine","Gene therapy, cell therapy, regenerative medicine"
6,31048363.31050291.31050292.31050303.31050305,31050305,DNA therapy,DNA therapy
5,31048363.31050291.31050292.31050306,31050306,Immunology,Immunology
6,31048363.31050291.31050292.31050306.31050307,31050307,Innate immunity and inflammation,Innate immunity and inflammation
6,31048363.31050291.31050292.31050306.31050308,31050308,Adaptive immunity,Adaptive immunity
6,31048363.31050291.31050292.31050306.31050309,31050309,Phagocytosis and cellular immunity,Phagocytosis and cellular immunity
6,31048363.31050291.31050292.31050306.31050310,31050310,Immunosignalling,Immunosignalling
6,31048363.31050291.31050292.31050306.31050311,31050311,Immunological memory and tolerance,Immunological memory and tolerance
6,31048363.31050291.31050292.31050306.31050312,31050312,Immunogenetics,Immunogenetics
6,31048363.31050291.31050292.31050306.31050313,31050313,Allergology,Allergology
6,31048363.31050291.31050292.31050306.31050314,31050314,Vaccines,Vaccines
6,31048363.31050291.31050292.31050306.31050315,31050315,Biological basis of immunity related disorders,Biological basis of immunity related disorders
6,31048363.31050291.31050292.31050306.31050316,31050316,Activation immunotherapies,Activation immunotherapies
6,31048363.31050291.31050292.31050306.31050317,31050317,Suppression immunotherapies,Suppression immunotherapies
5,31048363.31050291.31050292.31050318,31050318,Neurosciences (including psychophysiology),Neurosciences (including psychophysiology)
6,31048363.31050291.31050292.31050318.31048426,31048426,Neuroimaging and computational neuroscience,Neuroimaging and computational neuroscience
6,31048363.31050291.31050292.31050318.31048791,31048791,Molecular and cellular neuroscience,Molecular and cellular neuroscience
6,31048363.31050291.31050292.31050318.31048832,31048832,Neurochemistry and neuropharmacology,Neurochemistry and neuropharmacology
6,31048363.31050291.31050292.31050318.31048894,31048894,Developmental neurobiology,Developmental neurobiology
6,31048363.31050291.31050292.31050318.31050294,31050294,Neuroanatomy and neurophysiology,Neuroanatomy and neurophysiology
6,31048363.31050291.31050292.31050318.31050319,31050319,Neurobiology,Neurobiology
6,31048363.31050291.31050292.31050318.31050320,31050320,Neurochemistry,Neurochemistry
6,31048363.31050291.31050292.31050318.31050321,31050321,Neuroinformatics,Neuroinformatics
6,31048363.31050291.31050292.31050318.31050322,31050322,Neurology,Neurology
6,31048363.31050291.31050292.31050318.31050323,31050323,Neurophysiology,Neurophysiology
6,31048363.31050291.31050292.31050318.31050324,31050324,Neuropsychology,Neuropsychology
6,31048363.31050291.31050292.31050318.31050325,31050325,Brain research,Brain research
6,31048363.31050291.31050292.31050318.31050326,31050326,Neurodegenerative disorders,Neurodegenerative disorders
6,31048363.31050291.31050292.31050318.31050327,31050327,Dementia,Dementia
6,31048363.31050291.31050292.31050318.31050328,31050328,Mental disorders,Mental disorders
6,31048363.31050291.31050292.31050318.31050329,31050329,Mental health,Mental health
6,31048363.31050291.31050292.31050318.31050330,31050330,Higher brain functions,Higher brain functions
6,31048363.31050291.31050292.31050318.31050331,31050331,Psychiatric disorders,Psychiatric disorders
6,31048363.31050291.31050292.31050318.31050332,31050332,Motorneuron disorders,Motorneuron disorders
6,31048363.31050291.31050292.31050318.31050333,31050333,Neuroinflammatory disorders,Neuroinflammatory disorders
6,31048363.31050291.31050292.31050318.31050334,31050334,Neurosurgical disorders,Neurosurgical disorders
6,31048363.31050291.31050292.31050318.31050335,31050335,Neuroendocrinological disorders,Neuroendocrinological disorders
6,31048363.31050291.31050292.31050318.31050336,31050336,Systems neuroscience,Systems neuroscience
6,31048363.31050291.31050292.31050318.31050337,31050337,"Behavioural neuroscience (e.g. sleep, consciousnes","Behavioural neuroscience (e.g. sleep, consciousness, handedness)"
6,31048363.31050291.31050292.31050318.31050338,31050338,"Sensory systems (e.g. visual system, auditory syst","Sensory systems (e.g. visual system, auditory system)"
6,31048363.31050291.31050292.31050318.31050339,31050339,Mechanisms of pain,Mechanisms of pain
6,31048363.31050291.31050292.31050318.31050340,31050340,"Cognition (e.g. learning, memory, emotions, speech","Cognition (e.g. learning, memory, emotions, speech)"
6,31048363.31050291.31050292.31050318.31050341,31050341,"Neurological disorders (e.g. Alzheimer's disease,","Neurological disorders (e.g. Alzheimer's disease, Huntington's disease, Parkinson's disease)"
6,31048363.31050291.31050292.31050318.31053956,31053956,Brain simulation and modeling,Brain simulation and modeling
7,31048363.31050291.31050292.31050318.31053956.31053957,31053957,Brain simulation; brain modelling; molecular neuro,Brain simulation; brain modelling; molecular neuroscience; cellular neuroscience; cognitive neuroscience; theoretical neuroscience
5,31048363.31050291.31050292.31050342,31050342,Pharmacology and pharmacy,Pharmacology and pharmacy
6,31048363.31050291.31050292.31050342.31048832,31048832,Neurochemistry and neuropharmacology,Neurochemistry and neuropharmacology
6,31048363.31050291.31050292.31050342.31050343,31050343,Basic pharmacology,Basic pharmacology
6,31048363.31050291.31050292.31050342.31050344,31050344,Cosmetology,Cosmetology
6,31048363.31050291.31050292.31050342.31050345,31050345,Pharmacognosy,Pharmacognosy
6,31048363.31050291.31050292.31050342.31050346,31050346,Pharmaceutical development,Pharmaceutical development
6,31048363.31050291.31050292.31050342.31050347,31050347,Clinical Pharmacology,Clinical Pharmacology
7,31048363.31050291.31050292.31050342.31050347.31050348,31050348,Clinical data,Clinical data
7,31048363.31050291.31050292.31050342.31050347.31050349,31050349,Clinical information,Clinical information
7,31048363.31050291.31050292.31050342.31050347.31050350,31050350,Clinical targets,Clinical targets
7,31048363.31050291.31050292.31050342.31050347.31050351,31050351,Clinical trials,Clinical trials
7,31048363.31050291.31050292.31050342.31050347.31050352,31050352,Co-morbidity,Co-morbidity
7,31048363.31050291.31050292.31050342.31050347.31050353,31050353,Patient safety,Patient safety
7,31048363.31050291.31050292.31050342.31050347.31050354,31050354,Patient stratification,Patient stratification
6,31048363.31050291.31050292.31050342.31050355,31050355,"Pharmacology, pharmacogenomics, drug discovery and","Pharmacology, pharmacogenomics, drug discovery and design, drug therapy"
6,31048363.31050291.31050292.31050342.31050356,31050356,Translational medicine,Translational medicine
6,31048363.31050291.31050292.31050342.31050357,31050357,Pharmaceutical chemistry,Pharmaceutical chemistry
6,31048363.31050291.31050292.31050342.31050358,31050358,"Drug development, clinical phases","Drug development, clinical phases"
7,31048363.31050291.31050292.31050342.31050358.31050359,31050359,"Clinical development, Phase I","Clinical development, Phase I"
7,31048363.31050291.31050292.31050342.31050358.31050360,31050360,"Clinical development, Phase II","Clinical development, Phase II"
7,31048363.31050291.31050292.31050342.31050358.31050361,31050361,"Clinical development, Phase III","Clinical development, Phase III"
7,31048363.31050291.31050292.31050342.31050358.31050362,31050362,Pharmacodynamics,Pharmacodynamics
7,31048363.31050291.31050292.31050342.31050358.31050363,31050363,Pharmacokinetics,Pharmacokinetics
6,31048363.31050291.31050292.31050342.31050364,31050364,"Drug development, late phases","Drug development, late phases"
7,31048363.31050291.31050292.31050342.31050364.31050365,31050365,Regulatory affairs,Regulatory affairs
7,31048363.31050291.31050292.31050342.31050364.31050366,31050366,Pharmacovigilance,Pharmacovigilance
5,31048363.31050291.31050292.31050373,31050373,Physiology (including cytology),Physiology (including cytology)
6,31048363.31050291.31050292.31050373.31050294,31050294,Neuroanatomy and neurophysiology,Neuroanatomy and neurophysiology
6,31048363.31050291.31050292.31050373.31050374,31050374,Organ physiology and pathophysiology,Organ physiology and pathophysiology
6,31048363.31050291.31050292.31050373.31050375,31050375,Comparative physiology and pathophysiology,Comparative physiology and pathophysiology
5,31048363.31050291.31050292.31050376,31050376,Pathology,Pathology
6,31048363.31050291.31050292.31050376.31050296,31050296,Pathological anatomy,Pathological anatomy
6,31048363.31050291.31050292.31050376.31050374,31050374,Organ physiology and pathophysiology,Organ physiology and pathophysiology
6,31048363.31050291.31050292.31050376.31050375,31050375,Comparative physiology and pathophysiology,Comparative physiology and pathophysiology
6,31048363.31050291.31050292.31050376.31050377,31050377,Psychophysiology of ageing,Psychophysiology of ageing
6,31048363.31050291.31050292.31050376.31050378,31050378,Ageing,Ageing
6,31048363.31050291.31050292.31050376.31050379,31050379,General pathology,General pathology
4,31048363.31050291.31050380,31050380,Clinical medicine,Clinical medicine
5,31048363.31050291.31050380.31050381,31050381,Andrology,Andrology
5,31048363.31050291.31050380.31050382,31050382,Obstetrics and gynaecology,Obstetrics and gynaecology
6,31048363.31050291.31050380.31050382.31050383,31050383,Gynaecology,Gynaecology
6,31048363.31050291.31050380.31050382.31050384,31050384,Obstetrics,Obstetrics
5,31048363.31050291.31050380.31050385,31050385,Paediatrics,Paediatrics
5,31048363.31050291.31050380.31050386,31050386,Cardiac and Cardiovascular systems,Cardiac and Cardiovascular systems
6,31048363.31050291.31050380.31050386.31050356,31050356,Translational medicine,Translational medicine
6,31048363.31050291.31050380.31050386.31050387,31050387,Cardiovascular diseases,Cardiovascular diseases
6,31048363.31050291.31050380.31050386.31050388,31050388,Acute syndroms,Acute syndroms
6,31048363.31050291.31050380.31050386.31050389,31050389,Aortic disease,Aortic disease
6,31048363.31050291.31050380.31050386.31050390,31050390,Arrhythmias,Arrhythmias
7,31048363.31050291.31050380.31050386.31050390.31050391,31050391,Electrophysiology,Electrophysiology
6,31048363.31050291.31050380.31050386.31050392,31050392,Biomarkers,Biomarkers
6,31048363.31050291.31050380.31050386.31050393,31050393,Cardiac Imaging,Cardiac Imaging
7,31048363.31050291.31050380.31050386.31050393.31050394,31050394,Non-invasive,Non-invasive
7,31048363.31050291.31050380.31050386.31050393.31050395,31050395,Invasive,Invasive
6,31048363.31050291.31050380.31050386.31050396,31050396,Cardiac rehabilitation,Cardiac rehabilitation
6,31048363.31050291.31050380.31050386.31050397,31050397,Congenital heart disease,Congenital heart disease
6,31048363.31050291.31050380.31050386.31050398,31050398,Interventional Cardiology,Interventional Cardiology
6,31048363.31050291.31050380.31050386.31050399,31050399,Heart failure,Heart failure
6,31048363.31050291.31050380.31050386.31050400,31050400,Hypertension,Hypertension
7,31048363.31050291.31050380.31050386.31050400.31050401,31050401,Arterial,Arterial
7,31048363.31050291.31050380.31050386.31050400.31050402,31050402,Pulmonary,Pulmonary
6,31048363.31050291.31050380.31050386.31050403,31050403,Myocardial and pericardial diseases,Myocardial and pericardial diseases
6,31048363.31050291.31050380.31050386.31050404,31050404,Percutaneous Cardiovascular Interventions,Percutaneous Cardiovascular Interventions
6,31048363.31050291.31050380.31050386.31050405,31050405,Pediatric cardiology,Pediatric cardiology
6,31048363.31050291.31050380.31050386.31050406,31050406,Prevention,Prevention
7,31048363.31050291.31050380.31050386.31050406.31050407,31050407,Risk factors,Risk factors
6,31048363.31050291.31050380.31050386.31050408,31050408,Valvular heart diseases,Valvular heart diseases
5,31048363.31050291.31050380.31050409,31050409,Peripheral vascular disease,Peripheral vascular disease
5,31048363.31050291.31050380.31050410,31050410,Hematology,Hematology
5,31048363.31050291.31050380.31050411,31050411,Respiratory systems,Respiratory systems
5,31048363.31050291.31050380.31050412,31050412,Critical care medicine and Emergency medicine,Critical care medicine and Emergency medicine
6,31048363.31050291.31050380.31050412.31050413,31050413,Emergency medicine,Emergency medicine
6,31048363.31050291.31050380.31050412.31050414,31050414,Intensive care,Intensive care
5,31048363.31050291.31050380.31050415,31050415,Anaesthesiology,Anaesthesiology
5,31048363.31050291.31050380.31050416,31050416,Orthopaedics,Orthopaedics
6,31048363.31050291.31050380.31050416.31050417,31050417,Podiatry,Podiatry
5,31048363.31050291.31050380.31050418,31050418,Surgery,Surgery
6,31048363.31050291.31050380.31050418.31049125,31049125,Robotics,Robotics
6,31048363.31050291.31050380.31050418.31050419,31050419,Analgesia and Surgery,Analgesia and Surgery
6,31048363.31050291.31050380.31050418.31050420,31050420,Abdominal surgery,Abdominal surgery
6,31048363.31050291.31050380.31050418.31050421,31050421,Cardiovascular surgery,Cardiovascular surgery
6,31048363.31050291.31050380.31050418.31050422,31050422,Microsurgery,Microsurgery
6,31048363.31050291.31050380.31050418.31050423,31050423,Neurosurgery,Neurosurgery
6,31048363.31050291.31050380.31050418.31050424,31050424,Plastic surgery,Plastic surgery
6,31048363.31050291.31050380.31050418.31050425,31050425,Traumatology,Traumatology
6,31048363.31050291.31050380.31050418.31053870,31053870,Photonics,Photonics
7,31048363.31050291.31050380.31050418.31053870.31053958,31053958,"Biophotonics, Imaging, image and data processing","Biophotonics, Imaging, image and data processing"
5,31048363.31050291.31050380.31050426,31050426,"Radiology, nuclear medicine and medical imaging","Radiology, nuclear medicine and medical imaging"
6,31048363.31050291.31050380.31050426.31048388,31048388,Signal processing,Signal processing
6,31048363.31050291.31050380.31050426.31048426,31048426,Neuroimaging and computational neuroscience,Neuroimaging and computational neuroscience
6,31048363.31050291.31050380.31050426.31049067,31049067,"Communication technology, high-frequency technolog","Communication technology, high-frequency technology"
6,31048363.31050291.31050380.31050426.31050427,31050427,Dosimetry,Dosimetry
7,31048363.31050291.31050380.31050426.31050427.31050428,31050428,External dosimetry,External dosimetry
7,31048363.31050291.31050380.31050426.31050427.31050429,31050429,Internal dosimetry,Internal dosimetry
7,31048363.31050291.31050380.31050426.31050427.31050430,31050430,Retrospective dosimetry,Retrospective dosimetry
6,31048363.31050291.31050380.31050426.31050431,31050431,Radiation therapy,Radiation therapy
6,31048363.31050291.31050380.31050426.31050432,31050432,Radiotherapy,Radiotherapy
6,31048363.31050291.31050380.31050426.31050433,31050433,Tomography,Tomography
6,31048363.31050291.31050380.31050426.31050434,31050434,Low level laser therapy,Low level laser therapy
7,31048363.31050291.31050380.31050426.31050434.31050435,31050435,Laser therapy and diagnosis,Laser therapy and diagnosis
7,31048363.31050291.31050380.31050426.31050434.31050436,31050436,Ultrasound therapy,Ultrasound therapy
6,31048363.31050291.31050380.31050426.31053870,31053870,Photonics,Photonics
7,31048363.31050291.31050380.31050426.31053870.31053958,31053958,"Biophotonics, Imaging, image and data processing","Biophotonics, Imaging, image and data processing"
5,31048363.31050291.31050380.31050437,31050437,Transplantation,Transplantation
5,31048363.31050291.31050380.31050438,31050438,"Dentistry, oral surgery and medicine","Dentistry, oral surgery and medicine"
6,31048363.31050291.31050380.31050438.31050439,31050439,Dental health,Dental health
6,31048363.31050291.31050380.31050438.31050440,31050440,Odontology,Odontology
7,31048363.31050291.31050380.31050438.31050440.31050441,31050441,Dental surgery,Dental surgery
6,31048363.31050291.31050380.31050438.31050442,31050442,Stomatology,Stomatology
5,31048363.31050291.31050380.31050443,31050443,Dermatology and venereal diseases,Dermatology and venereal diseases
5,31048363.31050291.31050380.31050444,31050444,Allergy,Allergy
6,31048363.31050291.31050380.31050444.31050445,31050445,Biological basis of immunity related disorders (e.,Biological basis of immunity related disorders (e.g. autoimmunity)
5,31048363.31050291.31050380.31050446,31050446,Rheumatology,Rheumatology
6,31048363.31050291.31050380.31050446.31050445,31050445,Biological basis of immunity related disorders (e.,Biological basis of immunity related disorders (e.g. autoimmunity)
5,31048363.31050291.31050380.31050447,31050447,"Endocrinology and metabolism (including diabetes,","Endocrinology and metabolism (including diabetes, hormones)"
6,31048363.31050291.31050380.31050447.31048830,31048830,Metabolomics,Metabolomics
6,31048363.31050291.31050380.31050447.31048831,31048831,Glycomics,Glycomics
6,31048363.31050291.31050380.31050447.31050448,31050448,Endocrinology,Endocrinology
7,31048363.31050291.31050380.31050447.31050448.31050449,31050449,Hormones,Hormones
6,31048363.31050291.31050380.31050447.31050450,31050450,"Metabolism, biological basis of metabolism related","Metabolism, biological basis of metabolism related disorders"
6,31048363.31050291.31050380.31050447.31050451,31050451,Obesity,Obesity
7,31048363.31050291.31050380.31050447.31050451.31050452,31050452,Fat metabolism,Fat metabolism
7,31048363.31050291.31050380.31050447.31050451.31050453,31050453,Complications of obesity,Complications of obesity
7,31048363.31050291.31050380.31050447.31050451.31050454,31050454,Prevention of obesity,Prevention of obesity
6,31048363.31050291.31050380.31050447.31050455,31050455,Diabetology,Diabetology
7,31048363.31050291.31050380.31050447.31050455.31050456,31050456,Type 1 diabetes,Type 1 diabetes
7,31048363.31050291.31050380.31050447.31050455.31050457,31050457,Type 2 diabetes,Type 2 diabetes
7,31048363.31050291.31050380.31050447.31050455.31050458,31050458,Other diabetes,Other diabetes
7,31048363.31050291.31050380.31050447.31050455.31050459,31050459,Nephropathy,Nephropathy
7,31048363.31050291.31050380.31050447.31050455.31050460,31050460,Neuropathy,Neuropathy
7,31048363.31050291.31050380.31050447.31050455.31050461,31050461,Retinopathy,Retinopathy
7,31048363.31050291.31050380.31050447.31050455.31050462,31050462,Ulcers,Ulcers
7,31048363.31050291.31050380.31050447.31050455.31050463,31050463,Policystic Ovarian Syndrome,Policystic Ovarian Syndrome
7,31048363.31050291.31050380.31050447.31050455.31050464,31050464,Other diabetes complications,Other diabetes complications
6,31048363.31050291.31050380.31050447.31050465,31050465,Physical activity/Exercise,Physical activity/Exercise
5,31048363.31050291.31050380.31050466,31050466,Gastroenterology and hepatology,Gastroenterology and hepatology
5,31048363.31050291.31050380.31050467,31050467,Urology and nephrology,Urology and nephrology
6,31048363.31050291.31050380.31050467.31050468,31050468,Nephrology,Nephrology
6,31048363.31050291.31050380.31050467.31050469,31050469,Urology,Urology
5,31048363.31050291.31050380.31050470,31050470,Oncology,Oncology
6,31048363.31050291.31050380.31050470.31050471,31050471,Anticancer therapy,Anticancer therapy
6,31048363.31050291.31050380.31050470.31050472,31050472,Quality-of-life,Quality-of-life
6,31048363.31050291.31050380.31050470.31050473,31050473,Haematology,Haematology
6,31048363.31050291.31050380.31050470.31050474,31050474,Cancer and its biological basis,Cancer and its biological basis
5,31048363.31050291.31050380.31050475,31050475,Ophthalmology,Ophthalmology
5,31048363.31050291.31050380.31050476,31050476,Otorhinolaryngology,Otorhinolaryngology
6,31048363.31050291.31050380.31050476.31050477,31050477,Audiology,Audiology
7,31048363.31050291.31050380.31050476.31050477.31050478,31050478,Audiologopaedia,Audiologopaedia
7,31048363.31050291.31050380.31050476.31050477.31050479,31050479,Phoniatry,Phoniatry
7,31048363.31050291.31050380.31050476.31050477.31050480,31050480,Speech therapy,Speech therapy
5,31048363.31050291.31050380.31050481,31050481,Psychiatry,Psychiatry
6,31048363.31050291.31050380.31050481.31050482,31050482,"Psychiatric disorders (e.g. schizophrenia, autism,","Psychiatric disorders (e.g. schizophrenia, autism, Tourette's syndrome, obsessive compulsive disorder, depression, bipolar disorder, attention deficit hyperactivity disorder)"
6,31048363.31050291.31050380.31050481.31050483,31050483,Child psychiatry,Child psychiatry
6,31048363.31050291.31050380.31050481.31050484,31050484,Forensic psychiatry,Forensic psychiatry
5,31048363.31050291.31050380.31050485,31050485,Psychosomatics,Psychosomatics
5,31048363.31050291.31050380.31050486,31050486,Clinical neurology,Clinical neurology
6,31048363.31050291.31050380.31050486.31050339,31050339,Mechanisms of pain,Mechanisms of pain
6,31048363.31050291.31050380.31050486.31050341,31050341,"Neurological disorders (e.g. Alzheimer's disease,","Neurological disorders (e.g. Alzheimer's disease, Huntington's disease, Parkinson's disease)"
6,31048363.31050291.31050380.31050486.31050482,31050482,"Psychiatric disorders (e.g. schizophrenia, autism,","Psychiatric disorders (e.g. schizophrenia, autism, Tourette's syndrome, obsessive compulsive disorder, depression, bipolar disorder, attention deficit hyperactivity disorder)"
5,31048363.31050291.31050380.31050487,31050487,Geriatrics and gerontology,Geriatrics and gerontology
6,31048363.31050291.31050380.31050487.31050326,31050326,Neurodegenerative disorders,Neurodegenerative disorders
7,31048363.31050291.31050380.31050487.31050326.31050327,31050327,Dementia,Dementia
5,31048363.31050291.31050380.31050488,31050488,General and internal medicine,General and internal medicine
5,31048363.31050291.31050380.31050489,31050489,Other clinical medicine subjects,Other clinical medicine subjects
6,31048363.31050291.31050380.31050489.31050351,31050351,Clinical trials,Clinical trials
6,31048363.31050291.31050380.31050489.31050490,31050490,Medical statistics,Medical statistics
7,31048363.31050291.31050380.31050489.31050490.31050491,31050491,Epidemiology,Epidemiology
7,31048363.31050291.31050380.31050489.31050490.31050492,31050492,Public health,Public health
6,31048363.31050291.31050380.31050489.31050493,31050493,Public health and epidemiology,Public health and epidemiology
6,31048363.31050291.31050380.31050489.31050494,31050494,Clinical research,Clinical research
7,31048363.31050291.31050380.31050489.31050494.31050495,31050495,"Statistics in clinical trials, Phase I","Statistics in clinical trials, Phase I"
7,31048363.31050291.31050380.31050489.31050494.31050496,31050496,"Statistics in clinical trials, Phase II","Statistics in clinical trials, Phase II"
7,31048363.31050291.31050380.31050489.31050494.31050497,31050497,"Statistics in clinical trials, Phase III","Statistics in clinical trials, Phase III"
7,31048363.31050291.31050380.31050489.31050494.31050498,31050498,"Statistics in clinical trials, Phase IV","Statistics in clinical trials, Phase IV"
7,31048363.31050291.31050380.31050489.31050494.31050667,31050667,Interventional clinical trials,Interventional clinical trials
6,31048363.31050291.31050380.31050489.31050499,31050499,Non-communicable diseases (except for neural/psych,"Non-communicable diseases (except for neural/psychiatric, immunity-related, metabolism-related disorders, cancer and cardiovascular diseases)"
6,31048363.31050291.31050380.31050489.31050500,31050500,Gender in clinical medicine,Gender in clinical medicine
5,31048363.31050291.31050380.31050501,31050501,Integrative and complementary medicine (alternativ,Integrative and complementary medicine (alternative practice systems)
6,31048363.31050291.31050380.31050501.31050502,31050502,Homeopathy,Homeopathy
6,31048363.31050291.31050380.31050501.31050503,31050503,Phytotherapy,Phytotherapy
6,31048363.31050291.31050380.31050501.31050504,31050504,Acupuncture,Acupuncture
6,31048363.31050291.31050380.31050501.31050505,31050505,Chiropraxy,Chiropraxy
6,31048363.31050291.31050380.31050501.31050506,31050506,Osteopathy,Osteopathy
6,31048363.31050291.31050380.31050501.31050507,31050507,Aromatherapy,Aromatherapy
6,31048363.31050291.31050380.31050501.31050508,31050508,Hypnosis,Hypnosis
6,31048363.31050291.31050380.31050501.31050509,31050509,Non-drug therapies,Non-drug therapies
4,31048363.31050291.31050510,31050510,Health sciences,Health sciences
5,31048363.31050291.31050510.31048806,31048806,Parasitology,Parasitology
6,31048363.31050291.31050510.31048806.31048789,31048789,Microbiology,Microbiology
6,31048363.31050291.31050510.31048806.31048790,31048790,Bacteriology,Bacteriology
6,31048363.31050291.31050510.31048806.31048816,31048816,Virology,Virology
6,31048363.31050291.31050510.31048806.31050608,31050608,Prevention and treatment of infection by pathogens,"Prevention and treatment of infection by pathogens (e.g. vaccination, antibiotics, fungicide)"
6,31048363.31050291.31050510.31048806.31050609,31050609,Veterinary medicine and infectious diseases in ani,Veterinary medicine and infectious diseases in animals
5,31048363.31050291.31050510.31050491,31050491,Epidemiology,Epidemiology
6,31048363.31050291.31050510.31050491.31049378,31049378,Risk assessment,Risk assessment
7,31048363.31050291.31050510.31050491.31049378.31050669,31050669,Impact of genetic engineering,Impact of genetic engineering
7,31048363.31050291.31050510.31050491.31049378.31050670,31050670,Invasion,Invasion
7,31048363.31050291.31050510.31050491.31049378.31050671,31050671,Metapopulations,Metapopulations
6,31048363.31050291.31050510.31050491.31050017,31050017,Surveillance,Surveillance
7,31048363.31050291.31050510.31050491.31050017.31050659,31050659,Early warning systems,Early warning systems
7,31048363.31050291.31050510.31050491.31050017.31050660,31050660,Preparedness,Preparedness
6,31048363.31050291.31050510.31050491.31050351,31050351,Clinical trials,Clinical trials
6,31048363.31050291.31050510.31050491.31050658,31050658,Radiological epidemiology,Radiological epidemiology
6,31048363.31050291.31050510.31050491.31050661,31050661,Disease control,Disease control
6,31048363.31050291.31050510.31050491.31050662,31050662,Cohort studies,Cohort studies
6,31048363.31050291.31050510.31050491.31050663,31050663,Meta-analysis,Meta-analysis
6,31048363.31050291.31050510.31050491.31050664,31050664,Registries,Registries
6,31048363.31050291.31050510.31050491.31050665,31050665,Risk scores,Risk scores
6,31048363.31050291.31050510.31050491.31050672,31050672,Sustainable exploitation,Sustainable exploitation
7,31048363.31050291.31050510.31050491.31050672.31050673,31050673,Resource studies,Resource studies
7,31048363.31050291.31050510.31050491.31050672.31050674,31050674,Traditional uses,Traditional uses
6,31048363.31050291.31050510.31050491.31053832,31053832,Collective Awareness Platforms,Collective Awareness Platforms
5,31048363.31050291.31050510.31050511,31050511,Health care sciences and services (including hospi,"Health care sciences and services (including hospital administration, health care financing)"
6,31048363.31050291.31050510.31050511.31050512,31050512,"Health services, health care research","Health services, health care research"
6,31048363.31050291.31050510.31050511.31050513,31050513,Clinical management,Clinical management
7,31048363.31050291.31050510.31050511.31050513.31050514,31050514,Electronic patient files,Electronic patient files
6,31048363.31050291.31050510.31050511.31050515,31050515,Healthcare system,Healthcare system
7,31048363.31050291.31050510.31050511.31050515.31050513,31050513,Clinical management,Clinical management
7,31048363.31050291.31050510.31050511.31050515.31050516,31050516,Health management systems,Health management systems
7,31048363.31050291.31050510.31050511.31050515.31050517,31050517,Homecare,Homecare
7,31048363.31050291.31050510.31050511.31050515.31050518,31050518,Integrated care,Integrated care
7,31048363.31050291.31050510.31050511.31050515.31050519,31050519,Medical service,Medical service
7,31048363.31050291.31050510.31050511.31050515.31050520,31050520,Patient care,Patient care
7,31048363.31050291.31050510.31050511.31050515.31050521,31050521,Quality of health care,Quality of health care
7,31048363.31050291.31050510.31050511.31050515.31050522,31050522,Comparative effectiveness research,Comparative effectiveness research
6,31048363.31050291.31050510.31050511.31050523,31050523,Pharmacoeconomics,Pharmacoeconomics
7,31048363.31050291.31050510.31050511.31050523.31050524,31050524,Cost efficiency,Cost efficiency
6,31048363.31050291.31050510.31050511.31050525,31050525,Personalised medicine,Personalised medicine
7,31048363.31050291.31050510.31050511.31050525.31050526,31050526,Personalised care solution,Personalised care solution
7,31048363.31050291.31050510.31050511.31050525.31050527,31050527,Personalised interventions,Personalised interventions
7,31048363.31050291.31050510.31050511.31050525.31050528,31050528,Personalised prevention,Personalised prevention
7,31048363.31050291.31050510.31050511.31050525.31050529,31050529,Personalised services,Personalised services
7,31048363.31050291.31050510.31050511.31050525.31050530,31050530,Personalised treatment,Personalised treatment
5,31048363.31050291.31050510.31050531,31050531,Health policy and services,Health policy and services
6,31048363.31050291.31050510.31050531.31050532,31050532,Privacy policies,Privacy policies
6,31048363.31050291.31050510.31050531.31050533,31050533,Public health policies,Public health policies
7,31048363.31050291.31050510.31050531.31050533.31050451,31050451,Obesity,Obesity
7,31048363.31050291.31050510.31050531.31050533.31050534,31050534,Anorexia,Anorexia
5,31048363.31050291.31050510.31050535,31050535,Nursing,Nursing
5,31048363.31050291.31050510.31050536,31050536,"Nutrition, Dietetics","Nutrition, Dietetics"
6,31048363.31050291.31050510.31050536.31050537,31050537,Therapeutic nutrition,Therapeutic nutrition
6,31048363.31050291.31050510.31050536.31050538,31050538,Nutrition related disorders,Nutrition related disorders
6,31048363.31050291.31050510.31050536.31050539,31050539,Space food,Space food
6,31048363.31050291.31050510.31050536.31053832,31053832,Collective Awareness Platforms,Collective Awareness Platforms
5,31048363.31050291.31050510.31050540,31050540,Public and environmental health,Public and environmental health
6,31048363.31050291.31050510.31050540.31050492,31050492,Public health,Public health
7,31048363.31050291.31050510.31050540.31050492.31050327,31050327,Dementia,Dementia
7,31048363.31050291.31050510.31050540.31050492.31050352,31050352,Co-morbidity,Co-morbidity
7,31048363.31050291.31050510.31050540.31050492.31050407,31050407,Risk factors,Risk factors
7,31048363.31050291.31050510.31050540.31050492.31050541,31050541,Perinatal health,Perinatal health
7,31048363.31050291.31050510.31050540.31050492.31050542,31050542,Prenatal health,Prenatal health
7,31048363.31050291.31050510.31050540.31050492.31050543,31050543,Health behaviour,Health behaviour
7,31048363.31050291.31050510.31050540.31050492.31050544,31050544,Health care,Health care
7,31048363.31050291.31050510.31050540.31050492.31050545,31050545,Health data,Health data
7,31048363.31050291.31050510.31050540.31050492.31050546,31050546,Health determinants,Health determinants
7,31048363.31050291.31050510.31050540.31050492.31050547,31050547,Health education,Health education
7,31048363.31050291.31050510.31050540.31050492.31050548,31050548,Health inequalities,Health inequalities
7,31048363.31050291.31050510.31050540.31050492.31050549,31050549,Health information,Health information
7,31048363.31050291.31050510.31050540.31050492.31050550,31050550,Health law rights,Health law rights
7,31048363.31050291.31050510.31050540.31050492.31050551,31050551,Health literacy,Health literacy
7,31048363.31050291.31050510.31050540.31050492.31050552,31050552,Health outcomes,Health outcomes
7,31048363.31050291.31050510.31050540.31050492.31050553,31050553,Health policies,Health policies
7,31048363.31050291.31050510.31050540.31050492.31050554,31050554,Health promotion,Health promotion
7,31048363.31050291.31050510.31050540.31050492.31050555,31050555,Health sector,Health sector
7,31048363.31050291.31050510.31050540.31050492.31050556,31050556,Health technology assessment,Health technology assessment
7,31048363.31050291.31050510.31050540.31050492.31050557,31050557,Healthy ageing,Healthy ageing
7,31048363.31050291.31050510.31050540.31050492.31050558,31050558,Healthy lifestyle,Healthy lifestyle
7,31048363.31050291.31050510.31050540.31050492.31050559,31050559,Prevention programme,Prevention programme
7,31048363.31050291.31050510.31050540.31050492.31050560,31050560,Primary prevention,Primary prevention
7,31048363.31050291.31050510.31050540.31050492.31050562,31050562,Salutogenesis,Salutogenesis
7,31048363.31050291.31050510.31050540.31050492.31050563,31050563,Screening programme,Screening programme
7,31048363.31050291.31050510.31050540.31050492.31050564,31050564,Secondary prevention,Secondary prevention
7,31048363.31050291.31050510.31050540.31050492.31050565,31050565,Self-care,Self-care
7,31048363.31050291.31050510.31050540.31050492.31050566,31050566,Self-management,Self-management
7,31048363.31050291.31050510.31050540.31050492.31050567,31050567,Tertiary prevention,Tertiary prevention
7,31048363.31050291.31050510.31050540.31050492.31050568,31050568,Emergent diseases,Emergent diseases
7,31048363.31050291.31050510.31050540.31050492.31050569,31050569,Wellbeing,Wellbeing
7,31048363.31050291.31050510.31050540.31050492.31050570,31050570,Child health,Child health
7,31048363.31050291.31050510.31050540.31050492.31050573,31050573,Depression,Depression
7,31048363.31050291.31050510.31050540.31050492.31050574,31050574,Morbidity,Morbidity
7,31048363.31050291.31050510.31050540.31050492.31050576,31050576,Global health,Global health
7,31048363.31050291.31050510.31050540.31050492.31050577,31050577,HIV/AIDS,HIV/AIDS
7,31048363.31050291.31050510.31050540.31050492.31050578,31050578,Malaria,Malaria
7,31048363.31050291.31050510.31050540.31050492.31050579,31050579,Tuberculosis,Tuberculosis
7,31048363.31050291.31050510.31050540.31050492.31050580,31050580,Poverty related diseases,Poverty related diseases
7,31048363.31050291.31050510.31050540.31050492.31050581,31050581,Diagnostic technology,Diagnostic technology
7,31048363.31050291.31050510.31050540.31050492.31050582,31050582,Empowerment,Empowerment
7,31048363.31050291.31050510.31050540.31050492.31050583,31050583,Chronic diseases,Chronic diseases
7,31048363.31050291.31050510.31050540.31050492.31050584,31050584,Degenerative diseases,Degenerative diseases
7,31048363.31050291.31050510.31050540.31050492.31050585,31050585,Rare diseases,Rare diseases
7,31048363.31050291.31050510.31050540.31050492.31051009,31051009,Demography,Demography
6,31048363.31050291.31050510.31050540.31050493,31050493,Public health and epidemiology,Public health and epidemiology
6,31048363.31050291.31050510.31050540.31050586,31050586,Environmental health,Environmental health
7,31048363.31050291.31050510.31050540.31050586.31050576,31050576,Global health,Global health
7,31048363.31050291.31050510.31050540.31050586.31050587,31050587,Atmospheric pollution,Atmospheric pollution
7,31048363.31050291.31050510.31050540.31050586.31050588,31050588,Atmospheric allergens,Atmospheric allergens
7,31048363.31050291.31050510.31050540.31050586.31050589,31050589,Behaviourism,Behaviourism
7,31048363.31050291.31050510.31050540.31050586.31050590,31050590,Disease determinants,Disease determinants
7,31048363.31050291.31050510.31050540.31050586.31050591,31050591,Disease prevention,Disease prevention
7,31048363.31050291.31050510.31050540.31050586.31050592,31050592,Elderly,Elderly
7,31048363.31050291.31050510.31050540.31050586.31050593,31050593,Environmental stressors,Environmental stressors
7,31048363.31050291.31050510.31050540.31050586.31050594,31050594,Equity,Equity
7,31048363.31050291.31050510.31050540.31050586.31050595,31050595,Ethicists,Ethicists
7,31048363.31050291.31050510.31050540.31050586.31050596,31050596,Futurology,Futurology
7,31048363.31050291.31050510.31050540.31050586.31050598,31050598,Globalisation,Globalisation
7,31048363.31050291.31050510.31050540.31050586.31050599,31050599,Physical activity,Physical activity
7,31048363.31050291.31050510.31050540.31050586.31050600,31050600,Physical stressors,Physical stressors
7,31048363.31050291.31050510.31050540.31050586.31050601,31050601,Sedentary behaviour,Sedentary behaviour
7,31048363.31050291.31050510.31050540.31050586.31050602,31050602,Smoking,Smoking
7,31048363.31050291.31050510.31050540.31050586.31050603,31050603,Socioeconomic stressors,Socioeconomic stressors
7,31048363.31050291.31050510.31050540.31050586.31050604,31050604,Environmental risk measurement,Environmental risk measurement
7,31048363.31050291.31050510.31050540.31050586.31050605,31050605,Water related insults,Water related insults
6,31048363.31050291.31050510.31050540.31050606,31050606,"Population dynamics, aging, health and society","Population dynamics, aging, health and society"
5,31048363.31050291.31050510.31050607,31050607,Tropical medicine,Tropical medicine
6,31048363.31050291.31050510.31050607.31048806,31048806,Parasitology,Parasitology
5,31048363.31050291.31050510.31050610,31050610,Infectious diseases,Infectious diseases
6,31048363.31050291.31050510.31050610.31050611,31050611,Transmission,Transmission
7,31048363.31050291.31050510.31050610.31050611.31050612,31050612,Transmission mechanism,Transmission mechanism
7,31048363.31050291.31050510.31050610.31050611.31050613,31050613,Vector control,Vector control
7,31048363.31050291.31050510.31050610.31050611.31050614,31050614,Mosquito,Mosquito
7,31048363.31050291.31050510.31050610.31050611.31050615,31050615,Tick,Tick
6,31048363.31050291.31050510.31050610.31050616,31050616,Virulence,Virulence
6,31048363.31050291.31050510.31050610.31050617,31050617,Venereology,Venereology
6,31048363.31050291.31050510.31050610.31050618,31050618,Pathogen agents,Pathogen agents
7,31048363.31050291.31050510.31050610.31050618.31050619,31050619,Viruses,Viruses
7,31048363.31050291.31050510.31050610.31050618.31050620,31050620,Bacteria,Bacteria
7,31048363.31050291.31050510.31050610.31050618.31050621,31050621,Protozoa,Protozoa
7,31048363.31050291.31050510.31050610.31050618.31050622,31050622,Fungi,Fungi
7,31048363.31050291.31050510.31050610.31050618.31050623,31050623,Helminths,Helminths
7,31048363.31050291.31050510.31050610.31050618.31050624,31050624,Prions,Prions
6,31048363.31050291.31050510.31050610.31050625,31050625,Neglected Infectious Diseases,Neglected Infectious Diseases
7,31048363.31050291.31050510.31050610.31050625.31050626,31050626,Leishmaniasis,Leishmaniasis
7,31048363.31050291.31050510.31050610.31050625.31050627,31050627,Sleeping Sickness,Sleeping Sickness
7,31048363.31050291.31050510.31050610.31050625.31050628,31050628,Chagas,Chagas
7,31048363.31050291.31050510.31050610.31050625.31050629,31050629,Buruli Ulcer,Buruli Ulcer
7,31048363.31050291.31050510.31050610.31050625.31050630,31050630,Diarrhoeal diseases,Diarrhoeal diseases
7,31048363.31050291.31050510.31050610.31050625.31050631,31050631,Schistosomiasis,Schistosomiasis
7,31048363.31050291.31050510.31050610.31050625.31050632,31050632,Onchocerciasis,Onchocerciasis
7,31048363.31050291.31050510.31050610.31050625.31050633,31050633,Hookworm,Hookworm
7,31048363.31050291.31050510.31050610.31050625.31050634,31050634,Rabies,Rabies
7,31048363.31050291.31050510.31050610.31050625.31050635,31050635,Tick-borne diseases,Tick-borne diseases
7,31048363.31050291.31050510.31050610.31050625.31050636,31050636,Encephalitis,Encephalitis
7,31048363.31050291.31050510.31050610.31050625.31050637,31050637,Babesiosis,Babesiosis
7,31048363.31050291.31050510.31050610.31050625.31050638,31050638,Lyme borreliosis,Lyme borreliosis
6,31048363.31050291.31050510.31050610.31050639,31050639,Emerging Epidemics,Emerging Epidemics
7,31048363.31050291.31050510.31050610.31050639.31050640,31050640,Influenza,Influenza
7,31048363.31050291.31050510.31050610.31050639.31050641,31050641,West Nile,West Nile
7,31048363.31050291.31050510.31050610.31050639.31050642,31050642,Chikingunya,Chikingunya
7,31048363.31050291.31050510.31050610.31050639.31050643,31050643,Crimean Congo Haemorrhagic Fever,Crimean Congo Haemorrhagic Fever
7,31048363.31050291.31050510.31050610.31050639.31050644,31050644,Dengue,Dengue
7,31048363.31050291.31050510.31050610.31050639.31050645,31050645,SARS,SARS
7,31048363.31050291.31050510.31050610.31050639.31050646,31050646,Severe acute respiratory syndrome,Severe acute respiratory syndrome
7,31048363.31050291.31050510.31050610.31050639.31050647,31050647,Hepatitis,Hepatitis
6,31048363.31050291.31050510.31050610.31050648,31050648,Antimicrobial resistance,Antimicrobial resistance
7,31048363.31050291.31050510.31050610.31050648.31050622,31050622,Fungi,Fungi
7,31048363.31050291.31050510.31050610.31050648.31050649,31050649,Antibiotics,Antibiotics
7,31048363.31050291.31050510.31050610.31050648.31050650,31050650,Antimicrobials,Antimicrobials
7,31048363.31050291.31050510.31050610.31050648.31050651,31050651,Gram-negative,Gram-negative
7,31048363.31050291.31050510.31050610.31050648.31050652,31050652,Gram-positive,Gram-positive
7,31048363.31050291.31050510.31050610.31050648.31050653,31050653,Biofilm,Biofilm
7,31048363.31050291.31050510.31050610.31050648.31050654,31050654,Prescription practises,Prescription practises
7,31048363.31050291.31050510.31050610.31050648.31050655,31050655,ESBL,ESBL
7,31048363.31050291.31050510.31050610.31050648.31050656,31050656,MRSA,MRSA
7,31048363.31050291.31050510.31050610.31050648.31050657,31050657,Phages,Phages
5,31048363.31050291.31050510.31050675,31050675,Occupational health,Occupational health
6,31048363.31050291.31050510.31050675.31050676,31050676,"Environment and health risks, occupational medicin","Environment and health risks, occupational medicine"
6,31048363.31050291.31050510.31050675.31050677,31050677,Industrial medicine,Industrial medicine
6,31048363.31050291.31050510.31050675.31050678,31050678,Occupational safety,Occupational safety
6,31048363.31050291.31050510.31050675.31050679,31050679,Occupational therapy,Occupational therapy
5,31048363.31050291.31050510.31050680,31050680,Sport and fitness sciences,Sport and fitness sciences
6,31048363.31050291.31050510.31050680.31050681,31050681,Sport medicine,Sport medicine
6,31048363.31050291.31050510.31050680.31050682,31050682,Physical medicine,Physical medicine
7,31048363.31050291.31050510.31050680.31050682.31050683,31050683,Kinesitherapy,Kinesitherapy
7,31048363.31050291.31050510.31050680.31050682.31050684,31050684,Physiotherapy,Physiotherapy
7,31048363.31050291.31050510.31050680.31050682.31050685,31050685,Rehabilitation,Rehabilitation
5,31048363.31050291.31050510.31050686,31050686,Social biomedical sciences (includes family planni,"Social biomedical sciences (includes family planning, sexual health, psycho-oncology, political and social effects of biomedical research)"
6,31048363.31050291.31050510.31050686.31050606,31050606,"Population dynamics, aging, health and society","Population dynamics, aging, health and society"
6,31048363.31050291.31050510.31050686.31050687,31050687,Sexology,Sexology
7,31048363.31050291.31050510.31050686.31050687.31050688,31050688,Sexual health,Sexual health
6,31048363.31050291.31050510.31050686.31050689,31050689,Family medicine,Family medicine
6,31048363.31050291.31050510.31050686.31050690,31050690,"Social medicine, Hygiene","Social medicine, Hygiene"
7,31048363.31050291.31050510.31050686.31050690.31050691,31050691,Environmental hygiene,Environmental hygiene
7,31048363.31050291.31050510.31050686.31050690.31050692,31050692,Occupational hygiene,Occupational hygiene
6,31048363.31050291.31050510.31050686.31050693,31050693,Systems medicine,Systems medicine
6,31048363.31050291.31050510.31050686.31050694,31050694,"Households, family and fertility","Households, family and fertility"
6,31048363.31050291.31050510.31050686.31050695,31050695,"Social structure, inequalities, social mobility, i","Social structure, inequalities, social mobility, interethnic relations"
5,31048363.31050291.31050510.31050696,31050696,Medical ethics,Medical ethics
5,31048363.31050291.31050510.31050697,31050697,Substance abuse,Substance abuse
6,31048363.31050291.31050510.31050697.31050698,31050698,Alcohol,Alcohol
6,31048363.31050291.31050510.31050697.31050699,31050699,Drugs,Drugs
4,31048363.31050291.31050700,31050700,Medical biotechnology,Medical biotechnology
5,31048363.31050291.31050700.31050701,31050701,Health-related biotechnology,Health-related biotechnology
5,31048363.31050291.31050700.31050702,31050702,"Technologies involving the manipulation of cells,","Technologies involving the manipulation of cells, tissues, organs or the whole organism (assisted reproduction)"
6,31048363.31050291.31050700.31050702.31048426,31048426,Neuroimaging and computational neuroscience,Neuroimaging and computational neuroscience
6,31048363.31050291.31050700.31050702.31050703,31050703,Biomaterial engineering,Biomaterial engineering
6,31048363.31050291.31050700.31050702.31050704,31050704,Biomedical engineering,Biomedical engineering
6,31048363.31050291.31050700.31050702.31050705,31050705,Tissue engineering,Tissue engineering
6,31048363.31050291.31050700.31050702.31050706,31050706,Animal biotechnology,Animal biotechnology
6,31048363.31050291.31050700.31050702.31050707,31050707,Regenerative medicine,Regenerative medicine
7,31048363.31050291.31050700.31050702.31050707.31050708,31050708,Stem cell therapy,Stem cell therapy
6,31048363.31050291.31050700.31050702.31053870,31053870,Photonics,Photonics
7,31048363.31050291.31050700.31050702.31053870.31053840,31053840,"Imaging, image and data processing","Imaging, image and data processing"
7,31048363.31050291.31050700.31050702.31053870.31053871,31053871,Biophotonics,Biophotonics
5,31048363.31050291.31050700.31050709,31050709,Technologies involving identifying the functioning,"Technologies involving identifying the functioning of DNA, proteins and enzymes and how they influence the onset of disease and maintenance of well-being (gene-based diagnostics and therapeutic interventions (pharmacogenomics, gene-based"
6,31048363.31050291.31050700.31050709.31050392,31050392,Biomarkers,Biomarkers
6,31048363.31050291.31050700.31050709.31050710,31050710,Pharmacogenomics,Pharmacogenomics
6,31048363.31050291.31050700.31050709.31050711,31050711,Diagnostics,Diagnostics
7,31048363.31050291.31050700.31050709.31050711.31050712,31050712,Clinical analysis,Clinical analysis
5,31048363.31050291.31050700.31050713,31050713,"Biomaterials (as related to medical implants, devi","Biomaterials (as related to medical implants, devices, sensors)"
6,31048363.31050291.31050700.31050713.31048860,31048860,Physics of biological systems,Physics of biological systems
6,31048363.31050291.31050700.31050713.31049188,31049188,Biomaterials synthesis,"Biomaterials, biomaterials synthesis"
5,31048363.31050291.31050700.31053959,31053959,Medical biotechnology related ethics,Medical biotechnology related ethics
6,31048363.31050291.31050700.31053959.31050714,31050714,Tissue banks,Tissue banks
6,31048363.31050291.31050700.31053959.31050715,31050715,Biomedical software,Biomedical software
7,31048363.31050291.31050700.31053959.31050715.31050716,31050716,Software validation,Software validation
4,31048363.31050291.31050717,31050717,Other medical sciences,Other medical sciences
5,31048363.31050291.31050717.31050717,31050717,Other medical sciences,Other medical sciences
6,31048363.31050291.31050717.31050717.31050722,31050722,Legal medicine,Legal medicine
6,31048363.31050291.31050717.31050717.31050723,31050723,Ethics in medical sciences,Ethics in medical sciences
7,31048363.31050291.31050717.31050717.31050723.31049041,31049041,Research integrity and research misconduct,Research integrity and research misconduct
7,31048363.31050291.31050717.31050717.31050723.31050351,31050351,Clinical trials,Clinical trials
7,31048363.31050291.31050717.31050717.31050723.31050724,31050724,Biobanks,Biobanks
7,31048363.31050291.31050717.31050717.31050723.31050725,31050725,Neuro-ethics,Neuro-ethics
6,31048363.31050291.31050717.31050717.31050726,31050726,Medical pathology,Medical pathology
6,31048363.31050291.31050717.31050717.31050727,31050727,Medicinal chemistry,Medicinal chemistry
6,31048363.31050291.31050717.31050717.31050728,31050728,Medical physics,Medical physics
6,31048363.31050291.31050717.31050717.31050729,31050729,Space medecine,Space medecine
7,31048363.31050291.31050717.31050717.31050729.31050730,31050730,Gender in space medicine,Gender in space medicine
6,31048363.31050291.31050717.31050717.31050731,31050731,Gender in basic medicine,Gender in basic medicine
6,31048363.31050291.31050717.31050717.31050732,31050732,Gender in medical biotechnology,Gender in medical biotechnology
6,31048363.31050291.31050717.31050717.31050733,31050733,Gender in health sciences,Gender in health sciences
5,31048363.31050291.31050717.31050718,31050718,Forensic science,Forensic science
6,31048363.31050291.31050717.31050718.31048626,31048626,Explosives,Explosives
6,31048363.31050291.31050717.31050718.31050719,31050719,Fingerprinting,Fingerprinting
6,31048363.31050291.31050717.31050718.31050720,31050720,DNA analysis,DNA analysis
6,31048363.31050291.31050717.31050718.31050721,31050721,Drugs analysis,Drugs analysis
3,31048363.31050734,31050734,AGRICULTURAL SCIENCES,AGRICULTURAL SCIENCES
4,31048363.31050734.31050735,31050735,"Agriculture, Forestry, and Fisheries","Agriculture, Forestry, and Fisheries"
5,31048363.31050734.31050735.31048656,31048656,Soil science,Soil science
6,31048363.31050734.31050735.31048656.31050759,31050759,Soil biology,Soil biology
6,31048363.31050734.31050735.31048656.31050760,31050760,Soil amendment,Soil amendment
6,31048363.31050734.31050735.31048656.31050761,31050761,Soil biodiversity,Soil biodiversity
6,31048363.31050734.31050735.31048656.31050762,31050762,Soil chemistry,Soil chemistry
6,31048363.31050734.31050735.31048656.31050763,31050763,Soil conservation,Soil conservation
6,31048363.31050734.31050735.31048656.31050764,31050764,Soil contamination,Soil contamination
6,31048363.31050734.31050735.31048656.31050765,31050765,Soil disinfestation,Soil disinfestation
6,31048363.31050734.31050735.31048656.31050766,31050766,Soil ecology,Soil ecology
6,31048363.31050734.31050735.31048656.31050767,31050767,Soil erosion,Soil erosion
6,31048363.31050734.31050735.31048656.31050768,31050768,Soil fertility,Soil fertility
6,31048363.31050734.31050735.31048656.31050769,31050769,Soil functions,Soil functions
6,31048363.31050734.31050735.31048656.31050770,31050770,Soil management,Soil management
6,31048363.31050734.31050735.31048656.31050771,31050771,Soil monitoring,Soil monitoring
7,31048363.31050734.31050735.31048656.31050771.31050772,31050772,Long-term soil monitoring,Long-term soil monitoring
6,31048363.31050734.31050735.31048656.31050773,31050773,Soil morphology,Soil morphology
6,31048363.31050734.31050735.31048656.31050774,31050774,Soil physics,Soil physics
6,31048363.31050734.31050735.31048656.31050775,31050775,Soil pollution (FN/I3),Soil pollution (FN/I3)
6,31048363.31050734.31050735.31048656.31050776,31050776,Soil protection,Soil protection
7,31048363.31050734.31050735.31048656.31050776.31048784,31048784,Human impacts and other stressors,Human impacts and other stressors
6,31048363.31050734.31050735.31048656.31050777,31050777,Soil remediation,Soil remediation
6,31048363.31050734.31050735.31048656.31050778,31050778,Ecosystem services provided by soils,Ecosystem services provided by soils
5,31048363.31050734.31050735.31049346,31049346,Forestry,Forestry
6,31048363.31050734.31050735.31049346.31050737,31050737,"Forestry, biomass production (e.g. for biofuels)","Forestry, biomass production (e.g. for biofuels)"
6,31048363.31050734.31050735.31049346.31050738,31050738,Carbon sequestration in forest (mitigation),Carbon sequestration in forest (mitigation)
6,31048363.31050734.31050735.31049346.31050739,31050739,Forest adaptation to climate change,Forest adaptation to climate change
6,31048363.31050734.31050735.31049346.31050740,31050740,Forest biodiversity,Forest biodiversity
6,31048363.31050734.31050735.31049346.31050741,31050741,Forest ecosystem services,Forest ecosystem services
6,31048363.31050734.31050735.31049346.31050742,31050742,Forest fauna,Forest fauna
6,31048363.31050734.31050735.31049346.31050743,31050743,Forest flora,Forest flora
6,31048363.31050734.31050735.31049346.31050744,31050744,Non-wood forest products,Non-wood forest products
6,31048363.31050734.31050735.31049346.31050745,31050745,Silviculture,Silviculture
7,31048363.31050734.31050735.31049346.31050745.31050746,31050746,Techniques and methods of afforestation,Techniques and methods of afforestation
6,31048363.31050734.31050735.31049346.31050747,31050747,Forest management planning,Forest management planning
6,31048363.31050734.31050735.31049346.31050748,31050748,Wood harvesting,Wood harvesting
6,31048363.31050734.31050735.31049346.31050749,31050749,Forestry biomass for energy production,Forestry biomass for energy production
6,31048363.31050734.31050735.31049346.31050750,31050750,Tropical forestry,Tropical forestry
6,31048363.31050734.31050735.31049346.31050751,31050751,Forest inventory,Forest inventory
7,31048363.31050734.31050735.31049346.31050751.31050752,31050752,Long-term forest monitoring,Long-term forest monitoring
6,31048363.31050734.31050735.31049346.31050753,31050753,Tree health,Tree health
6,31048363.31050734.31050735.31049346.31050754,31050754,Forest genetic resources,Forest genetic resources
6,31048363.31050734.31050735.31049346.31050755,31050755,Forest soils,Forest soils
6,31048363.31050734.31050735.31049346.31050756,31050756,Forest resilience,Forest resilience
7,31048363.31050734.31050735.31049346.31050756.31050757,31050757,Human impact and other stressors,Human impact and other stressors
5,31048363.31050734.31050735.31049860,31049860,Agriculture,Agriculture
6,31048363.31050734.31050735.31049860.31050736,31050736,"Agriculture related to crop production, soil biolo","Agriculture related to crop production, soil biology and cultivation, applied plant biology"
5,31048363.31050734.31050735.31050758,31050758,Fishery,Fishery
6,31048363.31050734.31050735.31050758.31048692,31048692,"Aquaculture, fisheries","Aquaculture, fisheries"
5,31048363.31050734.31050735.31050779,31050779,"Horticulture, viticulture","Horticulture, viticulture"
6,31048363.31050734.31050735.31050779.31050780,31050780,Fruit trees/crops,Fruit trees/crops
6,31048363.31050734.31050735.31050779.31050781,31050781,Glasshouse management,Glasshouse management
6,31048363.31050734.31050735.31050779.31050782,31050782,Open field horticulture,Open field horticulture
6,31048363.31050734.31050735.31050779.31050783,31050783,Ornamental plants,Ornamental plants
6,31048363.31050734.31050735.31050779.31050784,31050784,Protected horticulture,Protected horticulture
6,31048363.31050734.31050735.31050779.31050785,31050785,Hydroponics,Hydroponics
6,31048363.31050734.31050735.31050779.31050786,31050786,Vegetables,Vegetables
6,31048363.31050734.31050735.31050779.31050787,31050787,"Agriculture related to crop production, applied pl","Agriculture related to crop production, applied plant biology"
5,31048363.31050734.31050735.31050788,31050788,Agronomy,Agronomy
6,31048363.31050734.31050735.31050788.31048921,31048921,Plant growth,Plant growth
6,31048363.31050734.31050735.31050788.31048922,31048922,Plant nutrition,Plant nutrition
6,31048363.31050734.31050735.31050788.31048923,31048923,Plant water relations,Plant water relations
6,31048363.31050734.31050735.31050788.31050789,31050789,Agroindustry,Agroindustry
6,31048363.31050734.31050735.31050788.31050790,31050790,Agrobiodiversity,Agrobiodiversity
6,31048363.31050734.31050735.31050788.31050791,31050791,Agroecology,Agroecology
6,31048363.31050734.31050735.31050788.31050792,31050792,Agro-forestry,Agro-forestry
6,31048363.31050734.31050735.31050788.31050793,31050793,Food crops,Food crops
6,31048363.31050734.31050735.31050788.31050794,31050794,Feed crops,Feed crops
6,31048363.31050734.31050735.31050788.31050795,31050795,Fertilisation,Fertilisation
6,31048363.31050734.31050735.31050788.31050796,31050796,Crop rotations,Crop rotations
6,31048363.31050734.31050735.31050788.31050797,31050797,Ecological intensification,Ecological intensification
6,31048363.31050734.31050735.31050788.31050798,31050798,Farm machinery,Farm machinery
6,31048363.31050734.31050735.31050788.31050799,31050799,Field crops,Field crops
6,31048363.31050734.31050735.31050788.31050800,31050800,Forage crops,Forage crops
6,31048363.31050734.31050735.31050788.31050801,31050801,Grassland management,Grassland management
6,31048363.31050734.31050735.31050788.31050802,31050802,Industrial crops,Industrial crops
6,31048363.31050734.31050735.31050788.31050803,31050803,Irrigation management,Irrigation management
6,31048363.31050734.31050735.31050788.31050804,31050804,Legumes,Legumes
6,31048363.31050734.31050735.31050788.31050805,31050805,Medicinal plants,Medicinal plants
6,31048363.31050734.31050735.31050788.31050806,31050806,Oil plants,Oil plants
6,31048363.31050734.31050735.31050788.31050807,31050807,Organic farming,Organic farming
6,31048363.31050734.31050735.31050788.31050808,31050808,Plant breeding,Plant breeding
6,31048363.31050734.31050735.31050788.31050809,31050809,Plant cropping systems,Plant cropping systems
6,31048363.31050734.31050735.31050788.31050810,31050810,Precision agriculture,Precision agriculture
6,31048363.31050734.31050735.31050788.31050811,31050811,Soil improvement,Soil improvement
6,31048363.31050734.31050735.31050788.31050812,31050812,Sugar crops,Sugar crops
6,31048363.31050734.31050735.31050788.31050813,31050813,Temperate agriculture,Temperate agriculture
6,31048363.31050734.31050735.31050788.31050814,31050814,Textile plants,Textile plants
6,31048363.31050734.31050735.31050788.31050815,31050815,Tropical agriculture,Tropical agriculture
6,31048363.31050734.31050735.31050788.31050816,31050816,Urban agriculture,Urban agriculture
5,31048363.31050734.31050735.31050817,31050817,Plant breeding and plant protection,Plant breeding and plant protection
6,31048363.31050734.31050735.31050817.31048914,31048914,Plant pests,Plant pests
6,31048363.31050734.31050735.31050817.31050736,31050736,"Agriculture related to crop production, soil biolo","Agriculture related to crop production, soil biology and cultivation, applied plant biology"
6,31048363.31050734.31050735.31050817.31050818,31050818,Biological control,Biological control
6,31048363.31050734.31050735.31050817.31050819,31050819,Integrated pest management,Integrated pest management
6,31048363.31050734.31050735.31050817.31050820,31050820,Plant diseases,Plant diseases
6,31048363.31050734.31050735.31050817.31050821,31050821,Plant viruses,Plant viruses
6,31048363.31050734.31050735.31050817.31050822,31050822,Soilborne pests,Soilborne pests
6,31048363.31050734.31050735.31050817.31050823,31050823,Soilborne pathogens,Soilborne pathogens
6,31048363.31050734.31050735.31050817.31050824,31050824,Weeds,Weeds
4,31048363.31050734.31050825,31050825,Animal and Dairy science,Animal and Dairy science
5,31048363.31050734.31050825.31050826,31050826,Animal and dairy science,Animal and dairy science
6,31048363.31050734.31050825.31050826.31048931,31048931,Animal behaviour,Animal behaviour
6,31048363.31050734.31050825.31050826.31050827,31050827,"Agriculture related to animal husbandry, dairying,","Agriculture related to animal husbandry, dairying, livestock raising"
6,31048363.31050734.31050825.31050826.31050828,31050828,Zootechnics,Zootechnics
7,31048363.31050734.31050825.31050826.31050828.31050829,31050829,Animal breeding,Animal breeding
7,31048363.31050734.31050825.31050826.31050828.31050830,31050830,Animal nutrition,Animal nutrition
7,31048363.31050734.31050825.31050826.31050828.31050831,31050831,Animal welfare,Animal welfare
7,31048363.31050734.31050825.31050826.31050828.31050832,31050832,Animal housing,Animal housing
7,31048363.31050734.31050825.31050826.31050828.31050833,31050833,Animal transport,Animal transport
7,31048363.31050734.31050825.31050826.31050828.31050834,31050834,Apiculture,Apiculture
7,31048363.31050734.31050825.31050826.31050828.31050835,31050835,Aviculture,Aviculture
7,31048363.31050734.31050825.31050826.31050828.31050836,31050836,Bovidae,Bovidae
7,31048363.31050734.31050825.31050826.31050828.31050837,31050837,Camels,Camels
7,31048363.31050734.31050825.31050826.31050828.31050838,31050838,Dairy animals,Dairy animals
7,31048363.31050734.31050825.31050826.31050828.31050839,31050839,Equidae,Equidae
7,31048363.31050734.31050825.31050826.31050828.31050840,31050840,Feed additives,Feed additives
7,31048363.31050734.31050825.31050826.31050828.31050841,31050841,Feed contamination,Feed contamination
7,31048363.31050734.31050825.31050826.31050828.31050842,31050842,Feed products,Feed products
7,31048363.31050734.31050825.31050826.31050828.31050843,31050843,Rabbit breeding,Rabbit breeding
7,31048363.31050734.31050825.31050826.31050828.31050844,31050844,Pig breeding,Pig breeding
7,31048363.31050734.31050825.31050826.31050828.31050845,31050845,Poultry breeding,Poultry breeding
7,31048363.31050734.31050825.31050826.31050828.31050846,31050846,Sheep and goats breeding,Sheep and goats breeding
7,31048363.31050734.31050825.31050826.31050828.31050847,31050847,Sericulture,Sericulture
7,31048363.31050734.31050825.31050826.31050828.31050848,31050848,Wool producing animals,Wool producing animals
5,31048363.31050734.31050825.31050849,31050849,Husbandry,Husbandry
6,31048363.31050734.31050825.31050849.31050827,31050827,"Agriculture related to animal husbandry, dairying,","Agriculture related to animal husbandry, dairying, livestock raising"
5,31048363.31050734.31050825.31050850,31050850,Pets,Pets
4,31048363.31050734.31050851,31050851,Veterinary science,Veterinary science
5,31048363.31050734.31050851.31050852,31050852,Veterinary medicine,Veterinary medicine
6,31048363.31050734.31050851.31050852.31050853,31050853,Animal diagnostics,Animal diagnostics
6,31048363.31050734.31050851.31050852.31050854,31050854,Animal genetics,Animal genetics
6,31048363.31050734.31050851.31050852.31050855,31050855,Animal health,Animal health
6,31048363.31050734.31050851.31050852.31050856,31050856,Animal hygiene,Animal hygiene
6,31048363.31050734.31050851.31050852.31050857,31050857,Animal immunology,Animal immunology
6,31048363.31050734.31050851.31050852.31050858,31050858,Animal surgery,Animal surgery
6,31048363.31050734.31050851.31050852.31050859,31050859,Animal toxicology,Animal toxicology
6,31048363.31050734.31050851.31050852.31050860,31050860,Veterinary pharmacology,Veterinary pharmacology
6,31048363.31050734.31050851.31050852.31050861,31050861,Arthropod pathogens of animals,Arthropod pathogens of animals
6,31048363.31050734.31050851.31050852.31050862,31050862,Bacterial pathogens of animals,Bacterial pathogens of animals
6,31048363.31050734.31050851.31050852.31050863,31050863,Fungal pathogens of animals,Fungal pathogens of animals
6,31048363.31050734.31050851.31050852.31050864,31050864,Non-drug therapy of animals,Non-drug therapy of animals
6,31048363.31050734.31050851.31050852.31050865,31050865,Parasite pathogens of animals,Parasite pathogens of animals
6,31048363.31050734.31050851.31050852.31050866,31050866,Prion pathogens of animals,Prion pathogens of animals
6,31048363.31050734.31050851.31050852.31050867,31050867,Veterinary anaesthesiology,Veterinary anaesthesiology
6,31048363.31050734.31050851.31050852.31050868,31050868,Viral pathogens of animals,Viral pathogens of animals
6,31048363.31050734.31050851.31050852.31050869,31050869,Zoonosis,Zoonosis
7,31048363.31050734.31050851.31050852.31050869.31050870,31050870,Plant protection,Plant protection
6,31048363.31050734.31050851.31050852.31050871,31050871,Laboratory animal science,Laboratory animal science
4,31048363.31050734.31050872,31050872,Agricultural biotechnology,Agricultural biotechnology
5,31048363.31050734.31050872.31050873,31050873,Agricultural biotechnology and food biotechnology,Agricultural biotechnology and food biotechnology
6,31048363.31050734.31050872.31050873.31049031,31049031,"Applied genetic engineering, transgenic organisms,","Applied genetic engineering, transgenic organisms, recombinant proteins, biosensors"
7,31048363.31050734.31050872.31050873.31049031.31048477,31048477,"Applied biotechnology (non-medical), bioreactors,","Applied biotechnology (non-medical), bioreactors, applied microbiology"
5,31048363.31050734.31050872.31050874,31050874,"GM technology (crops and livestock), livestock clo","GM technology (crops and livestock), livestock cloning, marker assisted selection, diagnostics (DNA chips and biosensing devices for the early/accurate detection of diseases) biomass feedstock production technologies, biopharming"
6,31048363.31050734.31050872.31050874.31048874,31048874,Plant genetics,Plant genetics
7,31048363.31050734.31050872.31050874.31048874.31048876,31048876,Genetic mapping,Genetic mapping
7,31048363.31050734.31050872.31050874.31048874.31050876,31050876,GM technologies,GM technologies
7,31048363.31050734.31050872.31050874.31048874.31050877,31050877,Marker assisted selection,Marker assisted selection
7,31048363.31050734.31050872.31050874.31048874.31050878,31050878,Plant genetic resources,Plant genetic resources
7,31048363.31050734.31050872.31050874.31048874.31050879,31050879,Plant genomics,Plant genomics
6,31048363.31050734.31050872.31050874.31050854,31050854,Animal genetics,Animal genetics
7,31048363.31050734.31050872.31050874.31050854.31048876,31048876,Genetic mapping,Genetic mapping
7,31048363.31050734.31050872.31050874.31050854.31050305,31050305,DNA therapy,DNA therapy
7,31048363.31050734.31050872.31050874.31050854.31050880,31050880,Animal genetic resources,Animal genetic resources
7,31048363.31050734.31050872.31050874.31050854.31050881,31050881,Livestock cloning,Livestock cloning
6,31048363.31050734.31050872.31050874.31050875,31050875,Plant biotechnology,Plant biotechnology
4,31048363.31050734.31050882,31050882,Other agricultural sciences,Other agricultural sciences
5,31048363.31050734.31050882.31050883,31050883,Agricultural engineering,Agricultural engineering
6,31048363.31050734.31050882.31050883.31050884,31050884,Farm equipment,Farm equipment
6,31048363.31050734.31050882.31050883.31050885,31050885,Animal feeding equipment,Animal feeding equipment
6,31048363.31050734.31050882.31050883.31050886,31050886,Animal slaughter,Animal slaughter
6,31048363.31050734.31050882.31050883.31050887,31050887,Animal watering equipment,Animal watering equipment
6,31048363.31050734.31050882.31050883.31050888,31050888,Crop harvesting equipment,Crop harvesting equipment
6,31048363.31050734.31050882.31050883.31050889,31050889,Crop planting equipment,Crop planting equipment
6,31048363.31050734.31050882.31050883.31050890,31050890,Drainage equipment,Drainage equipment
6,31048363.31050734.31050882.31050883.31050891,31050891,Farm structures,Farm structures
6,31048363.31050734.31050882.31050883.31050892,31050892,Fertiliser application equipment,Fertiliser application equipment
6,31048363.31050734.31050882.31050883.31050893,31050893,Glasshouse structures,Glasshouse structures
6,31048363.31050734.31050882.31050883.31050894,31050894,Irrigation equipment,Irrigation equipment
6,31048363.31050734.31050882.31050883.31050895,31050895,Pest control equipment,Pest control equipment
6,31048363.31050734.31050882.31050883.31050896,31050896,Precision agriculture machinery,Precision agriculture machinery
6,31048363.31050734.31050882.31050883.31050897,31050897,Soil cultivation equipment,Soil cultivation equipment
6,31048363.31050734.31050882.31050883.31050898,31050898,Weed control equipment,Weed control equipment
6,31048363.31050734.31050882.31050883.31050899,31050899,"Agricultural engineering, food safety","Agricultural engineering, food safety"
5,31048363.31050734.31050882.31050900,31050900,Agricultural economics,Agricultural economics
6,31048363.31050734.31050882.31050900.31050901,31050901,Agricultural marketing,Agricultural marketing
6,31048363.31050734.31050882.31050900.31050902,31050902,Drainage economics,Drainage economics
6,31048363.31050734.31050882.31050900.31050903,31050903,Forestry economics,Forestry economics
6,31048363.31050734.31050882.31050900.31050904,31050904,Farm economics,Farm economics
6,31048363.31050734.31050882.31050900.31050905,31050905,Horticultural economics,Horticultural economics
6,31048363.31050734.31050882.31050900.31050906,31050906,Irrigation economics,Irrigation economics
5,31048363.31050734.31050882.31050907,31050907,Ethics in agricultural sciences,Ethics in agricultural sciences
6,31048363.31050734.31050882.31050907.31049041,31049041,Research integrity and research misconduct,Research integrity and research misconduct
6,31048363.31050734.31050882.31050907.31050908,31050908,Animal ethics,Animal ethics
3,31048363.31050909,31050909,SOCIAL SCIENCES,SOCIAL SCIENCES
4,31048363.31050909.31050910,31050910,Psychology,Psychology
5,31048363.31050909.31050910.31050911,31050911,Psychology (including human - machine relations),Psychology (including human - machine relations)
6,31048363.31050909.31050910.31050911.31050912,31050912,Astronautics and Psychology,Astronautics and Psychology
6,31048363.31050909.31050910.31050911.31050913,31050913,"Evolution of mind and cognitive functions, animal","Evolution of mind and cognitive functions, animal communication"
6,31048363.31050909.31050910.31050911.31050914,31050914,Human life-span development,Human life-span development
6,31048363.31050909.31050910.31050911.31050915,31050915,Neuropsychology and cognitive psychology,Neuropsychology and cognitive psychology
6,31048363.31050909.31050910.31050911.31050916,31050916,"Cognitive and experimental psychology: perception,","Cognitive and experimental psychology: perception, action, and higher cognitive processes"
6,31048363.31050909.31050910.31050911.31050917,31050917,Social psychology,Social psychology
6,31048363.31050909.31050910.31050911.31050918,31050918,Clinical psychology,Clinical psychology
6,31048363.31050909.31050910.31050911.31050919,31050919,Clinical and experimental psychology,Clinical and experimental psychology
6,31048363.31050909.31050910.31050911.31050920,31050920,Gender in psychology,Gender in psychology
5,31048363.31050909.31050910.31050921,31050921,"Psychology, special (including therapy for learnin","Psychology, special (including therapy for learning, speech, hearing, visual and other physical and mental disabilities)"
6,31048363.31050909.31050910.31050921.31050328,31050328,Mental disorders,Mental disorders
6,31048363.31050909.31050910.31050921.31050329,31050329,Mental health,Mental health
6,31048363.31050909.31050910.31050921.31050337,31050337,"Behavioural neuroscience (e.g. sleep, consciousnes","Behavioural neuroscience (e.g. sleep, consciousness, handedness)"
6,31048363.31050909.31050910.31050921.31050340,31050340,"Cognition (e.g. learning, memory, emotions, speech","Cognition (e.g. learning, memory, emotions, speech)"
6,31048363.31050909.31050910.31050921.31050917,31050917,Social psychology,Social psychology
6,31048363.31050909.31050910.31050921.31050918,31050918,Clinical psychology,Clinical psychology
7,31048363.31050909.31050910.31050921.31050918.31050930,31050930,Anxiety,Anxiety
6,31048363.31050909.31050910.31050921.31050922,31050922,Addiction sciences,Addiction sciences
6,31048363.31050909.31050910.31050921.31050923,31050923,Behavioural sciences,Behavioural sciences
7,31048363.31050909.31050910.31050921.31050923.31050924,31050924,Human ethology,Human ethology
7,31048363.31050909.31050910.31050921.31050923.31050925,31050925,Sexuality,Sexuality
6,31048363.31050909.31050910.31050921.31050926,31050926,Cognitive science,Cognitive science
6,31048363.31050909.31050910.31050921.31050927,31050927,Applied psychology,Applied psychology
7,31048363.31050909.31050910.31050921.31050927.31050928,31050928,Industrial psychology,Industrial psychology
7,31048363.31050909.31050910.31050921.31050927.31050929,31050929,Organization psychology,Organization psychology
6,31048363.31050909.31050910.31050921.31050931,31050931,Counselling psychology,Counselling psychology
6,31048363.31050909.31050910.31050921.31050932,31050932,Developmental psychology,Developmental psychology
6,31048363.31050909.31050910.31050921.31050933,31050933,Differential psychology,Differential psychology
6,31048363.31050909.31050910.31050921.31050934,31050934,Educational psychology,Educational psychology
6,31048363.31050909.31050910.31050921.31050935,31050935,Experimental psychology,Experimental psychology
6,31048363.31050909.31050910.31050921.31050936,31050936,Psychonomics,Psychonomics
6,31048363.31050909.31050910.31050921.31050937,31050937,Psychotherapy,Psychotherapy
7,31048363.31050909.31050910.31050921.31050937.31050938,31050938,Art therapy,Art therapy
7,31048363.31050909.31050910.31050921.31050937.31050939,31050939,Drama therapy,Drama therapy
7,31048363.31050909.31050910.31050921.31050937.31050940,31050940,Music therapy,Music therapy
6,31048363.31050909.31050910.31050921.31050941,31050941,Human Factors in Transport,Human Factors in Transport
6,31048363.31050909.31050910.31050921.31050942,31050942,Social and clinical psychology,Social and clinical psychology
6,31048363.31050909.31050910.31050921.31050943,31050943,Psycholinguistics and neurolinguistics: acquisitio,"Psycholinguistics and neurolinguistics: acquisition and knowledge of language, language pathologies"
6,31048363.31050909.31050910.31050921.31050944,31050944,"Language pathologies, lexicography","Language pathologies, lexicography"
4,31048363.31050909.31050945,31050945,Economics and Business,Economics and Business
5,31048363.31050909.31050945.31050946,31050946,"Economics, Econometrics","Economics, Econometrics"
6,31048363.31050909.31050945.31050946.31050947,31050947,"Econometrics, statistical methods","Econometrics, statistical methods"
6,31048363.31050909.31050945.31050946.31050948,31050948,"Microeconomics, behavioural economics","Microeconomics, behavioural economics"
6,31048363.31050909.31050945.31050946.31050949,31050949,"Political economy, institutional economics, law an","Political economy, institutional economics, law and economics"
6,31048363.31050909.31050945.31050946.31050950,31050950,"Financial markets, asset prices, international fin","Financial markets, asset prices, international finance"
6,31048363.31050909.31050945.31050946.31050951,31050951,"Banking, corporate finance, accounting","Banking, corporate finance, accounting"
6,31048363.31050909.31050945.31050946.31050952,31050952,"Labour economics, income distribution and poverty","Labour economics, income distribution and poverty"
6,31048363.31050909.31050945.31050946.31050953,31050953,Public economics,Public economics
6,31048363.31050909.31050945.31050946.31050954,31050954,Public administration,Public administration
6,31048363.31050909.31050945.31050946.31050955,31050955,Macroeconomics,Macroeconomics
6,31048363.31050909.31050945.31050946.31050956,31050956,International trade,International trade
6,31048363.31050909.31050945.31050946.31050957,31050957,Economic geography,Economic geography
6,31048363.31050909.31050945.31050946.31050958,31050958,History of economic thought and quantitative econo,History of economic thought and quantitative economic history
6,31048363.31050909.31050945.31050946.31050959,31050959,"Economic history, development","Economic history, development"
6,31048363.31050909.31050945.31050946.31050960,31050960,"Development, economic growth","Development, economic growth"
6,31048363.31050909.31050945.31050946.31050961,31050961,Urban and regional economics,Urban and regional economics
6,31048363.31050909.31050945.31050946.31050962,31050962,Economics of innovation,Economics of innovation
6,31048363.31050909.31050945.31050946.31050963,31050963,Gender in economics,Gender in economics
6,31048363.31050909.31050945.31050946.31053946,31053946,Internet Science,Internet Science
6,31048363.31050909.31050945.31050946.31053960,31053960,Data value chains,Data value chains
6,31048363.31050909.31050945.31050946.31053961,31053961,Data reuse,Data reuse
7,31048363.31050909.31050945.31050946.31053961.31053818,31053818,Semantic web technologies,Semantic web technologies
7,31048363.31050909.31050945.31050946.31053961.31053819,31053819,Linked open data,Linked open data
7,31048363.31050909.31050945.31050946.31053961.31053822,31053822,Open data,Open data
6,31048363.31050909.31050945.31050946.31053962,31053962,Data markets,Data markets
6,31048363.31050909.31050945.31050946.31053963,31053963,Beyond GDP,Beyond GDP
7,31048363.31050909.31050945.31050946.31053963.31053964,31053964,Low-Carbon economy,Low-Carbon economy
5,31048363.31050909.31050945.31050964,31050964,Industrial relations,Industrial relations
6,31048363.31050909.31050945.31050964.31050965,31050965,"Organization studies: theory & strategy, industria","Organization studies: theory & strategy, industrial organization"
6,31048363.31050909.31050945.31050964.31050966,31050966,Industrial economics,Industrial economics
5,31048363.31050909.31050945.31050967,31050967,Business and Management,Business and Management
6,31048363.31050909.31050945.31050967.31050948,31050948,"Microeconomics, behavioural economics","Microeconomics, behavioural economics"
7,31048363.31050909.31050945.31050967.31050948.31050975,31050975,Microeconomics,Microeconomics
7,31048363.31050909.31050945.31050967.31050948.31050976,31050976,Behavioural economics,Behavioural economics
6,31048363.31050909.31050945.31050967.31050965,31050965,"Organization studies: theory & strategy, industria","Organization studies: theory & strategy, industrial organization"
6,31048363.31050909.31050945.31050967.31050968,31050968,Entrepreneurship,Entrepreneurship
6,31048363.31050909.31050945.31050967.31050969,31050969,Human resource management,Human resource management
6,31048363.31050909.31050945.31050967.31050970,31050970,Research management,Research management
6,31048363.31050909.31050945.31050967.31050971,31050971,Social economics,Social economics
6,31048363.31050909.31050945.31050967.31050972,31050972,Environmental planning,Environmental planning
6,31048363.31050909.31050945.31050967.31050973,31050973,Energy planning,Energy planning
6,31048363.31050909.31050945.31050967.31050974,31050974,Natural resources and environmental economics,Natural resources and environmental economics
6,31048363.31050909.31050945.31050967.31050977,31050977,Marketing,Marketing
6,31048363.31050909.31050945.31050967.31050978,31050978,"Competitiveness, innovation, research and developm","Competitiveness, innovation, research and development"
6,31048363.31050909.31050945.31050967.31050979,31050979,Clusters,Clusters
6,31048363.31050909.31050945.31050967.31050980,31050980,Industrial policy,Industrial policy
7,31048363.31050909.31050945.31050967.31050980.31050981,31050981,Productivity,Productivity
6,31048363.31050909.31050945.31050967.31050982,31050982,Gender in business and management,Gender in business and management
6,31048363.31050909.31050945.31050967.31053965,31053965,Web Entrepreneurship,Web Entrepreneurship
7,31048363.31050909.31050945.31050967.31053965.31051295,31051295,Crowdfunding,Crowdfunding
7,31048363.31050909.31050945.31050967.31053965.31051297,31051297,Venture capital,Venture capital
7,31048363.31050909.31050945.31050967.31053965.31053966,31053966,Startups,Startups
7,31048363.31050909.31050945.31050967.31053965.31053967,31053967,Accelerators,Accelerators
7,31048363.31050909.31050945.31050967.31053965.31053968,31053968,Web Talent,Web Talent
7,31048363.31050909.31050945.31050967.31053965.31053969,31053969,E-Commerce,E-Commerce
6,31048363.31050909.31050945.31050967.31053970,31053970,Innovation,Innovation
7,31048363.31050909.31050945.31050967.31053970.31053971,31053971,Participatory Innovation,Participatory Innovation
7,31048363.31050909.31050945.31050967.31053970.31053972,31053972,New Economic models beyond GDP,New Economic models beyond GDP
7,31048363.31050909.31050945.31050967.31053970.31053973,31053973,Digital Social Innovation,Digital Social Innovation
4,31048363.31050909.31050983,31050983,Educational sciences,Educational sciences
5,31048363.31050909.31050983.31050984,31050984,"Education, general (including training, pedagogy,","Education, general (including training, pedagogy, didactics)"
6,31048363.31050909.31050983.31050984.31050985,31050985,"Education: systems and institutions, teaching and","Education: systems and institutions, teaching and learning"
7,31048363.31050909.31050983.31050984.31050985.31049367,31049367,Informal education,Informal education
7,31048363.31050909.31050983.31050984.31050985.31050986,31050986,Entrepreneurship education,Entrepreneurship education
7,31048363.31050909.31050983.31050984.31050985.31050987,31050987,Pre-school education,Pre-school education
7,31048363.31050909.31050983.31050984.31050985.31050988,31050988,School education,School education
7,31048363.31050909.31050983.31050984.31050985.31050989,31050989,Higher education,Higher education
7,31048363.31050909.31050983.31050984.31050985.31050990,31050990,Adult education,Adult education
7,31048363.31050909.31050983.31050984.31050985.31050991,31050991,ICT in education and learning,ICT in education and learning
7,31048363.31050909.31050983.31050984.31050985.31050992,31050992,Education and learning of languages,Education and learning of languages
7,31048363.31050909.31050983.31050984.31050985.31050993,31050993,Formal education,Formal education
7,31048363.31050909.31050983.31050984.31050985.31050994,31050994,Non-formal education,Non-formal education
6,31048363.31050909.31050983.31050984.31050996,31050996,Education policy,Education policy
6,31048363.31050909.31050983.31050984.31050997,31050997,Gender in education,Gender in education
6,31048363.31050909.31050983.31050984.31050998,31050998,Energy education,Energy education
5,31048363.31050909.31050983.31050999,31050999,"Education, special (to gifted persons, those with","Education, special (to gifted persons, those with learning disabilities)"
4,31048363.31050909.31051000,31051000,Sociology,Sociology
5,31048363.31050909.31051000.31051000,31051000,Sociology,Sociology
6,31048363.31050909.31051000.31051000.31050695,31050695,"Social structure, inequalities, social mobility, i","Social structure, inequalities, social mobility, interethnic relations"
6,31048363.31050909.31051000.31051000.31051001,31051001,"Social policies, work and welfare","Social policies, work and welfare"
7,31048363.31050909.31051000.31051000.31051001.31051002,31051002,"Ageing, work, social policies","Ageing, work, social policies"
6,31048363.31050909.31051000.31051000.31051003,31051003,"Kinship, cultural dimensions of classification and","Kinship, cultural dimensions of classification and cognition, identity, gender"
6,31048363.31050909.31051000.31051000.31051004,31051004,"Myth, ritual, symbolic representations, religious","Myth, ritual, symbolic representations, religious studies"
6,31048363.31050909.31051000.31051000.31051005,31051005,Migration,Migration
7,31048363.31050909.31051000.31051000.31051005.31051006,31051006,"Globalization, migration, interethnic relations","Globalization, migration, interethnic relations"
6,31048363.31050909.31051000.31051000.31051007,31051007,Sociology of development,Sociology of development
6,31048363.31050909.31051000.31051000.31051008,31051008,Sociology of work,Sociology of work
6,31048363.31050909.31051000.31051000.31053832,31053832,Collective Awareness Platforms,Collective Awareness Platforms
6,31048363.31050909.31051000.31051000.31053946,31053946,Internet Science,Internet Science
6,31048363.31050909.31051000.31051000.31053974,31053974,Social Networks,Social Networks
5,31048363.31050909.31051000.31051009,31051009,Demography,Demography
6,31048363.31050909.31051000.31051009.31050606,31050606,"Population dynamics, aging, health and society","Population dynamics, aging, health and society"
6,31048363.31050909.31051000.31051009.31051010,31051010,Historical demography,Historical demography
5,31048363.31050909.31051000.31051011,31051011,"Anthropology, ethnology","Anthropology, ethnology"
6,31048363.31050909.31051000.31051011.31050695,31050695,"Social structure, inequalities, social mobility, i","Social structure, inequalities, social mobility, interethnic relations"
6,31048363.31050909.31051000.31051011.31051001,31051001,"Social policies, work and welfare","Social policies, work and welfare"
6,31048363.31050909.31051000.31051011.31051003,31051003,"Kinship, cultural dimensions of classification and","Kinship, cultural dimensions of classification and cognition, identity, gender"
6,31048363.31050909.31051000.31051011.31051004,31051004,"Myth, ritual, symbolic representations, religious","Myth, ritual, symbolic representations, religious studies"
6,31048363.31050909.31051000.31051011.31051012,31051012,Ethnography,Ethnography
6,31048363.31050909.31051000.31051011.31051013,31051013,Medical anthropology,Medical anthropology
6,31048363.31050909.31051000.31051011.31051014,31051014,Social anthropology,Social anthropology
7,31048363.31050909.31051000.31051011.31051014.31051015,31051015,Hybrid societies,Hybrid societies
6,31048363.31050909.31051000.31051011.31051016,31051016,Cultural anthropology,Cultural anthropology
6,31048363.31050909.31051000.31051011.31051017,31051017,Historical anthropology,Historical anthropology
5,31048363.31050909.31051000.31051018,31051018,Social topics (Women's and gender studies),Social topics (Women's and gender studies)
6,31048363.31050909.31051000.31051018.31051019,31051019,Women and gender studies,Women and gender studies
6,31048363.31050909.31051000.31051018.31051020,31051020,Gender in social sciences,Gender in social sciences
5,31048363.31050909.31051000.31051021,31051021,Social issues,Social issues
6,31048363.31050909.31051000.31051021.31051022,31051022,Social innovation,Social innovation
5,31048363.31050909.31051000.31051023,31051023,"Family studies, Social work","Family studies, Social work"
6,31048363.31050909.31051000.31051023.31050694,31050694,"Households, family and fertility","Households, family and fertility"
4,31048363.31050909.31051024,31051024,Law,Law
5,31048363.31050909.31051024.31051025,31051025,"Law, criminology, penology","Law, criminology, penology"
6,31048363.31050909.31051024.31051025.31051026,31051026,"Legal studies, constitutions, comparative law","Legal studies, constitutions, comparative law"
6,31048363.31050909.31051024.31051025.31051027,31051027,Trafficking in human beings,Trafficking in human beings
6,31048363.31050909.31051024.31051025.31051028,31051028,History of law,History of law
6,31048363.31050909.31051024.31051025.31051029,31051029,International relations,International relations
6,31048363.31050909.31051024.31051025.31051030,31051030,Human rights,Human rights
7,31048363.31050909.31051024.31051025.31051030.31057728,31057728,Data protection,Data protection
7,31048363.31050909.31051024.31051025.31051030.31073731,31073731,EU charter of fundamental rights,EU charter of fundamental rights
7,31048363.31050909.31051024.31051025.31051030.31073732,31073732,EU citizenship,EU citizenship
7,31048363.31050909.31051024.31051025.31051030.31073733,31073733,Non-discrimination,Non-discrimination
7,31048363.31050909.31051024.31051025.31051030.31073734,31073734,Roma rights,Roma rights
7,31048363.31050909.31051024.31051025.31051030.31073735,31073735,"Racism, xenophobia, and other forms of intolerance","Racism, xenophobia, and other forms of intolerance"
7,31048363.31050909.31051024.31051025.31051030.31073736,31073736,"Homophobia, LGBT rights","Homophobia, LGBT rights"
7,31048363.31050909.31051024.31051025.31051030.31073737,31073737,Equality between women and men,Equality between women and men
7,31048363.31050909.31051024.31051025.31051030.31073738,31073738,Rights of the child,Rights of the child
7,31048363.31050909.31051024.31051025.31051030.31073739,31073739,"Combating violence against children, young people","Combating violence against children,  young people and women"
6,31048363.31050909.31051024.31051025.31051031,31051031,"Gender in law, criminology and penology","Gender in law, criminology and penology"
7,31048363.31050909.31051024.31051025.31051031.31073740,31073740,Criminal law,Criminal law
7,31048363.31050909.31051024.31051025.31051031.31073741,31073741,Victims' rights,Victims' rights
7,31048363.31050909.31051024.31051025.31051031.31073742,31073742,"Procedural law, rights of suspect and accused","Procedural law, rights of suspect and accused"
6,31048363.31050909.31051024.31051025.31051032,31051032,"Legal systems, constitutions, foundations of law","Legal systems, constitutions, foundations of law"
7,31048363.31050909.31051024.31051025.31051032.31073743,31073743,Judicial training,Judicial training
7,31048363.31050909.31051024.31051025.31051032.31073744,31073744,E-Justice/e-law,E-Justice/e-law
6,31048363.31050909.31051024.31051025.31051033,31051033,"Private, public and social law","Private, public and social law"
7,31048363.31050909.31051024.31051025.31051033.31073745,31073745,"Civil law, commercial law","Civil law, commercial law"
7,31048363.31050909.31051024.31051025.31051033.31073746,31073746,"Familiy matters, successions","Familiy matters, successions"
7,31048363.31050909.31051024.31051025.31051033.31073747,31073747,International private law,International private law
7,31048363.31050909.31051024.31051025.31051033.31073748,31073748,Competition law,Competition law
7,31048363.31050909.31051024.31051025.31051033.31073749,31073749,Consumer rights,Consumer rights
6,31048363.31050909.31051024.31051025.31051034,31051034,"Global and transnational governance, international","Global and transnational governance, international law, human rights"
4,31048363.31050909.31051035,31051035,Political science,Political science
5,31048363.31050909.31051035.31050954,31050954,Public administration,Public administration
6,31048363.31050909.31051035.31050954.31051034,31051034,"Global and transnational governance, international","Global and transnational governance, international law, human rights"
6,31048363.31050909.31051035.31050954.31051038,31051038,"Political systems and institutions, governance","Political systems and institutions, governance"
6,31048363.31050909.31051035.31050954.31053975,31053975,Open government,Open government
5,31048363.31050909.31051035.31051035,31051035,Political science,Political science
6,31048363.31050909.31051035.31051035.31050973,31050973,Energy planning,Energy planning
6,31048363.31050909.31051035.31051035.31051034,31051034,"Global and transnational governance, international","Global and transnational governance, international law, human rights"
6,31048363.31050909.31051035.31051035.31051036,31051036,"Transformation of societies, democratization, soci","Transformation of societies, democratization, social movements"
6,31048363.31050909.31051035.31051035.31051037,31051037,"Violence, conflict and conflict resolution","Violence, conflict and conflict resolution"
6,31048363.31050909.31051035.31051035.31051038,31051038,"Political systems and institutions, governance","Political systems and institutions, governance"
6,31048363.31050909.31051035.31051035.31051039,31051039,Environmental regulations and climate negotiations,Environmental regulations and climate negotiations
6,31048363.31050909.31051035.31051035.31051040,31051040,Political theory,Political theory
6,31048363.31050909.31051035.31051035.31051041,31051041,Gender in political sciences,Gender in political sciences
6,31048363.31050909.31051035.31051035.31053976,31053976,New participatory democracy models,New participatory democracy models
7,31048363.31050909.31051035.31051035.31053976.31053977,31053977,Collective Awareness,Collective Awareness
5,31048363.31050909.31051035.31051042,31051042,Organisation theory,Organisation theory
6,31048363.31050909.31051035.31051042.31051038,31051038,"Political systems and institutions, governance","Political systems and institutions, governance"
7,31048363.31050909.31051035.31051042.31051038.31049249,31049249,Training,Training
7,31048363.31050909.31051035.31051042.31051038.31051043,31051043,Responsible Research and Innovation (RRI),Responsible Research and Innovation (RRI)
7,31048363.31050909.31051035.31051042.31051038.31051044,31051044,Moral /morality,Moral /morality
7,31048363.31050909.31051035.31051042.31051038.31051045,31051045,(human) rights,(human) rights
7,31048363.31050909.31051035.31051042.31051038.31051046,31051046,Privacy,Privacy
7,31048363.31050909.31051035.31051042.31051038.31051047,31051047,(animal) welfare,(animal) welfare
7,31048363.31050909.31051035.31051042.31051038.31051049,31051049,Integrity,Integrity
7,31048363.31050909.31051035.31051042.31051038.31051050,31051050,Gender,Gender
7,31048363.31050909.31051035.31051042.31051038.31051051,31051051,Public engagement,Public engagement
7,31048363.31050909.31051035.31051042.31051038.31051052,31051052,Participatory/Participation,Participatory/Participation
7,31048363.31050909.31051035.31051042.31051038.31051053,31051053,(scientific) culture,(scientific) culture
7,31048363.31050909.31051035.31051042.31051038.31051054,31051054,Dialogue,Dialogue
7,31048363.31050909.31051035.31051042.31051038.31051055,31051055,(science) communication,(science) communication
7,31048363.31050909.31051035.31051042.31051038.31051056,31051056,Science education,Science education
7,31048363.31050909.31051035.31051042.31051038.31051058,31051058,Lifelong learning,Lifelong learning
7,31048363.31050909.31051035.31051042.31051038.31051059,31051059,Science museums,Science museums
7,31048363.31050909.31051035.31051042.31051038.31051060,31051060,Formal science education,Formal science education
7,31048363.31050909.31051035.31051042.31051038.31051061,31051061,Informal science education,Informal science education
7,31048363.31050909.31051035.31051042.31051038.31051062,31051062,Scientific literacy,Scientific literacy
7,31048363.31050909.31051035.31051042.31051038.31051063,31051063,"Science, technology and mathematics (STEM)","Science, technology and mathematics (STEM)"
7,31048363.31050909.31051035.31051042.31051038.31051064,31051064,Pedagogy,Pedagogy
7,31048363.31050909.31051035.31051042.31051038.31051065,31051065,Open access,Open access
7,31048363.31050909.31051035.31051042.31051038.31051066,31051066,Scientific publication,Scientific publication
7,31048363.31050909.31051035.31051042.31051038.31051067,31051067,Research data,Research data
7,31048363.31050909.31051035.31051042.31051038.31051214,31051214,Dual use,Dual use
4,31048363.31050909.31051068,31051068,Social and economic geography,Social and economic geography
5,31048363.31050909.31051068.31051069,31051069,Environmental sciences (social aspects),Environmental sciences (social aspects)
6,31048363.31050909.31051068.31051069.31048672,31048672,Gender in environmental sciences,Gender in environmental sciences
6,31048363.31050909.31051068.31051069.31051034,31051034,"Global and transnational governance, international","Global and transnational governance, international law, human rights"
6,31048363.31050909.31051068.31051069.31051070,31051070,"Environment, resources and sustainability","Environment, resources and sustainability"
6,31048363.31050909.31051068.31051069.31051071,31051071,Environmental change and society,Environmental change and society
6,31048363.31050909.31051068.31051069.31051072,31051072,Strategic environmental assessment,Strategic environmental assessment
6,31048363.31050909.31051068.31051069.31051073,31051073,Environmental impact assessment,Environmental impact assessment
5,31048363.31050909.31051068.31051074,31051074,Cultural and economic geography,Cultural and economic geography
6,31048363.31050909.31051068.31051074.31051075,31051075,Cost-benefit analysis,Cost-benefit analysis
6,31048363.31050909.31051068.31051074.31051076,31051076,Spatial planning,Spatial planning
6,31048363.31050909.31051068.31051074.31051077,31051077,Spatial and regional planning,Spatial and regional planning
6,31048363.31050909.31051068.31051074.31051078,31051078,Spatial assessment and evaluation,Spatial assessment and evaluation
6,31048363.31050909.31051068.31051074.31051079,31051079,Social and industrial ecology,Social and industrial ecology
6,31048363.31050909.31051068.31051074.31051080,31051080,"Spatial development and architecture, land use, re","Spatial development and architecture, land use, regional planning"
6,31048363.31050909.31051068.31051074.31051081,31051081,"Social geography, infrastructure","Social geography, infrastructure"
6,31048363.31050909.31051068.31051074.31051082,31051082,Geopolitics,Geopolitics
6,31048363.31050909.31051068.31051074.31051083,31051083,Rural development studies,Rural development studies
6,31048363.31050909.31051068.31051074.31051084,31051084,Gender in in cultural and economic geography,Gender in in cultural and economic geography
5,31048363.31050909.31051068.31051085,31051085,Urban studies (Planning and development),Urban studies (Planning and development)
6,31048363.31050909.31051068.31051085.31051080,31051080,"Spatial development and architecture, land use, re","Spatial development and architecture, land use, regional planning"
6,31048363.31050909.31051068.31051085.31051086,31051086,"Urbanization and urban planning, cities","Urbanization and urban planning, cities"
6,31048363.31050909.31051068.31051085.31051087,31051087,"Urban studies, regional studies","Urban studies, regional studies"
6,31048363.31050909.31051068.31051085.31051088,31051088,Gender in urban planning and development,Gender in urban planning and development
5,31048363.31050909.31051068.31051089,31051089,Transport planning and social aspects of transport,Transport planning and social aspects of transport
6,31048363.31050909.31051068.31051089.31050378,31050378,Ageing,Ageing
7,31048363.31050909.31051068.31051089.31050378.31051002,31051002,"Ageing, work, social policies","Ageing, work, social policies"
6,31048363.31050909.31051068.31051089.31051081,31051081,"Social geography, infrastructure","Social geography, infrastructure"
7,31048363.31050909.31051068.31051089.31051081.31051092,31051092,Human and social geography,Human and social geography
6,31048363.31050909.31051068.31051089.31051090,31051090,"Mobility, tourism, transportation and logistics","Mobility, tourism, transportation and logistics"
6,31048363.31050909.31051068.31051089.31051091,31051091,Mobility and transportation,Mobility and transportation
6,31048363.31050909.31051068.31051089.31051093,31051093,Vulnerable users,Vulnerable users
6,31048363.31050909.31051068.31051089.31051094,31051094,Mobility plans,Mobility plans
6,31048363.31050909.31051068.31051089.31051095,31051095,Gender in transport planning,Gender in transport planning
4,31048363.31050909.31051096,31051096,Media and communications,Media and communications
5,31048363.31050909.31051096.31051097,31051097,Journalism,Journalism
6,31048363.31050909.31051096.31051097.31048420,31048420,"Communication networks, media, information society","Communication networks, media, information society"
7,31048363.31050909.31051096.31051097.31048420.31053832,31053832,Collective Awareness Platforms,Collective Awareness Platforms
7,31048363.31050909.31051096.31051097.31048420.31053978,31053978,"Global Systems Science, GSS","Global Systems Science, GSS"
5,31048363.31050909.31051096.31051098,31051098,Information science (social aspects),Information science (social aspects)
6,31048363.31050909.31051096.31051098.31048414,31048414,"Web and information systems, database systems, inf","Web and information systems, database systems, information retrieval and digital libraries, data fusion"
6,31048363.31050909.31051096.31051098.31048420,31048420,"Communication networks, media, information society","Communication networks, media, information society"
6,31048363.31050909.31051096.31051098.31053832,31053832,Collective Awareness Platforms,Collective Awareness Platforms
5,31048363.31050909.31051096.31051099,31051099,Library science,Library science
6,31048363.31050909.31051096.31051099.31048414,31048414,"Web and information systems, database systems, inf","Web and information systems, database systems, information retrieval and digital libraries, data fusion"
7,31048363.31050909.31051096.31051099.31048414.31053979,31053979,"Open Access, Open Access to publications, Open Ac","Open Access, Open Access to publications, Open Access to data, OA, linked open data, semantic web technologies"
6,31048363.31050909.31051096.31051099.31048420,31048420,"Communication networks, media, information society","Communication networks, media, information society"
5,31048363.31050909.31051096.31051100,31051100,Media and socio-cultural communication,Media and socio-cultural communication
6,31048363.31050909.31051096.31051100.31048411,31048411,"Computer graphics, computer vision, multi media, c","Computer graphics, computer vision, multi media, computer games"
6,31048363.31050909.31051096.31051100.31048414,31048414,"Web and information systems, database systems, inf","Web and information systems, database systems, information retrieval and digital libraries, data fusion"
6,31048363.31050909.31051096.31051100.31048420,31048420,"Communication networks, media, information society","Communication networks, media, information society"
6,31048363.31050909.31051096.31051100.31051101,31051101,"Cultural studies, cultural diversity","Cultural studies, cultural diversity"
6,31048363.31050909.31051096.31051100.31051102,31051102,"Media and communication strategies, campaigns, out","Media and communication strategies, campaigns, outreach activities"
7,31048363.31050909.31051096.31051100.31051102.31051103,31051103,General,General
7,31048363.31050909.31051096.31051100.31051102.31051104,31051104,Science Communication,Science Communication
6,31048363.31050909.31051096.31051100.31051105,31051105,Gender in media and communication,Gender in media and communication
6,31048363.31050909.31051096.31051100.31051106,31051106,Behavioural change campaigns,Behavioural change campaigns
6,31048363.31050909.31051096.31051100.31053832,31053832,Collective Awareness Platforms,Collective Awareness Platforms
4,31048363.31050909.31051107,31051107,Other social sciences,Other social sciences
5,31048363.31050909.31051107.31051107,31051107,Other social sciences,Other social sciences
6,31048363.31050909.31051107.31051107.31051111,31051111,Ethics in social sciences,Ethics in social sciences
7,31048363.31050909.31051107.31051107.31051111.31049041,31049041,Research integrity and research misconduct,Research integrity and research misconduct
7,31048363.31050909.31051107.31051107.31051111.31051112,31051112,"Ethics and morality, bioethics","Ethics and morality, bioethics"
6,31048363.31050909.31051107.31051107.31051113,31051113,EU studies,EU studies
7,31048363.31050909.31051107.31051107.31051113.31051114,31051114,Common agricultural policy (CAP),Common agricultural policy (CAP)
7,31048363.31050909.31051107.31051107.31051113.31051115,31051115,Common fisheries policy (CFP),Common fisheries policy (CFP)
7,31048363.31050909.31051107.31051107.31051113.31051116,31051116,EU research policy /Research policies in the EU,EU research policy /Research policies in the EU
7,31048363.31050909.31051107.31051107.31051113.31051117,31051117,Common Foreign Security Policy (CFSP),Common Foreign Security Policy (CFSP)
7,31048363.31050909.31051107.31051107.31051113.31051118,31051118,Foresight / Forecast,Foresight / Forecast
5,31048363.31050909.31051107.31051108,31051108,"Social sciences, interdisciplinary","Social sciences, interdisciplinary"
6,31048363.31050909.31051107.31051108.31050695,31050695,"Social structure, inequalities, social mobility, i","Social structure, inequalities, social mobility, interethnic relations"
6,31048363.31050909.31051107.31051108.31051109,31051109,Social studies of science and technology,Social studies of science and technology
7,31048363.31050909.31051107.31051108.31051109.31051110,31051110,Intellectual property rights,Intellectual property rights
6,31048363.31050909.31051107.31051108.31053832,31053832,Collective Awareness Platforms,Collective Awareness Platforms
3,31048363.31051119,31051119,HUMANITIES,HUMANITIES
4,31048363.31051119.31051120,31051120,History and Archaeology,History and Archaeology
5,31048363.31051119.31051120.31051121,31051121,History,History
6,31048363.31051119.31051120.31051121.31051122,31051122,"Archaeology, archaeometry, landscape archaeology","Archaeology, archaeometry, landscape archaeology"
6,31048363.31051119.31051120.31051121.31051123,31051123,Prehistory and protohistory,Prehistory and protohistory
6,31048363.31051119.31051120.31051121.31051124,31051124,Ancient history,Ancient history
6,31048363.31051119.31051120.31051121.31051125,31051125,Ancient cultures,Ancient cultures
6,31048363.31051119.31051120.31051121.31051126,31051126,Medieval history,Medieval history
6,31048363.31051119.31051120.31051121.31051127,31051127,Early modern history,Early modern history
6,31048363.31051119.31051120.31051121.31051128,31051128,Modern and contemporary history,Modern and contemporary history
6,31048363.31051119.31051120.31051121.31051129,31051129,"Colonial and post-colonial history, global and tra","Colonial and post-colonial history, global and transnational history, entangled histories"
6,31048363.31051119.31051120.31051121.31051130,31051130,Social and economic history,Social and economic history
6,31048363.31051119.31051120.31051121.31051131,31051131,Gender history,Gender history
6,31048363.31051119.31051120.31051121.31051132,31051132,"History of ideas, intellectual history, history of","History of ideas, intellectual history, history of science and techniques"
6,31048363.31051119.31051120.31051121.31051133,31051133,"Cultural history, history of collective identities","Cultural history, history of collective identities and memories"
7,31048363.31051119.31051120.31051121.31051133.31051134,31051134,History of philosophy,History of philosophy
6,31048363.31051119.31051120.31051121.31051135,31051135,History of science and technology,History of science and technology
6,31048363.31051119.31051120.31051121.31051136,31051136,Military history,Military history
6,31048363.31051119.31051120.31051121.31051137,31051137,"Social, economic, cultural and political history","Social, economic, cultural and political history"
6,31048363.31051119.31051120.31051121.31051138,31051138,"Collective memories, identities, lieux de mémoire,","Collective memories, identities, lieux de mémoire, oral history"
6,31048363.31051119.31051120.31051121.31051139,31051139,"Historiography, theory and methods of history","Historiography, theory and methods of history"
7,31048363.31051119.31051120.31051121.31051139.31051140,31051140,Chronology,Chronology
7,31048363.31051119.31051120.31051121.31051139.31051141,31051141,Diplomatics,Diplomatics
7,31048363.31051119.31051120.31051121.31051139.31051142,31051142,Epigraphy,Epigraphy
7,31048363.31051119.31051120.31051121.31051139.31051143,31051143,Enomastics,Enomastics
7,31048363.31051119.31051120.31051121.31051139.31051144,31051144,Heraldry and Genealogy,Heraldry and Genealogy
7,31048363.31051119.31051120.31051121.31051139.31051145,31051145,Numismatics,Numismatics
7,31048363.31051119.31051120.31051121.31051139.31051146,31051146,Paleography,Paleography
7,31048363.31051119.31051120.31051121.31051139.31051147,31051147,Sigillography,Sigillography
7,31048363.31051119.31051120.31051121.31051139.31051148,31051148,Historical statistics,Historical statistics
6,31048363.31051119.31051120.31051121.31051149,31051149,"Cultural heritage, cultural memory","Cultural heritage, cultural memory"
6,31048363.31051119.31051120.31051121.31051150,31051150,Historical geography,Historical geography
6,31048363.31051119.31051120.31051121.31051151,31051151,Gender in history,Gender in history
5,31048363.31051119.31051120.31051152,31051152,Archaeology,Archaeology
6,31048363.31051119.31051120.31051152.31051122,31051122,"Archaeology, archaeometry, landscape archaeology","Archaeology, archaeometry, landscape archaeology"
7,31048363.31051119.31051120.31051152.31051122.31051142,31051142,Epigraphy,Epigraphy
7,31048363.31051119.31051120.31051152.31051122.31051153,31051153,History of archaeology,History of archaeology
7,31048363.31051119.31051120.31051152.31051122.31051154,31051154,Biblical archaeology,Biblical archaeology
7,31048363.31051119.31051120.31051152.31051122.31051155,31051155,Slavic archaeology,Slavic archaeology
7,31048363.31051119.31051120.31051152.31051122.31051156,31051156,Medieval archaeology,Medieval archaeology
7,31048363.31051119.31051120.31051152.31051122.31051157,31051157,Maritime archaeology,Maritime archaeology
7,31048363.31051119.31051120.31051152.31051122.31051158,31051158,Virtual archaeology - computer simulation,Virtual archaeology - computer simulation
7,31048363.31051119.31051120.31051152.31051122.31051159,31051159,Islamic archaeology,Islamic archaeology
7,31048363.31051119.31051120.31051152.31051122.31051160,31051160,Assyriology,Assyriology
7,31048363.31051119.31051120.31051152.31051122.31051161,31051161,Egyptology,Egyptology
7,31048363.31051119.31051120.31051152.31051122.31051162,31051162,Comparative archaeology,Comparative archaeology
6,31048363.31051119.31051120.31051152.31051163,31051163,Gender in archaeology,Gender in archaeology
4,31048363.31051119.31051164,31051164,Languages and Literature,Languages and Literature
5,31048363.31051119.31051164.31051165,31051165,General language studies,General language studies
6,31048363.31051119.31051164.31051165.31051166,31051166,"Textual philology, palaeography and epigraphy","Textual philology, palaeography and epigraphy"
6,31048363.31051119.31051164.31051165.31051167,31051167,"Numismatics, epigraphy","Numismatics, epigraphy"
5,31048363.31051119.31051164.31051168,31051168,Specific languages,Specific languages
6,31048363.31051119.31051164.31051168.31051169,31051169,"Classics, ancient Greek and Latin literature and a","Classics, ancient Greek and Latin literature and art"
5,31048363.31051119.31051164.31051170,31051170,General literature studies,General literature studies
6,31048363.31051119.31051164.31051170.31051171,31051171,History of literature,History of literature
6,31048363.31051119.31051164.31051170.31051172,31051172,"Literary theory and comparative literature, litera","Literary theory and comparative literature, literary styles"
5,31048363.31051119.31051164.31051173,31051173,Literary theory,Literary theory
6,31048363.31051119.31051164.31051173.31051172,31051172,"Literary theory and comparative literature, litera","Literary theory and comparative literature, literary styles"
5,31048363.31051119.31051164.31051174,31051174,Specific literatures,Specific literatures
6,31048363.31051119.31051164.31051174.31051169,31051169,"Classics, ancient Greek and Latin literature and a","Classics, ancient Greek and Latin literature and art"
6,31048363.31051119.31051164.31051174.31051171,31051171,History of literature,History of literature
6,31048363.31051119.31051164.31051174.31051172,31051172,"Literary theory and comparative literature, litera","Literary theory and comparative literature, literary styles"
5,31048363.31051119.31051164.31051175,31051175,Linguistics,Linguistics
6,31048363.31051119.31051164.31051175.31051176,31051176,"Formal, cognitive, functional and computational li","Formal, cognitive, functional and computational linguistics"
6,31048363.31051119.31051164.31051175.31051177,31051177,"Typological, historical and comparative linguistic","Typological, historical and comparative linguistics"
6,31048363.31051119.31051164.31051175.31051178,31051178,"Use of language: pragmatics, sociolinguistics, dis","Use of language: pragmatics, sociolinguistics, discourse analysis, second language teaching and learning, lexicography, terminology"
6,31048363.31051119.31051164.31051175.31051179,31051179,"Multilingualism, language diversity","Multilingualism, language diversity"
6,31048363.31051119.31051164.31051175.31051180,31051180,Psycholinguistics,Psycholinguistics
4,31048363.31051119.31051181,31051181,"Philosophy, Ethics and Religion","Philosophy, Ethics and Religion"
5,31048363.31051119.31051181.31051182,31051182,"Philosophy, History and philosophy of science and","Philosophy, History and philosophy of science and technology"
6,31048363.31051119.31051181.31051182.31051183,31051183,"Philosophy of mind, epistemology and logic","Philosophy of mind, epistemology and logic"
6,31048363.31051119.31051181.31051182.31051184,31051184,"Philosophy, history of philosophy","Philosophy, history of philosophy"
6,31048363.31051119.31051181.31051182.31051185,31051185,"Epistemology, logic, philosophy of science","Epistemology, logic, philosophy of science"
6,31048363.31051119.31051181.31051182.31053946,31053946,Internet Science,Internet Science
5,31048363.31051119.31051181.31051186,31051186,Ethics (except ethics related to specific subfield,Ethics (except ethics related to specific subfields)
6,31048363.31051119.31051181.31051186.31051184,31051184,"Philosophy, history of philosophy","Philosophy, history of philosophy"
5,31048363.31051119.31051181.31051187,31051187,Theology,Theology
6,31048363.31051119.31051181.31051187.31051004,31051004,"Myth, ritual, symbolic representations, religious","Myth, ritual, symbolic representations, religious studies"
5,31048363.31051119.31051181.31051188,31051188,Religious studies,Religious studies
6,31048363.31051119.31051181.31051188.31051004,31051004,"Myth, ritual, symbolic representations, religious","Myth, ritual, symbolic representations, religious studies"
6,31048363.31051119.31051181.31051188.31051101,31051101,"Cultural studies, cultural diversity","Cultural studies, cultural diversity"
6,31048363.31051119.31051181.31051188.31051189,31051189,History of religions,History of religions
4,31048363.31051119.31051190,31051190,"Arts (arts, history of arts, performing arts, musi","Arts (arts, history of arts, performing arts, music)"
5,31048363.31051119.31051190.31051191,31051191,"Arts, Art history","Arts, Art history"
6,31048363.31051119.31051190.31051191.31051149,31051149,"Cultural heritage, cultural memory","Cultural heritage, cultural memory"
7,31048363.31051119.31051190.31051191.31051149.31051195,31051195,"Cultural memory, intangible cultural heritage","Cultural memory, intangible cultural heritage"
7,31048363.31051119.31051190.31051191.31051149.31051196,31051196,Tangible cultural heritage,Tangible cultural heritage
7,31048363.31051119.31051190.31051191.31051149.31051197,31051197,Intangible cultural heritage,Intangible cultural heritage
7,31048363.31051119.31051190.31051191.31051149.31051198,31051198,Heritage preservation,Heritage preservation
7,31048363.31051119.31051190.31051191.31051149.31051199,31051199,Digitalisation/ICT and cultural heritage,Digitalisation/ICT and cultural heritage
6,31048363.31051119.31051190.31051191.31051169,31051169,"Classics, ancient Greek and Latin literature and a","Classics, ancient Greek and Latin literature and art"
6,31048363.31051119.31051190.31051191.31051192,31051192,"Visual arts, performing arts, design","Visual arts, performing arts, design"
6,31048363.31051119.31051190.31051191.31051193,31051193,History of art and architecture,History of art and architecture
6,31048363.31051119.31051190.31051191.31051194,31051194,Museums and exhibitions,Museums and exhibitions
6,31048363.31051119.31051190.31051191.31053980,31053980,ICT & art,ICT & art
5,31048363.31051119.31051190.31051200,31051200,Architectural design,Architectural design
6,31048363.31051119.31051190.31051200.31051192,31051192,"Visual arts, performing arts, design","Visual arts, performing arts, design"
6,31048363.31051119.31051190.31051200.31051193,31051193,History of art and architecture,History of art and architecture
5,31048363.31051119.31051190.31051201,31051201,"Performing arts studies (Musicology, Theater scien","Performing arts studies (Musicology, Theater science, Dramaturgy)"
6,31048363.31051119.31051190.31051201.31051192,31051192,"Visual arts, performing arts, design","Visual arts, performing arts, design"
6,31048363.31051119.31051190.31051201.31051202,31051202,"Music and musicology, history of music","Music and musicology, history of music"
5,31048363.31051119.31051190.31051203,31051203,Folklore studies,Folklore studies
5,31048363.31051119.31051190.31051204,31051204,"Studies on Film, Radio and Television","Studies on Film, Radio and Television"
6,31048363.31051119.31051190.31051204.31048420,31048420,"Communication networks, media, information society","Communication networks, media, information society"
6,31048363.31051119.31051190.31051204.31051192,31051192,"Visual arts, performing arts, design","Visual arts, performing arts, design"
4,31048363.31051119.31051205,31051205,Other humanities,Other humanities
5,31048363.31051119.31051205.31051101,31051101,"Cultural studies, cultural diversity","Cultural studies, cultural diversity"
6,31048363.31051119.31051205.31051101.31051217,31051217,"Cultural history, cultural memory","Cultural history, cultural memory"
7,31048363.31051119.31051205.31051101.31051217.31051218,31051218,Conflict heritage,Conflict heritage
7,31048363.31051119.31051205.31051101.31051217.31051219,31051219,Environmental heritage,Environmental heritage
7,31048363.31051119.31051205.31051101.31051217.31051220,31051220,Landscape heritage,Landscape heritage
5,31048363.31051119.31051205.31051206,31051206,Ethics in research and innovation,Ethics in research and innovation
6,31048363.31051119.31051205.31051206.31050831,31050831,Animal welfare,Animal welfare
6,31048363.31051119.31051205.31051206.31051207,31051207,Human protection,Human protection
6,31048363.31051119.31051205.31051206.31051208,31051208,Involvement of children,Involvement of children
6,31048363.31051119.31051205.31051206.31051209,31051209,Involvement of vulnerable populations,Involvement of vulnerable populations
6,31048363.31051119.31051205.31051206.31051210,31051210,Informed consent,Informed consent
6,31048363.31051119.31051205.31051206.31051211,31051211,International cooperation,International cooperation
6,31048363.31051119.31051205.31051206.31051212,31051212,Developing countries,Developing countries
6,31048363.31051119.31051205.31051206.31051213,31051213,Data protection and privacy,Data protection and privacy
7,31048363.31051119.31051205.31051206.31051213.31053981,31053981,"Internet science, collective awareness platforms","Internet science, collective awareness platforms"
6,31048363.31051119.31051205.31051206.31051214,31051214,Dual use,Dual use
6,31048363.31051119.31051205.31051206.31051215,31051215,Misuse/Malevolent use,Misuse/Malevolent use
6,31048363.31051119.31051205.31051206.31051216,31051216,Research integrity and misconduct,Research integrity and misconduct
5,31048363.31051119.31051205.31051221,31051221,Gender research,Gender research
6,31048363.31051119.31051205.31051221.31051222,31051222,Gender in languages and literature,Gender in languages and literature
6,31048363.31051119.31051205.31051221.31051223,31051223,"Gender in philosophy, ethics and religion","Gender in philosophy, ethics and religion"
6,31048363.31051119.31051205.31051221.31051224,31051224,Gender in arts,Gender in arts
