subject_id	subject_label	predicate_id	object_id	object_label	mapping_justification	confidence	similarity_score	similarity_measure	mapping_tool	comment
http://data.europa.eu/8mn/euroscivoc/0085a6d1-0b32-479f-a560-0cbf6cffee9b	astronautical engineering	skos:narrowMatch	https://linked.data.gov.au/def/anzsrc-for/2020/400107	Satellite, space vehicle and missile design and testing	semapv:SemanticSimilarityThresholdMatching	0.900	0.7289	cosine	tamar-pairwise	Target subset of astronautics
http://data.europa.eu/8mn/euroscivoc/00a28aba-3218-4825-a8ed-5929fde51130	galactic astronomy	skos:exactMatch	https://linked.data.gov.au/def/anzsrc-for/2020/510104	Galactic astronomy	semapv:LexicalMatching	0.990	0.8394	cosine	tamar-pairwise	Exact galactic astronomy concept
http://data.europa.eu/8mn/euroscivoc/00a5c4f4-b7ee-41a4-bcdf-3a02e6be1660	clinical neurology	skos:broadMatch	https://linked.data.gov.au/def/anzsrc-for/2020/320905	Neurology and neuromuscular diseases	semapv:SemanticSimilarityThresholdMatching	0.850	0.7576	cosine	tamar-pairwise	Target covers neuromuscular diseases
http://data.europa.eu/8mn/euroscivoc/00ec24cf-bc96-4a3f-9cf9-c0715e98354c	business intelligence	skos:closeMatch	https://linked.data.gov.au/def/anzsrc-for/2020/350301	Business analytics	semapv:SemanticSimilarityThresholdMatching	0.880	0.7713	cosine	tamar-pairwise	Near-equivalent analytical business domains
http://data.europa.eu/8mn/euroscivoc/01fc32f3-a4fb-4c1b-8340-888f2fca1a90	pathology	skos:closeMatch	https://linked.data.gov.au/def/anzsrc-for/2020/320220	Pathology (excl. oral pathology)	semapv:SemanticSimilarityThresholdMatching	0.960	0.7896	cosine	tamar-pairwise	Pathology excluding oral pathology
http://data.europa.eu/8mn/euroscivoc/021bf00b-fbb1-487a-b79c-feacbb17b814	neurobiology	skos:closeMatch	https://linked.data.gov.au/def/anzsrc-for/2020/3209	Neurosciences	semapv:SemanticSimilarityThresholdMatching	0.910	0.6778	cosine	tamar-pairwise	Neurobiology and neurosciences synonymous
http://data.europa.eu/8mn/euroscivoc/02695258-7117-47a3-8b32-bbf861dae234	aircraft	skos:narrowMatch	https://linked.data.gov.au/def/anzsrc-for/2020/400103	Aircraft performance and flight control systems	semapv:SemanticSimilarityThresholdMatching	0.800	0.6802	cosine	tamar-pairwise	Target narrower than aircraft
http://data.europa.eu/8mn/euroscivoc/02fb94bf-d412-425c-8f85-f9b9d5068268	planets	skos:broadMatch	https://linked.data.gov.au/def/anzsrc-for/2020/510905	Solar system planetary science (excl. planetary geology)	semapv:SemanticSimilarityThresholdMatching	0.840	0.7471	cosine	tamar-pairwise	Target includes non‑planet bodies
http://data.europa.eu/8mn/euroscivoc/034233ce-1065-4da8-b501-54f951afd7ab	political communication	skos:broadMatch	https://linked.data.gov.au/def/anzsrc-for/2020/470101	Communication studies	semapv:SemanticSimilarityThresholdMatching	0.850	0.6578	cosine	tamar-pairwise	Target covers broader communications
http://data.europa.eu/8mn/euroscivoc/03b527bb-d9bd-4191-a424-775f6af730f0	chemical process engineering	skos:narrowMatch	https://linked.data.gov.au/def/anzsrc-for/2020/400408	Reaction engineering (excl. nuclear reactions)	semapv:SemanticSimilarityThresholdMatching	0.800	0.7567	cosine	tamar-pairwise	Target subset of source
http://data.europa.eu/8mn/euroscivoc/045d8dc4-1d48-4d18-b8ad-47e9df29100e	diagnostic imaging	skos:relatedMatch	https://linked.data.gov.au/def/anzsrc-for/2020/320222	Radiology and organ imaging	semapv:SemanticSimilarityThresholdMatching	0.740	0.6945	cosine	tamar-pairwise	Radiology imaging overlap
http://data.europa.eu/8mn/euroscivoc/045d8dc4-1d48-4d18-b8ad-47e9df29100e	diagnostic imaging	skos:closeMatch	https://linked.data.gov.au/def/anzsrc-for/2020/400304	Biomedical imaging	semapv:SemanticSimilarityThresholdMatching	0.860	0.7354	cosine	tamar-pairwise	Medical imaging field overlap
http://data.europa.eu/8mn/euroscivoc/052bc92d-760c-43ab-958e-2330c72a4212	economics and business	skos:narrowMatch	https://linked.data.gov.au/def/anzsrc-for/2020/38	ECONOMICS	semapv:SemanticSimilarityThresholdMatching	0.950	0.7217	cosine	tamar-pairwise	Source includes business
http://data.europa.eu/8mn/euroscivoc/05cb3438-9392-4a86-b945-2ff240183683	electromagnetism and electronics	skos:narrowMatch	https://linked.data.gov.au/def/anzsrc-for/2020/510404	Electronic and magnetic properties of condensed matter; superconductivity	semapv:SemanticSimilarityThresholdMatching	0.920	0.6679	cosine	tamar-pairwise	Target subset of source
http://data.europa.eu/8mn/euroscivoc/05eef62e-ff73-4063-a93d-b5ca75112e12	ichthyology	skos:narrowMatch	https://linked.data.gov.au/def/anzsrc-for/2020/300504	Fish physiology and genetics	semapv:SemanticSimilarityThresholdMatching	0.860	0.7504	cosine	tamar-pairwise	Target subset of ichthyology
http://data.europa.eu/8mn/euroscivoc/060a0080-34de-404c-b235-ee69daa67ada	mining and mineral processing	skos:narrowMatch	https://linked.data.gov.au/def/anzsrc-for/2020/401905	Mining engineering	semapv:SemanticSimilarityThresholdMatching	0.920	0.7162	cosine	tamar-pairwise	Source covers more than target
http://data.europa.eu/8mn/euroscivoc/0627c833-88fb-4bbd-86b4-1eb20529fb17	digital humanities	skos:narrowMatch	https://linked.data.gov.au/def/anzsrc-for/2020/430306	Digital history	semapv:SemanticSimilarityThresholdMatching	0.880	0.6705	cosine	tamar-pairwise	Source covers more than history
http://data.europa.eu/8mn/euroscivoc/0650224c-0f98-4b97-a6ac-f6cf00b0b636	mineralogy	skos:broadMatch	https://linked.data.gov.au/def/anzsrc-for/2020/370505	Mineralogy and crystallography	semapv:SemanticSimilarityThresholdMatching	0.930	0.7800	cosine	tamar-pairwise	Target heading covers both
http://data.europa.eu/8mn/euroscivoc/07313c54-6fb7-493e-90ce-d40c14615f6c	performing arts	skos:exactMatch	https://linked.data.gov.au/def/anzsrc-for/2020/3604	Performing arts	semapv:LexicalMatching	0.990			tamar-pairwise	Same performing arts concept
http://data.europa.eu/8mn/euroscivoc/07a730ab-de3a-40bd-b8a6-03b325a7d50d	smart sensors	skos:broadMatch	https://linked.data.gov.au/def/anzsrc-for/2020/400906	Electronic sensors	semapv:SemanticSimilarityThresholdMatching	0.860	0.7327	cosine	tamar-pairwise	Target includes source
http://data.europa.eu/8mn/euroscivoc/081ec693-4e8c-46cb-b4d7-4deb186b534a	soft matter physics	skos:exactMatch	https://linked.data.gov.au/def/anzsrc-for/2020/510405	Soft condensed matter	semapv:LexicalMatching	0.980	0.8245	cosine	tamar-pairwise	Equivalent soft matter concept
http://data.europa.eu/8mn/euroscivoc/08c42eeb-abe1-44ee-bf30-a29f39897f40	telecommunications networks	skos:broadMatch	https://linked.data.gov.au/def/anzsrc-for/2020/400604	Network engineering	semapv:SemanticSimilarityThresholdMatching	0.780	0.6659	cosine	tamar-pairwise	Target broader than source
http://data.europa.eu/8mn/euroscivoc/09ad2d72-7da8-48dc-ae31-0b6b15bc1dc6	atmospheric circulation	skos:broadMatch	https://linked.data.gov.au/def/anzsrc-for/2020/370105	Atmospheric dynamics	semapv:SemanticSimilarityThresholdMatching	0.840	0.6559	cosine	tamar-pairwise	Target covers circulation and more
http://data.europa.eu/8mn/euroscivoc/0adb1597-9fb5-43ec-81ba-09af6670352d	biodiversity conservation	skos:closeMatch	https://linked.data.gov.au/def/anzsrc-for/2020/410401	Conservation and biodiversity	semapv:SemanticSimilarityThresholdMatching	0.980	0.8135	cosine	tamar-pairwise	Equivalent conservation concept
http://data.europa.eu/8mn/euroscivoc/0b064a78-a2af-4fc9-b417-0982bdab9d69	biostratigraphy	skos:broadMatch	https://linked.data.gov.au/def/anzsrc-for/2020/370510	Stratigraphy (incl. biostratigraphy, sequence stratigraphy and basin analysis)	semapv:SemanticSimilarityThresholdMatching	0.960	0.6524	cosine	tamar-pairwise	Target includes biostratigraphy
http://data.europa.eu/8mn/euroscivoc/0b3acff8-05e8-448e-ba5e-db6fee0e6d32	journalism	skos:broadMatch	https://linked.data.gov.au/def/anzsrc-for/2020/360203	Professional writing and journalism practice	semapv:SemanticSimilarityThresholdMatching	0.880	0.7033	cosine	tamar-pairwise	Target includes other writing
http://data.europa.eu/8mn/euroscivoc/0b5b841c-e4a3-4179-9c06-166041fd4254	synthetic dyes	skos:relatedMatch	https://linked.data.gov.au/def/anzsrc-for/2020/401413	Textile technology	semapv:SemanticSimilarityThresholdMatching	0.640	0.6638	cosine	tamar-pairwise	Partial domain overlap
http://data.europa.eu/8mn/euroscivoc/0b631aca-6a6b-41ec-af74-3b4a53864a6c	post-colonial theories	skos:broadMatch	https://linked.data.gov.au/def/anzsrc-for/2020/470213	Postcolonial studies	semapv:SemanticSimilarityThresholdMatching	0.850	0.7202	cosine	tamar-pairwise	Target covers broader field
http://data.europa.eu/8mn/euroscivoc/0b7ef923-ea48-47bd-a5f1-2c5b18f53d20	archaeometry	skos:exactMatch	https://linked.data.gov.au/def/anzsrc-for/2020/430101	Archaeological science	semapv:LexicalMatching	0.930	0.7981	cosine	tamar-pairwise	Explicit alternate-label equivalence
http://data.europa.eu/8mn/euroscivoc/0b94b07d-b3bc-4b89-9d2a-5815d4fadb83	fisheries	skos:narrowMatch	https://linked.data.gov.au/def/anzsrc-for/2020/300502	Aquaculture and fisheries stock assessment	semapv:SemanticSimilarityThresholdMatching	0.880	0.7184	cosine	tamar-pairwise	Source covers more fields
http://data.europa.eu/8mn/euroscivoc/0bccc6b0-7563-4056-aff7-5436488dc37e	water engineering	skos:closeMatch	https://linked.data.gov.au/def/anzsrc-for/2020/400513	Water resources engineering	semapv:SemanticSimilarityThresholdMatching	0.880	0.8018	cosine	tamar-pairwise	Near-equivalent engineering domain
http://data.europa.eu/8mn/euroscivoc/0bd504f3-6633-49aa-973b-cbed464fb259	foreign policy	skos:broadMatch	https://linked.data.gov.au/def/anzsrc-for/2020/440808	International relations	semapv:SemanticSimilarityThresholdMatching	0.920	0.7268	cosine	tamar-pairwise	Target covers foreign policy
http://data.europa.eu/8mn/euroscivoc/0cd8fe36-dfc3-43cd-882a-5dade629fe25	computer hardware	skos:narrowMatch	https://linked.data.gov.au/def/anzsrc-for/2020/400912	Quantum engineering systems (incl. computing and communications)	semapv:SemanticSimilarityThresholdMatching	0.620	0.6535	cosine	tamar-pairwise	Source covers broader hardware
http://data.europa.eu/8mn/euroscivoc/0d082a10-ed95-4992-9df1-b4f4b301edfa	nanoelectronics	skos:exactMatch	https://linked.data.gov.au/def/anzsrc-for/2020/401804	Nanoelectronics	semapv:LexicalMatching	0.990	0.9302	cosine	tamar-pairwise	Identical concept and hierarchy
http://data.europa.eu/8mn/euroscivoc/0d3c1001-9a67-4245-bc15-2aef8b239df1	nuclear engineering	skos:closeMatch	https://linked.data.gov.au/def/anzsrc-for/2020/401906	Nuclear engineering (incl. fuel enrichment and waste processing and storage)	semapv:SemanticSimilarityThresholdMatching	0.960	0.6988	cosine	tamar-pairwise	Same engineering field
http://data.europa.eu/8mn/euroscivoc/0d96e774-3021-4d1d-a870-2d36b9392f4a	optical networks	skos:broadMatch	https://linked.data.gov.au/def/anzsrc-for/2020/400605	Optical fibre communication systems and technologies	semapv:SemanticSimilarityThresholdMatching	0.860	0.6983	cosine	tamar-pairwise	Target broader than networks
http://data.europa.eu/8mn/euroscivoc/0e418e64-f616-451c-8c10-9b149724b841	computational creativity	skos:broadMatch	https://linked.data.gov.au/def/anzsrc-for/2020/460101	Applications in arts and humanities	semapv:SemanticSimilarityThresholdMatching	0.780	0.6931	cosine	tamar-pairwise	Target covers broader arts
http://data.europa.eu/8mn/euroscivoc/0f7327f0-f241-40a5-9728-5ed61a7ef5d3	psycholinguistics	skos:closeMatch	https://linked.data.gov.au/def/anzsrc-for/2020/520405	Psycholinguistics (incl. speech production and comprehension)	semapv:SemanticSimilarityThresholdMatching	0.980	0.8374	cosine	tamar-pairwise	Same psycholinguistics scope
http://data.europa.eu/8mn/euroscivoc/0f8ac241-4880-48e2-a33e-90a852485606	celestial mechanics	skos:broadMatch	https://linked.data.gov.au/def/anzsrc-for/2020/510109	Stellar astronomy and planetary systems	semapv:SemanticSimilarityThresholdMatching	0.750	0.6804	cosine	tamar-pairwise	Target covers celestial mechanics
http://data.europa.eu/8mn/euroscivoc/10352c4c-328e-4dac-a89c-44b6be1420e9	chemical engineering	skos:exactMatch	https://linked.data.gov.au/def/anzsrc-for/2020/4004	Chemical engineering	semapv:LexicalMatching	0.990	0.7503	cosine	tamar-pairwise	Same concept and hierarchy
http://data.europa.eu/8mn/euroscivoc/1076b605-d9f3-4961-8dbe-dc9abc72b42b	unsupervised learning	skos:broadMatch	https://linked.data.gov.au/def/anzsrc-for/2020/461106	Semi- and unsupervised learning	semapv:SemanticSimilarityThresholdMatching	0.960	0.7970	cosine	tamar-pairwise	Target includes semi‑supervised
http://data.europa.eu/8mn/euroscivoc/1198b23a-f82f-4189-8778-d9a742430a0f	telecommunications	skos:narrowMatch	https://linked.data.gov.au/def/anzsrc-for/2020/400604	Network engineering	semapv:SemanticSimilarityThresholdMatching	0.890	0.7740	cosine	tamar-pairwise	Target narrower than source
http://data.europa.eu/8mn/euroscivoc/123e5118-1586-4a45-b4da-34583bd74940	ontology	skos:broadMatch	https://linked.data.gov.au/def/anzsrc-for/2020/460903	Information modelling, management and ontologies	semapv:SemanticSimilarityThresholdMatching	0.930	0.7152	cosine	tamar-pairwise	Target adds modelling, management
http://data.europa.eu/8mn/euroscivoc/12a21821-c00b-40f4-b3aa-6703dcc43a90	mortality	skos:exactMatch	https://linked.data.gov.au/def/anzsrc-for/2020/440304	Mortality	semapv:LexicalMatching	0.990	0.9237	cosine	tamar-pairwise	Same mortality concept
http://data.europa.eu/8mn/euroscivoc/12c980a5-034f-4cd5-8ce7-fcfe109c675c	social sciences	skos:narrowMatch	https://linked.data.gov.au/def/anzsrc-for/2020/44	HUMAN SOCIETY	semapv:SemanticSimilarityThresholdMatching	0.850	0.6510	cosine	tamar-pairwise	Source covers more fields
http://data.europa.eu/8mn/euroscivoc/12df4518-adab-4191-a79f-74eb18ad1688	industrial biotechnology	skos:exactMatch	https://linked.data.gov.au/def/anzsrc-for/2020/3106	Industrial biotechnology	semapv:LexicalMatching	0.990			tamar-pairwise	Identical concept and scope
http://data.europa.eu/8mn/euroscivoc/134581fe-5bce-4d8a-9279-bbb69c824ea3	clinical microbiology	skos:exactMatch	https://linked.data.gov.au/def/anzsrc-for/2020/320203	Clinical microbiology	semapv:LexicalMatching	0.990	0.8928	cosine	tamar-pairwise	Identical clinical microbiology concept
http://data.europa.eu/8mn/euroscivoc/143d188d-70b4-456a-acde-7ecff3584dc7	urban drainage	skos:broadMatch	https://linked.data.gov.au/def/anzsrc-for/2020/370705	Urban hydrology	semapv:SemanticSimilarityThresholdMatching	0.780	0.7990	cosine	tamar-pairwise	Target covers drainage
http://data.europa.eu/8mn/euroscivoc/14401fcb-cc47-4553-8d26-95ad6f007695	e-commerce	skos:broadMatch	https://linked.data.gov.au/def/anzsrc-for/2020/350404	Retail	semapv:SemanticSimilarityThresholdMatching	0.700	0.7299	cosine	tamar-pairwise	Retail includes online and offline
http://data.europa.eu/8mn/euroscivoc/14443ed3-6210-4ab1-bf33-af9ae80aa4ee	complex analysis	skos:broadMatch	https://linked.data.gov.au/def/anzsrc-for/2020/490411	Real and complex functions (incl. several variables)	semapv:SemanticSimilarityThresholdMatching	0.950	0.7629	cosine	tamar-pairwise	Target covers complex analysis
http://data.europa.eu/8mn/euroscivoc/149f7cd2-b593-4307-bf6f-77fbfd3ee961	government systems	skos:narrowMatch	https://linked.data.gov.au/def/anzsrc-for/2020/440803	Comparative government and politics	semapv:SemanticSimilarityThresholdMatching	0.850	0.7070	cosine	tamar-pairwise	Target narrower subset
http://data.europa.eu/8mn/euroscivoc/1583cad3-15fd-4040-ac6a-0a0e51923e8a	electric power transmission	skos:broadMatch	https://linked.data.gov.au/def/anzsrc-for/2020/400805	Electrical energy transmission, networks and systems	semapv:SemanticSimilarityThresholdMatching	0.920	0.8065	cosine	tamar-pairwise	Target includes broader scope
http://data.europa.eu/8mn/euroscivoc/15dd89d5-ee26-45b6-93b3-3d9b8fe7401a	geochronology	skos:exactMatch	https://linked.data.gov.au/def/anzsrc-for/2020/370502	Geochronology	semapv:LexicalMatching	0.990	0.9500	cosine	tamar-pairwise	Exact geochronology concept
http://data.europa.eu/8mn/euroscivoc/163e8940-1568-42a7-a52d-b66b18db16e0	history of medicine	skos:broadMatch	https://linked.data.gov.au/def/anzsrc-for/2020/500203	History and philosophy of medicine	semapv:SemanticSimilarityThresholdMatching	0.860	0.7291	cosine	tamar-pairwise	Target includes philosophy
http://data.europa.eu/8mn/euroscivoc/1771166d-eb6d-47fc-8d0b-ecfd001efbbc	organic geochemistry	skos:exactMatch	https://linked.data.gov.au/def/anzsrc-for/2020/370304	Organic geochemistry	semapv:LexicalMatching	0.990	0.8750	cosine	tamar-pairwise	Identical concept and hierarchy
http://data.europa.eu/8mn/euroscivoc/17849784-ab0a-4622-9678-19c11f64c0d2	history of philosophy	skos:exactMatch	https://linked.data.gov.au/def/anzsrc-for/2020/500208	History of philosophy	semapv:LexicalMatching	0.990	0.7471	cosine	tamar-pairwise	Exact philosophical history concept
http://data.europa.eu/8mn/euroscivoc/179b5ccd-b066-4a3d-a60f-5d8dae645788	heuristic programming	skos:broadMatch	https://linked.data.gov.au/def/anzsrc-for/2020/460209	Planning and decision making	semapv:SemanticSimilarityThresholdMatching	0.800	0.6802	cosine	tamar-pairwise	Target broader than source
http://data.europa.eu/8mn/euroscivoc/17b7bbad-4972-4fe7-aa3c-cbd21809f0bb	electric energy	skos:narrowMatch	https://linked.data.gov.au/def/anzsrc-for/2020/400805	Electrical energy transmission, networks and systems	semapv:SemanticSimilarityThresholdMatching	0.780	0.7829	cosine	tamar-pairwise	Transmission subset of energy
http://data.europa.eu/8mn/euroscivoc/1844c39c-060b-4eae-b6b3-a9b7a266f61b	paleoclimatology	skos:closeMatch	https://linked.data.gov.au/def/anzsrc-for/2020/370904	Palaeoclimatology	semapv:SemanticSimilarityThresholdMatching	0.990	0.7621	cosine	tamar-pairwise	Same discipline
http://data.europa.eu/8mn/euroscivoc/186e9994-7c1c-44c1-a1e9-ff90e8593184	robotic surgery	skos:broadMatch	https://linked.data.gov.au/def/anzsrc-for/2020/400709	Medical robotics	semapv:SemanticSimilarityThresholdMatching	0.900	0.6862	cosine	tamar-pairwise	Target broader than source
http://data.europa.eu/8mn/euroscivoc/189bf165-64c4-423e-bab1-eac6a2db721d	behavioural psychology	skos:narrowMatch	https://linked.data.gov.au/def/anzsrc-for/2020/520202	Behavioural neuroscience	semapv:SemanticSimilarityThresholdMatching	0.750	0.6796	cosine	tamar-pairwise	Target is subfield
http://data.europa.eu/8mn/euroscivoc/192cfa59-26ab-465e-9338-2b957e3d79ba	history	skos:broadMatch	https://linked.data.gov.au/def/anzsrc-for/2020/43	HISTORY, HERITAGE AND ARCHAEOLOGY	semapv:SemanticSimilarityThresholdMatching	0.940	0.6809	cosine	tamar-pairwise	Target adds heritage & archaeology
http://data.europa.eu/8mn/euroscivoc/195984de-c722-4aa8-b43f-0a3365cecae6	water treatment processes	skos:exactMatch	https://linked.data.gov.au/def/anzsrc-for/2020/400411	Water treatment processes	semapv:LexicalMatching	0.980	0.8213	cosine	tamar-pairwise	Exact process category
http://data.europa.eu/8mn/euroscivoc/1a43fd07-63bc-4b62-aee4-71b3a9f91ccc	sustainable agriculture	skos:closeMatch	https://linked.data.gov.au/def/anzsrc-for/2020/300210	Sustainable agricultural development	semapv:SemanticSimilarityThresholdMatching	0.900	0.7340	cosine	tamar-pairwise	Sustainable agriculture development
http://data.europa.eu/8mn/euroscivoc/1a59a9e6-9057-4316-a657-e1af02941d8b	cinematography	skos:broadMatch	https://linked.data.gov.au/def/anzsrc-for/2020/3605	Screen and digital media	semapv:SemanticSimilarityThresholdMatching	0.840	0.6703	cosine	tamar-pairwise	Target heading covers cinematography
http://data.europa.eu/8mn/euroscivoc/1ad04442-4f97-4a5e-aba8-4fc2889faeca	languages and literature	skos:broadMatch	https://linked.data.gov.au/def/anzsrc-for/2020/47	LANGUAGE, COMMUNICATION AND CULTURE	semapv:SemanticSimilarityThresholdMatching	0.930	0.6520	cosine	tamar-pairwise	Target covers language & lit
http://data.europa.eu/8mn/euroscivoc/1bcb8843-403e-4eaa-83e9-98a09e091f18	metabolomes	skos:closeMatch	https://linked.data.gov.au/def/anzsrc-for/2020/340106	Metabolomic chemistry	semapv:SemanticSimilarityThresholdMatching	0.900	0.7570	cosine	tamar-pairwise	Metabolomics chemistry discipline
http://data.europa.eu/8mn/euroscivoc/1c9679d2-8bf2-436e-bae7-d7b99b82dff1	hydrogeology	skos:exactMatch	https://linked.data.gov.au/def/anzsrc-for/2020/370703	Groundwater hydrology	semapv:LexicalMatching	0.980	0.8463	cosine	tamar-pairwise	Equivalent groundwater disciplines
http://data.europa.eu/8mn/euroscivoc/1cd66672-bc7f-48ee-b60e-332bcb886d09	physical oceanography	skos:exactMatch	https://linked.data.gov.au/def/anzsrc-for/2020/370803	Physical oceanography	semapv:LexicalMatching	0.990	0.8005	cosine	tamar-pairwise	Identical oceanography discipline
http://data.europa.eu/8mn/euroscivoc/1d567f6c-e6c1-4742-8d45-dad617ef0dfd	control systems	skos:broadMatch	https://linked.data.gov.au/def/anzsrc-for/2020/400705	Control engineering	semapv:SemanticSimilarityThresholdMatching	0.860	0.7462	cosine	tamar-pairwise	Target broader than source
http://data.europa.eu/8mn/euroscivoc/1d8b779c-f72c-40fe-a8b9-22608c4e9df4	agricultural biotechnology	skos:exactMatch	https://linked.data.gov.au/def/anzsrc-for/2020/3001	Agricultural biotechnology	semapv:LexicalMatching	0.990			tamar-pairwise	Identical concept and hierarchy
http://data.europa.eu/8mn/euroscivoc/1de32ce8-df3d-4ba6-b298-eb425e87c67b	quantum computers	skos:closeMatch	https://linked.data.gov.au/def/anzsrc-for/2020/461307	Quantum computation	semapv:SemanticSimilarityThresholdMatching	0.860	0.7001	cosine	tamar-pairwise	Quantum computation closely corresponds
http://data.europa.eu/8mn/euroscivoc/1e41a6e4-0f75-496a-964e-adf5c3ec4b98	solid-state physics	skos:narrowMatch	https://linked.data.gov.au/def/anzsrc-for/2020/510406	Structural properties of condensed matter	semapv:SemanticSimilarityThresholdMatching	0.780	0.7539	cosine	tamar-pairwise	Target narrower than source
http://data.europa.eu/8mn/euroscivoc/1e67c9c9-9aa8-49a2-9fdb-7c6d4f6a27fe	development economics	skos:closeMatch	https://linked.data.gov.au/def/anzsrc-for/2020/440407	Socio-economic development	semapv:SemanticSimilarityThresholdMatching	0.820	0.8752	cosine	tamar-pairwise	Economic development focus
http://data.europa.eu/8mn/euroscivoc/1e8240f2-c719-422e-aaa7-dc53a545df81	orthodontics	skos:closeMatch	https://linked.data.gov.au/def/anzsrc-for/2020/320308	Orthodontics and dentofacial orthopaedics	semapv:SemanticSimilarityThresholdMatching	0.990	0.7868	cosine	tamar-pairwise	Exact orthodontic specialty
http://data.europa.eu/8mn/euroscivoc/1ea75d5f-7e91-4786-8314-0a330e6e5b55	big bang	skos:broadMatch	https://linked.data.gov.au/def/anzsrc-for/2020/510103	Cosmology and extragalactic astronomy	semapv:SemanticSimilarityThresholdMatching	0.920	0.7024	cosine	tamar-pairwise	Target covers cosmology broadly
http://data.europa.eu/8mn/euroscivoc/1f2f2335-7066-4862-b84f-06af69ad689a	satellite navigation system	skos:closeMatch	https://linked.data.gov.au/def/anzsrc-for/2020/401305	Satellite-based positioning	semapv:SemanticSimilarityThresholdMatching	0.780	0.6742	cosine	tamar-pairwise	Satellite positioning systems
http://data.europa.eu/8mn/euroscivoc/1f4d4813-3250-49ec-acb8-58c274e95afc	econometrics	skos:exactMatch	https://linked.data.gov.au/def/anzsrc-for/2020/3802	Econometrics	semapv:LexicalMatching	0.990			tamar-pairwise	Same concept and hierarchy
http://data.europa.eu/8mn/euroscivoc/1f6c74df-a512-462e-99aa-8dcbaa98972a	databases	skos:closeMatch	https://linked.data.gov.au/def/anzsrc-for/2020/460505	Database systems	semapv:SemanticSimilarityThresholdMatching	0.900	0.6970	cosine	tamar-pairwise	Equivalent database concept
http://data.europa.eu/8mn/euroscivoc/20e77e46-571d-42a4-b3f1-8eb284bc4034	philosophy	skos:exactMatch	https://linked.data.gov.au/def/anzsrc-for/2020/5003	Philosophy	semapv:LexicalMatching	0.980	0.7585	cosine	tamar-pairwise	Equivalent philosophy concepts
http://data.europa.eu/8mn/euroscivoc/223ea72b-9148-477b-84e1-513ec9d93c49	landscape ecology	skos:exactMatch	https://linked.data.gov.au/def/anzsrc-for/2020/410206	Landscape ecology	semapv:LexicalMatching	0.990	0.7462	cosine	tamar-pairwise	Exact concept and label
http://data.europa.eu/8mn/euroscivoc/22429439-1f3e-4436-95f6-d8a51d2841f5	metamorphic petrology	skos:broadMatch	https://linked.data.gov.au/def/anzsrc-for/2020/370503	Igneous and metamorphic petrology	semapv:SemanticSimilarityThresholdMatching	0.950	0.8162	cosine	tamar-pairwise	Target adds igneous petrology
http://data.europa.eu/8mn/euroscivoc/22aa7f46-de22-440d-8864-ff867878f11f	mass spectrometry	skos:broadMatch	https://linked.data.gov.au/def/anzsrc-for/2020/340101	Analytical spectrometry	semapv:SemanticSimilarityThresholdMatching	0.940	0.8248	cosine	tamar-pairwise	Target broader includes mass spec
http://data.europa.eu/8mn/euroscivoc/22d7f866-475e-4665-b173-d6e7b4a1260f	fetal medicine	skos:closeMatch	https://linked.data.gov.au/def/anzsrc-for/2020/321501	Foetal development and medicine	semapv:SemanticSimilarityThresholdMatching	0.960	0.7500	cosine	tamar-pairwise	Equivalent foetal medicine
http://data.europa.eu/8mn/euroscivoc/22f80759-3d33-4ae9-9489-a5aefedc54c3	microtechnology	skos:exactMatch	https://linked.data.gov.au/def/anzsrc-for/2020/401410	Microtechnology	semapv:LexicalMatching	0.930	0.7839	cosine	tamar-pairwise	Same concept label and scope
http://data.europa.eu/8mn/euroscivoc/236847fb-c866-457d-94ea-689ad103223c	exoplanetology	skos:broadMatch	https://linked.data.gov.au/def/anzsrc-for/2020/510107	Planetary science (excl. solar system and planetary geology)	semapv:SemanticSimilarityThresholdMatching	0.920	0.6908	cosine	tamar-pairwise	Target covers exoplanetology
http://data.europa.eu/8mn/euroscivoc/23764a76-2c59-4320-9cc2-06a6325ee4ae	plant protection	skos:narrowMatch	https://linked.data.gov.au/def/anzsrc-for/2020/300409	Crop and pasture protection (incl. pests, diseases and weeds)	semapv:SemanticSimilarityThresholdMatching	0.920	0.7375	cosine	tamar-pairwise	Target limited to crops/pasture
http://data.europa.eu/8mn/euroscivoc/24478866-193f-45c9-ad6f-dc4586609d57	polyurethane	skos:broadMatch	https://linked.data.gov.au/def/anzsrc-for/2020/401609	Polymers and plastics	semapv:SemanticSimilarityThresholdMatching	0.930	0.7193	cosine	tamar-pairwise	Target covers many polymers
http://data.europa.eu/8mn/euroscivoc/24811189-bac9-436c-b2ee-5c59ed383169	toxicology	skos:closeMatch	https://linked.data.gov.au/def/anzsrc-for/2020/321407	Toxicology (incl. clinical toxicology)	semapv:SemanticSimilarityThresholdMatching	0.980	0.8567	cosine	tamar-pairwise	Same toxicology discipline
http://data.europa.eu/8mn/euroscivoc/248e39b2-ff43-455f-8b47-514afe14b595	phycology	skos:closeMatch	https://linked.data.gov.au/def/anzsrc-for/2020/310801	Phycology (incl. marine grasses)	semapv:SemanticSimilarityThresholdMatching	0.960	0.6969	cosine	tamar-pairwise	Same algal science discipline
http://data.europa.eu/8mn/euroscivoc/24c2ff40-3728-4774-bc00-363bab563178	computational intelligence	skos:broadMatch	https://linked.data.gov.au/def/anzsrc-for/2020/4602	Artificial intelligence	semapv:SemanticSimilarityThresholdMatching	0.950	0.7166	cosine	tamar-pairwise	Target covers computational intelligence
http://data.europa.eu/8mn/euroscivoc/257bb258-ba7e-46da-a91d-1b925c963886	astrophysics	skos:narrowMatch	https://linked.data.gov.au/def/anzsrc-for/2020/510103	Cosmology and extragalactic astronomy	semapv:SemanticSimilarityThresholdMatching	0.920	0.6821	cosine	tamar-pairwise	Target subset of astrophysics
http://data.europa.eu/8mn/euroscivoc/2643fcd4-b9dd-4fc3-9afc-d96632d62fb9	satellite technology	skos:narrowMatch	https://linked.data.gov.au/def/anzsrc-for/2020/400606	Satellite communications	semapv:SemanticSimilarityThresholdMatching	0.920	0.7390	cosine	tamar-pairwise	Source includes many satellite domains
http://data.europa.eu/8mn/euroscivoc/2644fa0b-71fa-4676-b033-1ee21ddf6cf7	political philosophy	skos:closeMatch	https://linked.data.gov.au/def/anzsrc-for/2020/440811	Political theory and political philosophy	semapv:SemanticSimilarityThresholdMatching	0.960	0.8879	cosine	tamar-pairwise	Political theory and philosophy
http://data.europa.eu/8mn/euroscivoc/2660be39-041b-4cee-9bfc-32b28b884bd7	atmospheric sciences	skos:exactMatch	https://linked.data.gov.au/def/anzsrc-for/2020/3701	Atmospheric sciences	semapv:LexicalMatching	0.990			tamar-pairwise	Same concept and hierarchy
http://data.europa.eu/8mn/euroscivoc/2665d058-2dd2-4856-a34e-7a449952fada	mutation	skos:broadMatch	https://linked.data.gov.au/def/anzsrc-for/2020/310510	Molecular evolution	semapv:SemanticSimilarityThresholdMatching	0.720	0.6949	cosine	tamar-pairwise	Target broader than source
http://data.europa.eu/8mn/euroscivoc/26770c2b-64ce-4611-896f-cdefb4893317	civil engineering	skos:exactMatch	https://linked.data.gov.au/def/anzsrc-for/2020/4005	Civil engineering	semapv:LexicalMatching	0.990	0.8084	cosine	tamar-pairwise	Same concept and definition
http://data.europa.eu/8mn/euroscivoc/2682c803-9280-486c-a919-5457c95475f2	silviculture	skos:broadMatch	https://linked.data.gov.au/def/anzsrc-for/2020/300707	Forestry management and environment	semapv:SemanticSimilarityThresholdMatching	0.850	0.6513	cosine	tamar-pairwise	Target covers silviculture
http://data.europa.eu/8mn/euroscivoc/26f65f92-419e-4cd5-be23-bdfc1085204b	commerce	skos:narrowMatch	https://linked.data.gov.au/def/anzsrc-for/2020/380110	International economics	semapv:SemanticSimilarityThresholdMatching	0.750	0.6557	cosine	tamar-pairwise	Source covers more than target
http://data.europa.eu/8mn/euroscivoc/2777834c-929f-4b5c-ab4b-f516e308f659	geomorphology	skos:closeMatch	https://linked.data.gov.au/def/anzsrc-for/2020/370901	Geomorphology and earth surface processes	semapv:SemanticSimilarityThresholdMatching	0.950	0.7558	cosine	tamar-pairwise	Geomorphology with surface processes
http://data.europa.eu/8mn/euroscivoc/27c456a1-051a-42f6-b52a-3beff0487da7	hepatology	skos:broadMatch	https://linked.data.gov.au/def/anzsrc-for/2020/320209	Gastroenterology and hepatology	semapv:SemanticSimilarityThresholdMatching	0.930	0.7422	cosine	tamar-pairwise	Target includes gastroenterology
http://data.europa.eu/8mn/euroscivoc/28391a47-6709-4ab7-9add-43f8c6b7d698	cognitive neuroscience	skos:exactMatch	https://linked.data.gov.au/def/anzsrc-for/2020/520203	Cognitive neuroscience	semapv:LexicalMatching	0.980			tamar-pairwise	Exact concept label and field
http://data.europa.eu/8mn/euroscivoc/284ca20c-beb4-4abe-99fa-ef4513358bad	obstetrics	skos:broadMatch	https://linked.data.gov.au/def/anzsrc-for/2020/3215	Reproductive medicine	semapv:SemanticSimilarityThresholdMatching	0.900	0.6826	cosine	tamar-pairwise	Target covers obstetrics plus more
http://data.europa.eu/8mn/euroscivoc/288627c1-4e51-42b3-b773-f68b39c3b0a9	marine biology	skos:exactMatch	https://linked.data.gov.au/def/anzsrc-for/2020/370801	Biological oceanography	semapv:LexicalMatching	0.900	0.7194	cosine	tamar-pairwise	Synonymous fields
http://data.europa.eu/8mn/euroscivoc/29584f77-4bbc-4540-afae-cbc9764a2660	microelectronics	skos:exactMatch	https://linked.data.gov.au/def/anzsrc-for/2020/400908	Microelectronics	semapv:LexicalMatching	0.990	0.8042	cosine	tamar-pairwise	Exact label and concept
http://data.europa.eu/8mn/euroscivoc/2a8a395e-1907-4b74-8611-a2435bb6d7a7	food packaging	skos:broadMatch	https://linked.data.gov.au/def/anzsrc-for/2020/300604	Food packaging, preservation and processing	semapv:SemanticSimilarityThresholdMatching	0.920	0.6791	cosine	tamar-pairwise	Target includes extra processes
http://data.europa.eu/8mn/euroscivoc/2ba1c7ad-2532-4cd7-8c5c-60f090a8700a	mathematical physics	skos:exactMatch	https://linked.data.gov.au/def/anzsrc-for/2020/4902	Mathematical physics	semapv:LexicalMatching	0.990	0.6883	cosine	tamar-pairwise	Identical concept and definition
http://data.europa.eu/8mn/euroscivoc/2d07f15f-2b3a-45d7-a246-411d3a061f15	organic chemistry	skos:exactMatch	https://linked.data.gov.au/def/anzsrc-for/2020/3405	Organic chemistry	semapv:LexicalMatching	0.990			tamar-pairwise	Same field and hierarchy
http://data.europa.eu/8mn/euroscivoc/2d483a4d-d0b7-4c90-b174-fb06663d8e7e	enzymes	skos:exactMatch	https://linked.data.gov.au/def/anzsrc-for/2020/310106	Enzymes	semapv:LexicalMatching	0.980			tamar-pairwise	Same enzyme concept
http://data.europa.eu/8mn/euroscivoc/2dbfd0d0-fc0e-4426-986e-ad00a7ea7810	library sciences	skos:closeMatch	https://linked.data.gov.au/def/anzsrc-for/2020/461006	Library studies	semapv:SemanticSimilarityThresholdMatching	0.950	0.7296	cosine	tamar-pairwise	Equivalent library studies field
http://data.europa.eu/8mn/euroscivoc/2ecb7a30-7d1b-47b0-98b6-979ff4f8d90d	nuclear energy	skos:broadMatch	https://linked.data.gov.au/def/anzsrc-for/2020/401906	Nuclear engineering (incl. fuel enrichment and waste processing and storage)	semapv:SemanticSimilarityThresholdMatching	0.780	0.6800	cosine	tamar-pairwise	Target covers more than energy
http://data.europa.eu/8mn/euroscivoc/2f5da334-9d6c-41d1-83f8-18938ee49733	bacteriomes	skos:broadMatch	https://linked.data.gov.au/def/anzsrc-for/2020/310703	Microbial ecology	semapv:SemanticSimilarityThresholdMatching	0.840	0.6604	cosine	tamar-pairwise	Target covers bacterial communities
http://data.europa.eu/8mn/euroscivoc/2fba9c5c-193c-47ec-81f5-518020bff496	ceramics	skos:exactMatch	https://linked.data.gov.au/def/anzsrc-for/2020/401601	Ceramics	semapv:LexicalMatching	0.990	0.9411	cosine	tamar-pairwise	Exact ceramics concept
http://data.europa.eu/8mn/euroscivoc/31d6cf37-e99e-4711-8d37-16e950d2aeb3	algebra	skos:broadMatch	https://linked.data.gov.au/def/anzsrc-for/2020/490401	Algebra and number theory	semapv:SemanticSimilarityThresholdMatching	0.810	0.7426	cosine	tamar-pairwise	Target adds number theory
http://data.europa.eu/8mn/euroscivoc/31e98cd3-2946-46d9-bc91-34b3e4b0728a	electric power generation	skos:narrowMatch	https://linked.data.gov.au/def/anzsrc-for/2020/400803	Electrical energy generation (incl. renewables, excl. photovoltaics)	semapv:SemanticSimilarityThresholdMatching	0.880	0.6885	cosine	tamar-pairwise	Excludes photovoltaics
http://data.europa.eu/8mn/euroscivoc/31f7d054-da72-42f1-bde9-b44f4cbf58d9	penology	skos:broadMatch	https://linked.data.gov.au/def/anzsrc-for/2020/440702	Crime policy	semapv:SemanticSimilarityThresholdMatching	0.780	0.7237	cosine	tamar-pairwise	Target covers penal policy
http://data.europa.eu/8mn/euroscivoc/32373d5c-3a9a-4ed1-a6c9-3dc6227b57cb	coastal geography	skos:broadMatch	https://linked.data.gov.au/def/anzsrc-for/2020/370901	Geomorphology and earth surface processes	semapv:SemanticSimilarityThresholdMatching	0.860	0.6829	cosine	tamar-pairwise	Target includes inland geomorphology
http://data.europa.eu/8mn/euroscivoc/325a846e-9c47-4aca-9358-5c8facd2e812	electrical engineering, electronic engineering, information engineering	skos:narrowMatch	https://linked.data.gov.au/def/anzsrc-for/2020/400801	Circuits and systems	semapv:SemanticSimilarityThresholdMatching	0.850	0.7804	cosine	tamar-pairwise	Target narrower than source
http://data.europa.eu/8mn/euroscivoc/32983fb5-b823-4830-a924-773611dc4e25	biological morphology	skos:relatedMatch	https://linked.data.gov.au/def/anzsrc-for/2020/310911	Animal structure and function	semapv:SemanticSimilarityThresholdMatching	0.710	0.7149	cosine	tamar-pairwise	Partial overlap only
http://data.europa.eu/8mn/euroscivoc/3371b6e1-8aba-4121-b87f-eae0262ce5b4	ethnology	skos:broadMatch	https://linked.data.gov.au/def/anzsrc-for/2020/440107	Social and cultural anthropology	semapv:SemanticSimilarityThresholdMatching	0.900	0.7179	cosine	tamar-pairwise	Target covers ethnology
http://data.europa.eu/8mn/euroscivoc/3383c074-01fd-495a-b6ab-66db4d63d3c7	electric vehicles	skos:broadMatch	https://linked.data.gov.au/def/anzsrc-for/2020/400205	Hybrid and electric vehicles and powertrains	semapv:SemanticSimilarityThresholdMatching	0.920	0.6909	cosine	tamar-pairwise	Target includes hybrids
http://data.europa.eu/8mn/euroscivoc/33efa520-dc3d-4898-905e-1c0016d1d6eb	geometry	skos:narrowMatch	https://linked.data.gov.au/def/anzsrc-for/2020/490402	Algebraic and differential geometry	semapv:SemanticSimilarityThresholdMatching	0.880	0.7851	cosine	tamar-pairwise	Source covers broader geometry
http://data.europa.eu/8mn/euroscivoc/33f31d80-b8e4-44b3-832f-02b975a9b549	evolutionary biology	skos:exactMatch	https://linked.data.gov.au/def/anzsrc-for/2020/3104	Evolutionary biology	semapv:LexicalMatching	0.990			tamar-pairwise	Same concept and hierarchy
http://data.europa.eu/8mn/euroscivoc/342a248a-2ce3-4496-98ba-8a250cd05c2f	public transport	skos:exactMatch	https://linked.data.gov.au/def/anzsrc-for/2020/350906	Public transport	semapv:LexicalMatching	0.990	0.7745	cosine	tamar-pairwise	Exact public transport concept
http://data.europa.eu/8mn/euroscivoc/343f616b-a5b8-40fb-b6b8-21acc8f89b16	radar	skos:broadMatch	https://linked.data.gov.au/def/anzsrc-for/2020/400913	Radio frequency engineering	semapv:SemanticSimilarityThresholdMatching	0.850	0.7032	cosine	tamar-pairwise	Target covers radar
http://data.europa.eu/8mn/euroscivoc/34b9c059-9e6c-4ec1-8a96-845c95c1a978	health sciences	skos:exactMatch	https://linked.data.gov.au/def/anzsrc-for/2020/42	HEALTH SCIENCES	semapv:LexicalMatching	0.980	0.7291	cosine	tamar-pairwise	Identical concept and scope
http://data.europa.eu/8mn/euroscivoc/34c57135-1b8a-4263-a942-68b658a1d663	applied mechanics	skos:narrowMatch	https://linked.data.gov.au/def/anzsrc-for/2020/401707	Solid mechanics	semapv:SemanticSimilarityThresholdMatching	0.860	0.6835	cosine	tamar-pairwise	Target subset of applied mechanics
http://data.europa.eu/8mn/euroscivoc/35157113-6422-4421-9c90-25b4b2834bce	operator algebra	skos:broadMatch	https://linked.data.gov.au/def/anzsrc-for/2020/490408	Operator algebras and functional analysis	semapv:SemanticSimilarityThresholdMatching	0.940	0.8449	cosine	tamar-pairwise	Target includes functional analysis
http://data.europa.eu/8mn/euroscivoc/354e2996-f491-4fde-8b15-19bb7542cd72	history of literature	skos:narrowMatch	https://linked.data.gov.au/def/anzsrc-for/2020/470513	Latin and classical Greek literature	semapv:SemanticSimilarityThresholdMatching	0.800	0.7054	cosine	tamar-pairwise	Target subset of source
http://data.europa.eu/8mn/euroscivoc/36734fd7-bed0-4ac6-9445-a35869e83091	ecology	skos:exactMatch	https://linked.data.gov.au/def/anzsrc-for/2020/3103	Ecology	semapv:LexicalMatching	0.970			tamar-pairwise	Same concept and hierarchy
http://data.europa.eu/8mn/euroscivoc/36a49a69-5753-425f-9c0b-90449260b201	electromagnetism	skos:narrowMatch	https://linked.data.gov.au/def/anzsrc-for/2020/400807	Engineering electromagnetics	semapv:SemanticSimilarityThresholdMatching	0.860	0.6925	cosine	tamar-pairwise	Target subset of source
http://data.europa.eu/8mn/euroscivoc/36ec31ad-2714-489d-b8b4-5053fa4b4297	breast cancer	skos:broadMatch	https://linked.data.gov.au/def/anzsrc-for/2020/321111	Solid tumours	semapv:SemanticSimilarityThresholdMatching	0.860	0.6760	cosine	tamar-pairwise	Target covers all solid tumours
http://data.europa.eu/8mn/euroscivoc/37412f1c-d90a-43cf-86fb-d29e9fc29c6f	business and management	skos:narrowMatch	https://linked.data.gov.au/def/anzsrc-for/2020/350709	Organisation and management theory	semapv:SemanticSimilarityThresholdMatching	0.940	0.7926	cosine	tamar-pairwise	Target more specific than source
http://data.europa.eu/8mn/euroscivoc/380ec7da-dd0e-49e8-9914-ca5c72a5c2de	electronic engineering	skos:broadMatch	https://linked.data.gov.au/def/anzsrc-for/2020/40	ENGINEERING	semapv:SemanticSimilarityThresholdMatching	0.920	0.7486	cosine	tamar-pairwise	Target covers electronic engineering
http://data.europa.eu/8mn/euroscivoc/3836ddb3-7771-4178-8c0c-f7f5d54f66d0	modeling of diseases spread	skos:closeMatch	https://linked.data.gov.au/def/anzsrc-for/2020/420205	Epidemiological modelling	semapv:SemanticSimilarityThresholdMatching	0.980	0.7673	cosine	tamar-pairwise	Disease spread epidemiological modelling
http://data.europa.eu/8mn/euroscivoc/388b11f2-ea9a-4730-b933-ff74934568b4	thermochemistry	skos:broadMatch	https://linked.data.gov.au/def/anzsrc-for/2020/340602	Chemical thermodynamics and energetics	semapv:SemanticSimilarityThresholdMatching	0.900	0.7186	cosine	tamar-pairwise	Target covers thermochemistry plus more
http://data.europa.eu/8mn/euroscivoc/38e57437-b2cc-4d26-a46e-c5b639c01e5f	physiotherapy	skos:exactMatch	https://linked.data.gov.au/def/anzsrc-for/2020/420106	Physiotherapy	semapv:LexicalMatching	0.980	0.7585	cosine	tamar-pairwise	Identical physiotherapy concept
http://data.europa.eu/8mn/euroscivoc/38ee72d6-1158-4d1f-a6c8-e60f7b913c33	architecture engineering	skos:closeMatch	https://linked.data.gov.au/def/anzsrc-for/2020/400501	Architectural engineering	semapv:SemanticSimilarityThresholdMatching	0.980	0.8659	cosine	tamar-pairwise	Equivalent architectural engineering
http://data.europa.eu/8mn/euroscivoc/391c6d9f-9472-4ce3-b7bf-8be268890959	crystallography	skos:exactMatch	https://linked.data.gov.au/def/anzsrc-for/2020/340202	Crystallography	semapv:LexicalMatching	0.980	0.7593	cosine	tamar-pairwise	Exact scientific discipline
http://data.europa.eu/8mn/euroscivoc/3961e9d2-ab3b-451b-b246-20fc0ec3b0c4	nephrology	skos:broadMatch	https://linked.data.gov.au/def/anzsrc-for/2020/320214	Nephrology and urology	semapv:SemanticSimilarityThresholdMatching	0.930	0.7668	cosine	tamar-pairwise	Target includes urology
http://data.europa.eu/8mn/euroscivoc/3aa7fb7c-2eba-4211-a8f4-8d1ccaddc7e2	cells technologies	skos:broadMatch	https://linked.data.gov.au/def/anzsrc-for/2020/320606	Regenerative medicine (incl. stem cells)	semapv:SemanticSimilarityThresholdMatching	0.840	0.7437	cosine	tamar-pairwise	Target covers cell tech
http://data.europa.eu/8mn/euroscivoc/3c7d4f8a-c885-4c6d-a41b-b3ff1cb3669c	biomaterials	skos:narrowMatch	https://linked.data.gov.au/def/anzsrc-for/2020/400302	Biomaterials	semapv:LexicalMatching	0.750	0.6820	cosine	tamar-pairwise	Source broader than target
http://data.europa.eu/8mn/euroscivoc/3d1728d6-e584-452b-9784-69afcbde53cf	periodontics	skos:exactMatch	https://linked.data.gov.au/def/anzsrc-for/2020/320310	Periodontics	semapv:LexicalMatching	0.990	0.7682	cosine	tamar-pairwise	Identical periodontal specialty
http://data.europa.eu/8mn/euroscivoc/3d2eea7a-35ae-44ec-81df-83e3238de646	virology	skos:exactMatch	https://linked.data.gov.au/def/anzsrc-for/2020/310706	Virology	semapv:LexicalMatching	0.990	0.7737	cosine	tamar-pairwise	Same concept and hierarchy
http://data.europa.eu/8mn/euroscivoc/3d4bb92f-d3cb-4991-a0ce-91d200f4ffad	armed conflicts	skos:broadMatch	https://linked.data.gov.au/def/anzsrc-for/2020/440402	Humanitarian disasters, conflict and peacebuilding	semapv:SemanticSimilarityThresholdMatching	0.860	0.6776	cosine	tamar-pairwise	Target heading covers more
http://data.europa.eu/8mn/euroscivoc/3db974b3-3197-453e-bf1f-208dcfc7e3e2	obesity	skos:broadMatch	https://linked.data.gov.au/def/anzsrc-for/2020/321001	Clinical nutrition	semapv:SemanticSimilarityThresholdMatching	0.750	0.7393	cosine	tamar-pairwise	Target field includes obesity
http://data.europa.eu/8mn/euroscivoc/3de50dee-da1c-4791-a386-56bca24a5fed	psychiatry	skos:closeMatch	https://linked.data.gov.au/def/anzsrc-for/2020/320221	Psychiatry (incl. psychotherapy)	semapv:SemanticSimilarityThresholdMatching	0.980	0.6874	cosine	tamar-pairwise	Same psychiatric discipline
http://data.europa.eu/8mn/euroscivoc/3e083223-d46f-4cab-b93a-95598b4f6be1	computational fluid dynamics	skos:broadMatch	https://linked.data.gov.au/def/anzsrc-for/2020/401204	Computational methods in fluid flow, heat and mass transfer (incl. computational fluid dynamics)	semapv:SemanticSimilarityThresholdMatching	0.940	0.7492	cosine	tamar-pairwise	Target heading broader
http://data.europa.eu/8mn/euroscivoc/3e3b69cb-7cab-41d8-bd6c-6945f9c982ad	manufacturing engineering	skos:exactMatch	https://linked.data.gov.au/def/anzsrc-for/2020/4014	Manufacturing engineering	semapv:LexicalMatching	0.990	0.7614	cosine	tamar-pairwise	Identical concept and hierarchy
http://data.europa.eu/8mn/euroscivoc/3ef34e0f-0576-4510-927c-f345727888f8	nucleic acids	skos:narrowMatch	https://linked.data.gov.au/def/anzsrc-for/2020/320505	Medical biochemistry - nucleic acids	semapv:SemanticSimilarityThresholdMatching	0.900	0.7123	cosine	tamar-pairwise	Source covers target
http://data.europa.eu/8mn/euroscivoc/403e6b96-4460-4e8a-9500-a854d8f25b57	modern and contemporary art	skos:broadMatch	https://linked.data.gov.au/def/anzsrc-for/2020/360602	Fine arts	semapv:SemanticSimilarityThresholdMatching	0.780	0.6705	cosine	tamar-pairwise	Fine arts broader scope
http://data.europa.eu/8mn/euroscivoc/40c5c393-e96d-47a2-b057-e823cfc1fa07	mathematical analysis	skos:narrowMatch	https://linked.data.gov.au/def/anzsrc-for/2020/490411	Real and complex functions (incl. several variables)	semapv:SemanticSimilarityThresholdMatching	0.920	0.7547	cosine	tamar-pairwise	Source covers more topics
http://data.europa.eu/8mn/euroscivoc/40c73d84-142b-42bd-b0e5-6f9a9b3f6a91	solid mechanics	skos:exactMatch	https://linked.data.gov.au/def/anzsrc-for/2020/401707	Solid mechanics	semapv:LexicalMatching	0.970	0.8576	cosine	tamar-pairwise	Identical discipline label
http://data.europa.eu/8mn/euroscivoc/40cbd681-c84f-4af3-887a-beb6d9857f0f	international law	skos:narrowMatch	https://linked.data.gov.au/def/anzsrc-for/2020/480310	Public international law	semapv:SemanticSimilarityThresholdMatching	0.900	0.7979	cosine	tamar-pairwise	Target inside source
http://data.europa.eu/8mn/euroscivoc/4149c404-cb51-4f7c-93f2-cc346e8c9c98	magnetic resonance imaging	skos:broadMatch	https://linked.data.gov.au/def/anzsrc-for/2020/320222	Radiology and organ imaging	semapv:SemanticSimilarityThresholdMatching	0.930	0.7027	cosine	tamar-pairwise	Target heading covers MRI
http://data.europa.eu/8mn/euroscivoc/41d8a14d-6def-402e-b6e5-09d1cd8d3fc4	astronomy	skos:closeMatch	https://linked.data.gov.au/def/anzsrc-for/2020/5101	Astronomical sciences	semapv:SemanticSimilarityThresholdMatching	0.940	0.7882	cosine	tamar-pairwise	Equivalent astronomical science domain
http://data.europa.eu/8mn/euroscivoc/4215b6cb-66f0-4ace-a270-8ae68bdd1a76	nanocomposites	skos:broadMatch	https://linked.data.gov.au/def/anzsrc-for/2020/401807	Nanomaterials	semapv:SemanticSimilarityThresholdMatching	0.890	0.7110	cosine	tamar-pairwise	Target covers more nanomaterials
http://data.europa.eu/8mn/euroscivoc/432182f0-ede2-4b63-8b2c-fd36f487fb53	bioprocessing technologies	skos:closeMatch	https://linked.data.gov.au/def/anzsrc-for/2020/310602	Bioprocessing, bioproduction and bioproducts	semapv:SemanticSimilarityThresholdMatching	0.940	0.7919	cosine	tamar-pairwise	Bioprocessing concept equivalent
http://data.europa.eu/8mn/euroscivoc/432746d6-998b-431f-b22f-d3abe0e8aada	surgery	skos:exactMatch	https://linked.data.gov.au/def/anzsrc-for/2020/320226	Surgery	semapv:LexicalMatching	0.960	0.7813	cosine	tamar-pairwise	Same clinical discipline
http://data.europa.eu/8mn/euroscivoc/437c1f4d-96f4-4721-9194-455037fa37fa	leukemia	skos:broadMatch	https://linked.data.gov.au/def/anzsrc-for/2020/321106	Haematological tumours	semapv:SemanticSimilarityThresholdMatching	0.950	0.7344	cosine	tamar-pairwise	Target covers leukemia
http://data.europa.eu/8mn/euroscivoc/4455c187-2f2f-4cd1-a4dd-449f59d73b39	cardiology	skos:closeMatch	https://linked.data.gov.au/def/anzsrc-for/2020/320101	Cardiology (incl. cardiovascular diseases)	semapv:SemanticSimilarityThresholdMatching	0.950	0.6926	cosine	tamar-pairwise	Same cardiology field
http://data.europa.eu/8mn/euroscivoc/44dfe719-40b0-4d63-a0b1-8602905b26f4	social anthropology	skos:broadMatch	https://linked.data.gov.au/def/anzsrc-for/2020/440107	Social and cultural anthropology	semapv:SemanticSimilarityThresholdMatching	0.880	0.6916	cosine	tamar-pairwise	Target broader than source
http://data.europa.eu/8mn/euroscivoc/44e74c12-5d9f-450a-9d64-95bab42c1434	troposphere	skos:broadMatch	https://linked.data.gov.au/def/anzsrc-for/2020/370109	Tropospheric and stratospheric physics	semapv:SemanticSimilarityThresholdMatching	0.900	0.7794	cosine	tamar-pairwise	Adds stratosphere
http://data.europa.eu/8mn/euroscivoc/44ff5565-9342-4222-8270-64c574ed0180	fertility	skos:exactMatch	https://linked.data.gov.au/def/anzsrc-for/2020/440302	Fertility	semapv:LexicalMatching	0.990	0.9076	cosine	tamar-pairwise	Same concept and hierarchy
http://data.europa.eu/8mn/euroscivoc/4572e164-3bd5-4af2-837b-6b617fc3a7b1	psychoanalysis	skos:broadMatch	https://linked.data.gov.au/def/anzsrc-for/2020/320221	Psychiatry (incl. psychotherapy)	semapv:SemanticSimilarityThresholdMatching	0.800	0.7082	cosine	tamar-pairwise	Target covers psychoanalysis
http://data.europa.eu/8mn/euroscivoc/4596682b-a138-4bb2-9414-6c9f9056401b	environmental governance	skos:narrowMatch	https://linked.data.gov.au/def/anzsrc-for/2020/440704	Environment policy	semapv:SemanticSimilarityThresholdMatching	0.850	0.7111	cosine	tamar-pairwise	Policy subset of governance
http://data.europa.eu/8mn/euroscivoc/45e374e6-da15-44da-9995-9ddd9b01fea9	inorganic chemistry	skos:exactMatch	https://linked.data.gov.au/def/anzsrc-for/2020/3402	Inorganic chemistry	semapv:LexicalMatching	0.990	0.6565	cosine	tamar-pairwise	Identical concept and hierarchy
http://data.europa.eu/8mn/euroscivoc/45ebd79f-52a5-4dd9-bd75-da51a7f904d2	fourier analysis	skos:broadMatch	https://linked.data.gov.au/def/anzsrc-for/2020/490406	Lie groups, harmonic and Fourier analysis	semapv:SemanticSimilarityThresholdMatching	0.940	0.7280	cosine	tamar-pairwise	Target covers more topics
http://data.europa.eu/8mn/euroscivoc/46414b4c-ea2c-4a35-b8ba-8f110dd8eb13	nanoelectromechanical systems	skos:exactMatch	https://linked.data.gov.au/def/anzsrc-for/2020/401803	Nanoelectromechanical systems	semapv:LexicalMatching	1.000	0.9055	cosine	tamar-pairwise	Identical concept and hierarchy
http://data.europa.eu/8mn/euroscivoc/46889256-2431-4fb0-bee0-184f2c8a24c4	computer security	skos:broadMatch	https://linked.data.gov.au/def/anzsrc-for/2020/4604	Cybersecurity and privacy	semapv:SemanticSimilarityThresholdMatching	0.900	0.7282	cosine	tamar-pairwise	Target adds privacy
http://data.europa.eu/8mn/euroscivoc/46b0065f-4c0a-49f3-8d30-95594bec23b4	sustainability sciences	skos:closeMatch	https://linked.data.gov.au/def/anzsrc-for/2020/41	ENVIRONMENTAL SCIENCES	semapv:SemanticSimilarityThresholdMatching	0.990	0.6802	cosine	tamar-pairwise	Exact environmental sciences concept
http://data.europa.eu/8mn/euroscivoc/46b4c7fc-fae5-4925-a2f9-6ecbdfec5109	inclusive education	skos:exactMatch	https://linked.data.gov.au/def/anzsrc-for/2020/390407	Inclusive education	semapv:LexicalMatching	0.980	0.8017	cosine	tamar-pairwise	Identical education concept
http://data.europa.eu/8mn/euroscivoc/46bb355e-acf6-4eb1-8c29-18efb51f0ec0	literature studies	skos:narrowMatch	https://linked.data.gov.au/def/anzsrc-for/2020/470514	Literary theory	semapv:SemanticSimilarityThresholdMatching	0.930	0.7055	cosine	tamar-pairwise	Target subset of literature studies
http://data.europa.eu/8mn/euroscivoc/46f52482-d4bc-4d44-9924-0bd242e3bcc4	data protection	skos:closeMatch	https://linked.data.gov.au/def/anzsrc-for/2020/460403	Data security and protection	semapv:SemanticSimilarityThresholdMatching	0.970	0.8349	cosine	tamar-pairwise	Direct data security equivalence
http://data.europa.eu/8mn/euroscivoc/4715fd38-1233-4283-8247-32eda72784c8	pedagogy	skos:broadMatch	https://linked.data.gov.au/def/anzsrc-for/2020/390409	Learning sciences	semapv:SemanticSimilarityThresholdMatching	0.780	0.6611	cosine	tamar-pairwise	Target broader than pedagogy
http://data.europa.eu/8mn/euroscivoc/47eb9d78-a29d-4759-8c86-d7d4a8065997	musicology	skos:narrowMatch	https://linked.data.gov.au/def/anzsrc-for/2020/360303	Music education	semapv:LexicalMatching	0.680			tamar-pairwise	Musicology exceeds music education
http://data.europa.eu/8mn/euroscivoc/4825264c-ff40-46ee-b7a9-dc5093003929	parasitology	skos:narrowMatch	https://linked.data.gov.au/def/anzsrc-for/2020/320704	Medical parasitology	semapv:SemanticSimilarityThresholdMatching	0.930	0.8131	cosine	tamar-pairwise	Source covers medical parasitology
http://data.europa.eu/8mn/euroscivoc/48e57e4d-5e3d-4311-b7e0-1b44f5c7d2a0	unemployment	skos:broadMatch	https://linked.data.gov.au/def/anzsrc-for/2020/380111	Labour economics	semapv:SemanticSimilarityThresholdMatching	0.840	0.6614	cosine	tamar-pairwise	Target covers unemployment
http://data.europa.eu/8mn/euroscivoc/4940967c-1739-49c6-8474-6bb8ad7ff588	nuclear chemistry	skos:relatedMatch	https://linked.data.gov.au/def/anzsrc-for/2020/510601	Nuclear physics	semapv:SemanticSimilarityThresholdMatching	0.750	0.6796	cosine	tamar-pairwise	Overlap, distinct fields
http://data.europa.eu/8mn/euroscivoc/495b214f-06c8-45b9-a5d2-64e2df5dc2e3	medical biotechnology	skos:exactMatch	https://linked.data.gov.au/def/anzsrc-for/2020/3206	Medical biotechnology	semapv:LexicalMatching	0.990	0.7486	cosine	tamar-pairwise	Identical concept and definition
http://data.europa.eu/8mn/euroscivoc/495b214f-06c8-45b9-a5d2-64e2df5dc2e3	medical biotechnology	skos:relatedMatch	https://linked.data.gov.au/def/anzsrc-for/2020/4003	Biomedical engineering	semapv:LexicalMatching	0.780			tamar-pairwise	Overlapping biomedical engineering fields
http://data.europa.eu/8mn/euroscivoc/4964c84a-7f43-4b2f-a434-f4af9a4cfde3	quantitative analysis	skos:narrowMatch	https://linked.data.gov.au/def/anzsrc-for/2020/340105	Instrumental methods (excl. immunological and bioassay methods)	semapv:SemanticSimilarityThresholdMatching	0.850	0.8307	cosine	tamar-pairwise	Target subset of quantitative analysis
http://data.europa.eu/8mn/euroscivoc/4988e02f-0b78-40f3-a53b-2b67a4aae5aa	topology	skos:exactMatch	https://linked.data.gov.au/def/anzsrc-for/2020/490412	Topology	semapv:LexicalMatching	0.990	0.8104	cosine	tamar-pairwise	Identical topology concept
http://data.europa.eu/8mn/euroscivoc/49bd5122-c5d7-4ca4-b7fb-e5c6f3ded62d	occupational health	skos:closeMatch	https://linked.data.gov.au/def/anzsrc-for/2020/350505	Occupational and workplace health and safety	semapv:SemanticSimilarityThresholdMatching	0.960	0.7960	cosine	tamar-pairwise	Occupational health and safety
http://data.europa.eu/8mn/euroscivoc/49fe836e-8ea5-4748-b108-a9c8a8fabf46	biosensors	skos:narrowMatch	https://linked.data.gov.au/def/anzsrc-for/2020/320602	Medical biotechnology diagnostics (incl. biosensors)	semapv:SemanticSimilarityThresholdMatching	0.780	0.7250	cosine	tamar-pairwise	Target is domain-specific
http://data.europa.eu/8mn/euroscivoc/4a174a1e-bab0-4d76-988c-9712b5703e35	carbon capture engineering	skos:closeMatch	https://linked.data.gov.au/def/anzsrc-for/2020/400401	Carbon capture engineering (excl. sequestration)	semapv:SemanticSimilarityThresholdMatching	0.950	0.8834	cosine	tamar-pairwise	Excludes sequestration scope
http://data.europa.eu/8mn/euroscivoc/4a603b88-120c-4883-baa7-bd214a0038e1	proteomics	skos:broadMatch	https://linked.data.gov.au/def/anzsrc-for/2020/310109	Proteomics and intermolecular interactions (excl. medical proteomics)	semapv:SemanticSimilarityThresholdMatching	0.880	0.7624	cosine	tamar-pairwise	Target adds interaction scope
http://data.europa.eu/8mn/euroscivoc/4a677632-5b41-485a-8bf1-d9aae4c2da15	mobile network	skos:broadMatch	https://linked.data.gov.au/def/anzsrc-for/2020/400604	Network engineering	semapv:SemanticSimilarityThresholdMatching	0.660	0.6525	cosine	tamar-pairwise	Target covers mobile networks
http://data.europa.eu/8mn/euroscivoc/4a8788fc-4172-461c-ae94-40be4f39043f	earth and related environmental sciences	skos:closeMatch	https://linked.data.gov.au/def/anzsrc-for/2020/37	EARTH SCIENCES	semapv:SemanticSimilarityThresholdMatching	0.910	0.8491	cosine	tamar-pairwise	Equivalent earth-science division
http://data.europa.eu/8mn/euroscivoc/4b85aedb-f755-4e39-9c09-e387cc6ce3e1	simulation software	skos:broadMatch	https://linked.data.gov.au/def/anzsrc-for/2020/460207	Modelling and simulation	semapv:SemanticSimilarityThresholdMatching	0.780	0.6675	cosine	tamar-pairwise	Target covers beyond software
http://data.europa.eu/8mn/euroscivoc/4bb38ebc-c3c6-471f-9691-7f671c8842a2	cell metabolism	skos:exactMatch	https://linked.data.gov.au/def/anzsrc-for/2020/310103	Cell metabolism	semapv:LexicalMatching	0.990	0.8219	cosine	tamar-pairwise	Same concept and label
http://data.europa.eu/8mn/euroscivoc/4c8f4b46-6f5c-41d9-9079-7de85c16431d	artificial intelligence	skos:narrowMatch	https://linked.data.gov.au/def/anzsrc-for/2020/4602	Artificial intelligence	semapv:LexicalMatching	0.850	0.7211	cosine	tamar-pairwise	Source includes ML, CV
http://data.europa.eu/8mn/euroscivoc/4d3e0b8f-ce04-475e-933f-a82f26f1086f	separation technologies	skos:exactMatch	https://linked.data.gov.au/def/anzsrc-for/2020/400409	Separation technologies	semapv:LexicalMatching	0.990	0.8152	cosine	tamar-pairwise	Identical concept and hierarchy
http://data.europa.eu/8mn/euroscivoc/4df60e5a-a143-45d2-b1a6-c2dcb31d977a	agriculture, forestry, and fisheries	skos:broadMatch	https://linked.data.gov.au/def/anzsrc-for/2020/30	AGRICULTURAL, VETERINARY AND FOOD SCIENCES	semapv:SemanticSimilarityThresholdMatching	0.940	0.7405	cosine	tamar-pairwise	Target covers more fields
http://data.europa.eu/8mn/euroscivoc/4e048a35-4aa2-4bc0-9d83-5ca43f21bf17	solar physics	skos:exactMatch	https://linked.data.gov.au/def/anzsrc-for/2020/510108	Solar physics	semapv:LexicalMatching	0.990	0.7616	cosine	tamar-pairwise	Exact disciplinary match
http://data.europa.eu/8mn/euroscivoc/4e2d5d05-e6af-41fa-abc0-5ef8a0d09661	apiculture	skos:broadMatch	https://linked.data.gov.au/def/anzsrc-for/2020/300302	Animal management	semapv:SemanticSimilarityThresholdMatching	0.800	0.7261	cosine	tamar-pairwise	Target includes all animal management
http://data.europa.eu/8mn/euroscivoc/4e705211-8770-4a2a-8596-dbc25b41c83b	electrochemistry	skos:exactMatch	https://linked.data.gov.au/def/anzsrc-for/2020/340604	Electrochemistry	semapv:LexicalMatching	0.980	0.7440	cosine	tamar-pairwise	Exact disciplinary concept
http://data.europa.eu/8mn/euroscivoc/4f546680-d48b-4c0d-9c81-9870b0a16c32	human migrations	skos:closeMatch	https://linked.data.gov.au/def/anzsrc-for/2020/440303	Migration	semapv:SemanticSimilarityThresholdMatching	0.930	0.7060	cosine	tamar-pairwise	Equivalent demographic migration concept
http://data.europa.eu/8mn/euroscivoc/4f88813e-8fbc-424d-bf2f-316c50684e7c	analogue electronics	skos:broadMatch	https://linked.data.gov.au/def/anzsrc-for/2020/400901	Analog electronics and interfaces	semapv:SemanticSimilarityThresholdMatching	0.860	0.6511	cosine	tamar-pairwise	Target adds interfaces
http://data.europa.eu/8mn/euroscivoc/4fc54e32-5c0e-4f9f-aec1-18bb20609eba	geochemistry	skos:exactMatch	https://linked.data.gov.au/def/anzsrc-for/2020/3703	Geochemistry	semapv:LexicalMatching	0.980	0.7677	cosine	tamar-pairwise	Same geochemistry concept
http://data.europa.eu/8mn/euroscivoc/4fcab395-f3b5-41c6-a260-6acd51de4741	biomolecules	skos:narrowMatch	https://linked.data.gov.au/def/anzsrc-for/2020/3205	Medical biochemistry and metabolomics	semapv:SemanticSimilarityThresholdMatching	0.710	0.6639	cosine	tamar-pairwise	Target limited to medical context
http://data.europa.eu/8mn/euroscivoc/4fe6cea9-6919-4151-bb60-ed9591edd1d9	lithology	skos:narrowMatch	https://linked.data.gov.au/def/anzsrc-for/2020/370509	Sedimentology	semapv:SemanticSimilarityThresholdMatching	0.750	0.8195	cosine	tamar-pairwise	Source covers sedimentology
http://data.europa.eu/8mn/euroscivoc/506c04ef-2bd1-464e-8017-db30eb140abc	sedimentary petrology	skos:broadMatch	https://linked.data.gov.au/def/anzsrc-for/2020/370509	Sedimentology	semapv:SemanticSimilarityThresholdMatching	0.800	0.7653	cosine	tamar-pairwise	Target broader than source
http://data.europa.eu/8mn/euroscivoc/50df14de-3934-4dc8-a6e1-c0008963aa0e	ethics	skos:narrowMatch	https://linked.data.gov.au/def/anzsrc-for/2020/500306	Ethical theory	semapv:SemanticSimilarityThresholdMatching	0.920	0.7088	cosine	tamar-pairwise	Ethics broader than theory
http://data.europa.eu/8mn/euroscivoc/516375dc-b795-4a7f-982f-bbbf8b46c93f	proteins	skos:broadMatch	https://linked.data.gov.au/def/anzsrc-for/2020/340407	Proteins and peptides	semapv:SemanticSimilarityThresholdMatching	0.920	0.6939	cosine	tamar-pairwise	Target includes peptides
http://data.europa.eu/8mn/euroscivoc/51a8c684-33c9-4e85-86e9-95f1e7b50f1c	comparative morphology	skos:closeMatch	https://linked.data.gov.au/def/anzsrc-for/2020/310410	Phylogeny and comparative analysis	semapv:SemanticSimilarityThresholdMatching	0.910	0.8097	cosine	tamar-pairwise	Phylogeny and comparative analysis
http://data.europa.eu/8mn/euroscivoc/527ab165-56f2-4020-8975-e7cd3f21d01d	machine learning	skos:exactMatch	https://linked.data.gov.au/def/anzsrc-for/2020/4611	Machine learning	semapv:LexicalMatching	0.980			tamar-pairwise	Same concept and hierarchy
http://data.europa.eu/8mn/euroscivoc/5294e080-9aee-4eb6-99c6-c77afc5dc846	pure mathematics	skos:exactMatch	https://linked.data.gov.au/def/anzsrc-for/2020/4904	Pure mathematics	semapv:LexicalMatching	0.990	0.7052	cosine	tamar-pairwise	Same pure mathematics concept
http://data.europa.eu/8mn/euroscivoc/53157b24-5ec5-4b97-bbeb-b1af580cf101	astrochemistry	skos:broadMatch	https://linked.data.gov.au/def/anzsrc-for/2020/510101	Astrobiology	semapv:SemanticSimilarityThresholdMatching	0.710	0.6767	cosine	tamar-pairwise	Target broader than source
http://data.europa.eu/8mn/euroscivoc/531bd18a-eedd-4345-8b2f-5464f96615f8	environmental engineering	skos:exactMatch	https://linked.data.gov.au/def/anzsrc-for/2020/4011	Environmental engineering	semapv:LexicalMatching	0.990	0.7800	cosine	tamar-pairwise	Identical environmental engineering concept
http://data.europa.eu/8mn/euroscivoc/533e6923-ce7b-4b03-856c-af4478a48c00	kidney diseases	skos:broadMatch	https://linked.data.gov.au/def/anzsrc-for/2020/320214	Nephrology and urology	semapv:SemanticSimilarityThresholdMatching	0.900	0.7794	cosine	tamar-pairwise	Target covers kidney diseases
http://data.europa.eu/8mn/euroscivoc/5375c411-6db9-40ed-a854-6554102a587b	dermatology	skos:exactMatch	https://linked.data.gov.au/def/anzsrc-for/2020/320205	Dermatology	semapv:LexicalMatching	0.980	0.7710	cosine	tamar-pairwise	Same medical specialty
http://data.europa.eu/8mn/euroscivoc/53d318ec-2f1b-41e4-8317-24b35f9a9120	structural engineering	skos:exactMatch	https://linked.data.gov.au/def/anzsrc-for/2020/400510	Structural engineering	semapv:LexicalMatching	0.990	0.8420	cosine	tamar-pairwise	Identical concept and hierarchy
http://data.europa.eu/8mn/euroscivoc/546f93d1-4503-4a57-90d9-8ec927ab112e	classical mechanics	skos:narrowMatch	https://linked.data.gov.au/def/anzsrc-for/2020/401707	Solid mechanics	semapv:SemanticSimilarityThresholdMatching	0.960	0.6587	cosine	tamar-pairwise	Solid mechanics inside classical
http://data.europa.eu/8mn/euroscivoc/55e533c2-cad7-45bc-a66f-e813cda04e70	veterinary sciences	skos:exactMatch	https://linked.data.gov.au/def/anzsrc-for/2020/3009	Veterinary sciences	semapv:LexicalMatching	0.990			tamar-pairwise	Exact veterinary sciences concept
http://data.europa.eu/8mn/euroscivoc/55ef58a8-cd43-4d3a-8f4f-57d3671d3db5	constitutional law	skos:exactMatch	https://linked.data.gov.au/def/anzsrc-for/2020/480702	Constitutional law	semapv:LexicalMatching	0.990	0.8180	cosine	tamar-pairwise	Identical constitutional law concept
http://data.europa.eu/8mn/euroscivoc/562f2b97-7578-4fbc-a53c-b9603aad1db9	public administration	skos:exactMatch	https://linked.data.gov.au/def/anzsrc-for/2020/440708	Public administration	semapv:LexicalMatching	0.990	0.8556	cosine	tamar-pairwise	Identical concept label
http://data.europa.eu/8mn/euroscivoc/5734c649-766d-4880-8891-daee21d64bb4	social psychology	skos:exactMatch	https://linked.data.gov.au/def/anzsrc-for/2020/520505	Social psychology	semapv:LexicalMatching	0.990			tamar-pairwise	Identical discipline concept
http://data.europa.eu/8mn/euroscivoc/5754a839-d714-4849-9789-e831eb4af6f1	odontology	skos:exactMatch	https://linked.data.gov.au/def/anzsrc-for/2020/3203	Dentistry	semapv:LexicalMatching	0.980	0.7600	cosine	tamar-pairwise	Direct dentistry equivalence
http://data.europa.eu/8mn/euroscivoc/5784b7f1-c7ce-49d9-9f38-aebcda0ff41d	oncology	skos:narrowMatch	https://linked.data.gov.au/def/anzsrc-for/2020/321102	Cancer diagnosis	semapv:SemanticSimilarityThresholdMatching	0.880	0.6778	cosine	tamar-pairwise	Diagnosis subset of oncology
http://data.europa.eu/8mn/euroscivoc/57ae94b9-b0e2-4066-b910-3b58c015c17e	physical chemistry	skos:exactMatch	https://linked.data.gov.au/def/anzsrc-for/2020/3406	Physical chemistry	semapv:LexicalMatching	0.990	0.7753	cosine	tamar-pairwise	Same concept and hierarchy
http://data.europa.eu/8mn/euroscivoc/582a0b32-79e8-4b30-abf9-c7b6a6708683	tissue engineering	skos:exactMatch	https://linked.data.gov.au/def/anzsrc-for/2020/400311	Tissue engineering	semapv:LexicalMatching	0.990	0.7891	cosine	tamar-pairwise	Identical concept labels
http://data.europa.eu/8mn/euroscivoc/584d9d66-018f-4bb9-812c-7fafd5b1abd4	developmental biology	skos:narrowMatch	https://linked.data.gov.au/def/anzsrc-for/2020/310404	Evolution of developmental systems	semapv:SemanticSimilarityThresholdMatching	0.860	0.6578	cosine	tamar-pairwise	Target is subset of source
http://data.europa.eu/8mn/euroscivoc/592bef65-e071-4ff7-97cc-f5fb2e404df0	conformal field theory 	skos:broadMatch	https://linked.data.gov.au/def/anzsrc-for/2020/490205	Mathematical aspects of quantum and conformal field theory, quantum gravity and string theory	semapv:SemanticSimilarityThresholdMatching	0.940	0.8037	cosine	tamar-pairwise	Target covers more fields
http://data.europa.eu/8mn/euroscivoc/594795fd-81a0-47bb-8676-fb24f97a0213	fluid mechanics	skos:narrowMatch	https://linked.data.gov.au/def/anzsrc-for/2020/401207	Fundamental and theoretical fluid dynamics	semapv:SemanticSimilarityThresholdMatching	0.920	0.7248	cosine	tamar-pairwise	Target subset of fluid mechanics
http://data.europa.eu/8mn/euroscivoc/59f6b691-53b4-4ee6-9bc2-d428584ec8b2	seismology	skos:broadMatch	https://linked.data.gov.au/def/anzsrc-for/2020/370609	Seismology and seismic exploration	semapv:SemanticSimilarityThresholdMatching	0.920	0.6902	cosine	tamar-pairwise	Target covers seismology plus exploration
http://data.europa.eu/8mn/euroscivoc/5a60af95-d2da-4703-845c-30966147de58	ethical theories	skos:exactMatch	https://linked.data.gov.au/def/anzsrc-for/2020/500306	Ethical theory	semapv:LexicalMatching	0.950	0.8012	cosine	tamar-pairwise	Same ethical theory concept
http://data.europa.eu/8mn/euroscivoc/5ac3ab8e-7d50-4091-94e2-0eec71c915db	mathematics	skos:broadMatch	https://linked.data.gov.au/def/anzsrc-for/2020/49	MATHEMATICAL SCIENCES	semapv:SemanticSimilarityThresholdMatching	0.920	0.7945	cosine	tamar-pairwise	Target heading covers mathematics plus
http://data.europa.eu/8mn/euroscivoc/5ae7bd70-d708-4d9c-b090-083a42d44632	naval engineering	skos:exactMatch	https://linked.data.gov.au/def/anzsrc-for/2020/401501	Marine engineering	semapv:LexicalMatching	0.960	0.8427	cosine	tamar-pairwise	Marine engineering synonym
http://data.europa.eu/8mn/euroscivoc/5b42bcd0-ed4d-4991-af0b-70b7465237aa	knowledge organization	skos:narrowMatch	https://linked.data.gov.au/def/anzsrc-for/2020/461008	Organisation of information and knowledge resources	semapv:SemanticSimilarityThresholdMatching	0.780	0.7759	cosine	tamar-pairwise	Target focuses on resources
http://data.europa.eu/8mn/euroscivoc/5b7a4490-820b-4d26-b467-f23c24cda347	pedology	skos:closeMatch	https://linked.data.gov.au/def/anzsrc-for/2020/410602	Pedology and pedometrics	semapv:SemanticSimilarityThresholdMatching	0.960	0.7856	cosine	tamar-pairwise	Pedology plus pedometrics
http://data.europa.eu/8mn/euroscivoc/5b85e891-a025-4270-9b5d-df61c39b79f2	biological behavioural sciences	skos:narrowMatch	https://linked.data.gov.au/def/anzsrc-for/2020/310301	Behavioural ecology	semapv:SemanticSimilarityThresholdMatching	0.920	0.7015	cosine	tamar-pairwise	Target subset of source
http://data.europa.eu/8mn/euroscivoc/5c631d7c-2a8c-40b4-9ba9-71121e2d5e63	basic medicine	skos:narrowMatch	https://linked.data.gov.au/def/anzsrc-for/2020/321401	Basic pharmacology	semapv:SemanticSimilarityThresholdMatching	0.920	0.7244	cosine	tamar-pairwise	Target subset of source
http://data.europa.eu/8mn/euroscivoc/5c66325e-b247-4e52-92ec-544ae4d061cc	psychology	skos:exactMatch	https://linked.data.gov.au/def/anzsrc-for/2020/52	PSYCHOLOGY	semapv:LexicalMatching	0.960	0.7642	cosine	tamar-pairwise	Same psychology concept
http://data.europa.eu/8mn/euroscivoc/5ccac6a4-396a-4789-9506-de4ee54aae3d	nonlinear optics	skos:broadMatch	https://linked.data.gov.au/def/anzsrc-for/2020/510203	Nonlinear optics and spectroscopy	semapv:SemanticSimilarityThresholdMatching	0.900	0.7182	cosine	tamar-pairwise	Target adds spectroscopy
http://data.europa.eu/8mn/euroscivoc/5ccf6af3-d065-49da-bef3-9cd7f50c15c6	cultural anthropology	skos:closeMatch	https://linked.data.gov.au/def/anzsrc-for/2020/440107	Social and cultural anthropology	semapv:SemanticSimilarityThresholdMatching	0.970	0.7468	cosine	tamar-pairwise	Direct social-cultural anthropology equivalent
http://data.europa.eu/8mn/euroscivoc/5d08280c-4bca-41ff-9034-81d4210a7b6b	electrical engineering	skos:exactMatch	https://linked.data.gov.au/def/anzsrc-for/2020/4008	Electrical engineering	semapv:LexicalMatching	0.960			tamar-pairwise	Same engineering discipline
http://data.europa.eu/8mn/euroscivoc/5d9297ad-d8cd-437c-9411-1b9c291bca9e	freshwater ecosystems	skos:broadMatch	https://linked.data.gov.au/def/anzsrc-for/2020/310304	Freshwater ecology	semapv:SemanticSimilarityThresholdMatching	0.850	0.8160	cosine	tamar-pairwise	Target field covers ecosystem
http://data.europa.eu/8mn/euroscivoc/5dd6d1cd-a750-48bf-8b3f-11e2fb8ed277	phonology	skos:relatedMatch	https://linked.data.gov.au/def/anzsrc-for/2020/470410	Phonetics and speech science	semapv:SemanticSimilarityThresholdMatching	0.780	0.8011	cosine	tamar-pairwise	No side fully contains other
http://data.europa.eu/8mn/euroscivoc/5e1591e2-d02b-436c-8216-6b8912eee467	emergency medicine	skos:exactMatch	https://linked.data.gov.au/def/anzsrc-for/2020/320207	Emergency medicine	semapv:LexicalMatching	0.980	0.7268	cosine	tamar-pairwise	Same medical specialty
http://data.europa.eu/8mn/euroscivoc/5e784778-9a21-483e-8435-37d7af93c92d	construction engineering	skos:exactMatch	https://linked.data.gov.au/def/anzsrc-for/2020/400504	Construction engineering	semapv:LexicalMatching	0.990	0.7926	cosine	tamar-pairwise	Identical concept and hierarchy
http://data.europa.eu/8mn/euroscivoc/5f29c33d-99e2-40f8-82f8-30b71a5e7b79	textiles	skos:narrowMatch	https://linked.data.gov.au/def/anzsrc-for/2020/401413	Textile technology	semapv:SemanticSimilarityThresholdMatching	0.860	0.7449	cosine	tamar-pairwise	Target sits within source
http://data.europa.eu/8mn/euroscivoc/5f6d0ee3-74d2-4fba-829b-24ef3fdf33fa	theoretical physics	skos:narrowMatch	https://linked.data.gov.au/def/anzsrc-for/2020/5107	Particle and high energy physics	semapv:SemanticSimilarityThresholdMatching	0.880	0.7838	cosine	tamar-pairwise	Source covers more subfields
http://data.europa.eu/8mn/euroscivoc/6016144d-477e-4e89-b543-0e8f6c488cc6	photochemistry	skos:exactMatch	https://linked.data.gov.au/def/anzsrc-for/2020/340606	Photochemistry	semapv:LexicalMatching	0.990	0.7873	cosine	tamar-pairwise	Identical photochemistry concept
http://data.europa.eu/8mn/euroscivoc/60478dbb-fdbb-45aa-9285-4e03d6ff25ae	web accessibility	skos:broadMatch	https://linked.data.gov.au/def/anzsrc-for/2020/460801	Accessible computing	semapv:SemanticSimilarityThresholdMatching	0.800	0.6730	cosine	tamar-pairwise	Target covers more than web
http://data.europa.eu/8mn/euroscivoc/607e20c2-2a26-4113-ac15-b0bbca25a5de	plant breeding	skos:narrowMatch	https://linked.data.gov.au/def/anzsrc-for/2020/300406	Crop and pasture improvement (incl. selection and breeding)	semapv:SemanticSimilarityThresholdMatching	0.920	0.7189	cosine	tamar-pairwise	Source broader than target
http://data.europa.eu/8mn/euroscivoc/60f1cfbf-a341-4f77-b74d-8742f867c0ae	gene therapy	skos:broadMatch	https://linked.data.gov.au/def/anzsrc-for/2020/320601	Gene and molecular therapy	semapv:SemanticSimilarityThresholdMatching	0.940	0.6868	cosine	tamar-pairwise	Target includes other molecular therapy
http://data.europa.eu/8mn/euroscivoc/61735be0-41d4-4c93-a7a0-9fdca27e92c1	religions	skos:relatedMatch	https://linked.data.gov.au/def/anzsrc-for/2020/5004	Religious studies	semapv:SemanticSimilarityThresholdMatching	0.780	0.6775	cosine	tamar-pairwise	Only overlapping scopes
http://data.europa.eu/8mn/euroscivoc/61bab820-648f-4f84-9f2d-71b5f80c5835	linguistics	skos:exactMatch	https://linked.data.gov.au/def/anzsrc-for/2020/4704	Linguistics	semapv:LexicalMatching	0.990			tamar-pairwise	Same linguistics concept
http://data.europa.eu/8mn/euroscivoc/621ef1ce-2ebd-43d9-a6c7-ecd962d27269	ophthalmology	skos:exactMatch	https://linked.data.gov.au/def/anzsrc-for/2020/321201	Ophthalmology	semapv:LexicalMatching	0.990	0.7365	cosine	tamar-pairwise	Same medical specialty
http://data.europa.eu/8mn/euroscivoc/6283539e-373a-4c38-8bab-6510f9ee479c	livestock cloning	skos:exactMatch	https://linked.data.gov.au/def/anzsrc-for/2020/300108	Livestock cloning	semapv:LexicalMatching	0.990	0.9076	cosine	tamar-pairwise	Exact livestock cloning concept
http://data.europa.eu/8mn/euroscivoc/62957fed-7e70-419b-b37c-2d84e56d1ec2	particle accelerator	skos:closeMatch	https://linked.data.gov.au/def/anzsrc-for/2020/511001	Accelerators	semapv:SemanticSimilarityThresholdMatching	0.930	0.7358	cosine	tamar-pairwise	Equivalent accelerator concept
http://data.europa.eu/8mn/euroscivoc/62d2a84e-3f7d-4164-890a-bac80360105b	waste management	skos:narrowMatch	https://linked.data.gov.au/def/anzsrc-for/2020/401106	Waste management, reduction, reuse and recycling	semapv:SemanticSimilarityThresholdMatching	0.860	0.8196	cosine	tamar-pairwise	Source broader than target
http://data.europa.eu/8mn/euroscivoc/62e0b84b-ccbb-4cd9-a8b3-9fafb942904e	visual arts	skos:exactMatch	https://linked.data.gov.au/def/anzsrc-for/2020/3606	Visual arts	semapv:LexicalMatching	0.990			tamar-pairwise	Same visual arts concept
http://data.europa.eu/8mn/euroscivoc/63844c95-4241-4571-9904-bd2045238baa	molecular spintronics	skos:broadMatch	https://linked.data.gov.au/def/anzsrc-for/2020/401802	Molecular and organic electronics	semapv:SemanticSimilarityThresholdMatching	0.850	0.6756	cosine	tamar-pairwise	Target covers more topics
http://data.europa.eu/8mn/euroscivoc/6425744b-69aa-491c-b0f3-92adb3351498	vaccines	skos:broadMatch	https://linked.data.gov.au/def/anzsrc-for/2020/321405	Pharmaceutical sciences	semapv:SemanticSimilarityThresholdMatching	0.880	0.6524	cosine	tamar-pairwise	Target heading covers vaccines
http://data.europa.eu/8mn/euroscivoc/64605fff-1946-4fd4-b021-e2e83b71dcac	engineering and technology	skos:narrowMatch	https://linked.data.gov.au/def/anzsrc-for/2020/40	ENGINEERING	semapv:SemanticSimilarityThresholdMatching	0.900	0.8012	cosine	tamar-pairwise	Source adds technology
http://data.europa.eu/8mn/euroscivoc/64677c83-d296-43b3-b4a1-a6e79ce71488	limnology	skos:narrowMatch	https://linked.data.gov.au/def/anzsrc-for/2020/310304	Freshwater ecology	semapv:SemanticSimilarityThresholdMatching	0.900	0.7377	cosine	tamar-pairwise	Target only ecology
http://data.europa.eu/8mn/euroscivoc/64c1ba50-4451-4845-ba27-b81b01583d18	genetic selection	skos:broadMatch	https://linked.data.gov.au/def/anzsrc-for/2020/310207	Statistical and quantitative genetics	semapv:SemanticSimilarityThresholdMatching	0.850	0.6601	cosine	tamar-pairwise	Target broader than source
http://data.europa.eu/8mn/euroscivoc/65672057-bb45-47a9-9b2d-5dd7c15dae10	anthropology	skos:exactMatch	https://linked.data.gov.au/def/anzsrc-for/2020/4401	Anthropology	semapv:LexicalMatching	0.980	0.7053	cosine	tamar-pairwise	Same concept and hierarchy
http://data.europa.eu/8mn/euroscivoc/65ae294f-010f-4735-9e8e-aa522a33bbbe	graphic design	skos:broadMatch	https://linked.data.gov.au/def/anzsrc-for/2020/330316	Visual communication design (incl. graphic design)	semapv:SemanticSimilarityThresholdMatching	0.950	0.7960	cosine	tamar-pairwise	Target covers graphic design
http://data.europa.eu/8mn/euroscivoc/65f1cb53-0694-477b-9900-61ac8ad78c67	geology	skos:exactMatch	https://linked.data.gov.au/def/anzsrc-for/2020/3705	Geology	semapv:LexicalMatching	0.980	0.7956	cosine	tamar-pairwise	Same geology concept
http://data.europa.eu/8mn/euroscivoc/6a039bcc-11d6-4132-888b-3fd25127bb42	animal husbandry	skos:closeMatch	https://linked.data.gov.au/def/anzsrc-for/2020/3003	Animal production	semapv:LexicalMatching	0.890			tamar-pairwise	Livestock production scope
http://data.europa.eu/8mn/euroscivoc/6b3cc21c-15c1-46e2-acbd-7a79c5087136	ethical principles	skos:narrowMatch	https://linked.data.gov.au/def/anzsrc-for/2020/500101	Bioethics	semapv:LexicalMatching	0.700	0.6810	cosine	tamar-pairwise	Target subset of ethics
http://data.europa.eu/8mn/euroscivoc/6bab1ac0-71ae-46aa-a7fa-26531ebf5b11	family studies	skos:closeMatch	https://linked.data.gov.au/def/anzsrc-for/2020/441009	Sociology of family and relationships	semapv:SemanticSimilarityThresholdMatching	0.950	0.7057	cosine	tamar-pairwise	Family relationships sociology
http://data.europa.eu/8mn/euroscivoc/6bfdc366-a5da-4ae0-8882-2fe67713f7e0	solar astronomy	skos:narrowMatch	https://linked.data.gov.au/def/anzsrc-for/2020/510108	Solar physics	semapv:SemanticSimilarityThresholdMatching	0.900	0.7712	cosine	tamar-pairwise	Solar physics inside solar astronomy
http://data.europa.eu/8mn/euroscivoc/6c1a6cca-3074-40f7-97df-aad123eb693e	history of islam	skos:broadMatch	https://linked.data.gov.au/def/anzsrc-for/2020/500403	Islamic studies	semapv:SemanticSimilarityThresholdMatching	0.850	0.6837	cosine	tamar-pairwise	Target broader than history
http://data.europa.eu/8mn/euroscivoc/6c45311d-08ee-4e0d-865f-2cf01b9804d5	physical cosmology	skos:broadMatch	https://linked.data.gov.au/def/anzsrc-for/2020/510103	Cosmology and extragalactic astronomy	semapv:SemanticSimilarityThresholdMatching	0.900	0.7402	cosine	tamar-pairwise	Target includes extragalactic topics
http://data.europa.eu/8mn/euroscivoc/6c982cd7-7f9c-4cde-8a3e-b40a226bc313	liver cancer	skos:broadMatch	https://linked.data.gov.au/def/anzsrc-for/2020/321111	Solid tumours	semapv:SemanticSimilarityThresholdMatching	0.920	0.6855	cosine	tamar-pairwise	Target heading covers liver cancer
http://data.europa.eu/8mn/euroscivoc/6cdfa437-5876-4fe0-9e66-d7ba81001787	criminology	skos:exactMatch	https://linked.data.gov.au/def/anzsrc-for/2020/4402	Criminology	semapv:LexicalMatching	0.990			tamar-pairwise	Same criminology concept
http://data.europa.eu/8mn/euroscivoc/6d8bb2ee-2867-4fef-82f5-6a1ab5b8715d	drones	skos:broadMatch	https://linked.data.gov.au/def/anzsrc-for/2020/400703	Autonomous vehicle systems	semapv:SemanticSimilarityThresholdMatching	0.850	0.6539	cosine	tamar-pairwise	Target includes more vehicle types
http://data.europa.eu/8mn/euroscivoc/6de6dbeb-f200-40fc-b01c-09b01d153180	natural language processing	skos:exactMatch	https://linked.data.gov.au/def/anzsrc-for/2020/460208	Natural language processing	semapv:LexicalMatching	0.990	0.8219	cosine	tamar-pairwise	Identical concept label and meaning
http://data.europa.eu/8mn/euroscivoc/6e01384f-e19e-4295-a656-a59ec98c5231	climate change adaptation	skos:narrowMatch	https://linked.data.gov.au/def/anzsrc-for/2020/410102	Ecological impacts of climate change and ecological adaptation	semapv:SemanticSimilarityThresholdMatching	0.860	0.7308	cosine	tamar-pairwise	Ecology focus narrows scope
http://data.europa.eu/8mn/euroscivoc/6eb34fa9-e534-437c-a6c1-2051b6740bb9	epidemiology	skos:exactMatch	https://linked.data.gov.au/def/anzsrc-for/2020/4202	Epidemiology	semapv:LexicalMatching	0.990			tamar-pairwise	Exact epidemiology concept
http://data.europa.eu/8mn/euroscivoc/6ec4c796-f249-4113-bcc4-2b026afaaed4	developmental psychology	skos:broadMatch	https://linked.data.gov.au/def/anzsrc-for/2020/5201	Applied and developmental psychology	semapv:SemanticSimilarityThresholdMatching	0.900	0.7057	cosine	tamar-pairwise	Target includes applied fields
http://data.europa.eu/8mn/euroscivoc/6ec77859-f069-4eb2-9d70-3021ba5b325a	cognitive robots	skos:broadMatch	https://linked.data.gov.au/def/anzsrc-for/2020/460205	Intelligent robotics	semapv:SemanticSimilarityThresholdMatching	0.860	0.7520	cosine	tamar-pairwise	Target broader than source
http://data.europa.eu/8mn/euroscivoc/6fe0f83b-5fc4-4bf8-8fa6-3f035eb0768e	pharmacokinetics	skos:broadMatch	https://linked.data.gov.au/def/anzsrc-for/2020/321405	Pharmaceutical sciences	semapv:SemanticSimilarityThresholdMatching	0.880	0.6814	cosine	tamar-pairwise	Target covers PK plus others
http://data.europa.eu/8mn/euroscivoc/70c05ebc-69dd-434b-a898-a9b8d6b3bbc6	political economy	skos:closeMatch	https://linked.data.gov.au/def/anzsrc-for/2020/440404	Political economy and social change	semapv:SemanticSimilarityThresholdMatching	0.840	0.7263	cosine	tamar-pairwise	Political economy with social change
http://data.europa.eu/8mn/euroscivoc/71137b04-547d-4329-8db3-251df3e84589	transplantation	skos:broadMatch	https://linked.data.gov.au/def/anzsrc-for/2020/320226	Surgery	semapv:SemanticSimilarityThresholdMatching	0.780	0.6773	cosine	tamar-pairwise	Target includes transplantation
http://data.europa.eu/8mn/euroscivoc/714756a2-c536-45e1-9157-6260f038f7d2	intelligent transport systems	skos:broadMatch	https://linked.data.gov.au/def/anzsrc-for/2020/350902	Intelligent mobility	semapv:SemanticSimilarityThresholdMatching	0.840	0.7396	cosine	tamar-pairwise	Target covers source and more
http://data.europa.eu/8mn/euroscivoc/71cd7e43-dbf6-420f-8338-b444439e4e41	nutrition	skos:narrowMatch	https://linked.data.gov.au/def/anzsrc-for/2020/321004	Nutritional science	semapv:SemanticSimilarityThresholdMatching	0.880	0.7038	cosine	tamar-pairwise	Target focuses on science
http://data.europa.eu/8mn/euroscivoc/71d5af4e-15df-4c68-8e73-5ee66a929b94	edaphology	skos:broadMatch	https://linked.data.gov.au/def/anzsrc-for/2020/410602	Pedology and pedometrics	semapv:SemanticSimilarityThresholdMatching	0.750	0.7920	cosine	tamar-pairwise	Target broader than source
http://data.europa.eu/8mn/euroscivoc/71ddd635-c338-462a-808e-9b53569e4c5e	operating systems	skos:exactMatch	https://linked.data.gov.au/def/anzsrc-for/2020/460610	Operating systems	semapv:LexicalMatching	0.980	0.6851	cosine	tamar-pairwise	Equivalent operating systems concepts
http://data.europa.eu/8mn/euroscivoc/7341b8bd-fcb0-44c1-9ca9-8752b542ed59	andrology	skos:broadMatch	https://linked.data.gov.au/def/anzsrc-for/2020/321503	Reproduction	semapv:SemanticSimilarityThresholdMatching	0.710	0.6940	cosine	tamar-pairwise	covers male and female
http://data.europa.eu/8mn/euroscivoc/734e0a2e-5a5f-4bee-aff1-39389370e524	educational sciences	skos:narrowMatch	https://linked.data.gov.au/def/anzsrc-for/2020/390409	Learning sciences	semapv:SemanticSimilarityThresholdMatching	0.860	0.6701	cosine	tamar-pairwise	Learning sciences subset
http://data.europa.eu/8mn/euroscivoc/739766f0-539e-4fba-8144-9249bb38719a	nanotechnology	skos:exactMatch	https://linked.data.gov.au/def/anzsrc-for/2020/4018	Nanotechnology	semapv:LexicalMatching	0.990	0.7952	cosine	tamar-pairwise	Identical concept and hierarchy
http://data.europa.eu/8mn/euroscivoc/742439ad-5d62-4e2d-bd77-0eb7caaa75f4	medical engineering	skos:narrowMatch	https://linked.data.gov.au/def/anzsrc-for/2020/400308	Medical devices	semapv:SemanticSimilarityThresholdMatching	0.880	0.7612	cosine	tamar-pairwise	Target subset of medical engineering
http://data.europa.eu/8mn/euroscivoc/74836c15-ffba-4c45-acb1-49a8c4b14f9f	dark matter	skos:broadMatch	https://linked.data.gov.au/def/anzsrc-for/2020/510103	Cosmology and extragalactic astronomy	semapv:SemanticSimilarityThresholdMatching	0.930	0.7289	cosine	tamar-pairwise	Target covers dark matter
http://data.europa.eu/8mn/euroscivoc/749ae797-df54-47c9-9298-60812c03e3e5	reproductive biology	skos:broadMatch	https://linked.data.gov.au/def/anzsrc-for/2020/321503	Reproduction	semapv:SemanticSimilarityThresholdMatching	0.850	0.7847	cosine	tamar-pairwise	Target covers all reproduction
http://data.europa.eu/8mn/euroscivoc/74f1f6d9-2480-440a-a168-82967a9677ef	planetary sciences	skos:narrowMatch	https://linked.data.gov.au/def/anzsrc-for/2020/510905	Solar system planetary science (excl. planetary geology)	semapv:SemanticSimilarityThresholdMatching	0.860	0.6679	cosine	tamar-pairwise	Target missing planetary geology
http://data.europa.eu/8mn/euroscivoc/763cdd4c-3c18-4fa5-91be-fc6c8754d116	zoology	skos:exactMatch	https://linked.data.gov.au/def/anzsrc-for/2020/3109	Zoology	semapv:LexicalMatching	0.990	0.7326	cosine	tamar-pairwise	Identical zoology concept
http://data.europa.eu/8mn/euroscivoc/76841f1d-cc14-4032-a4cc-c634fb543541	algebraic geometry	skos:broadMatch	https://linked.data.gov.au/def/anzsrc-for/2020/490402	Algebraic and differential geometry	semapv:SemanticSimilarityThresholdMatching	0.920	0.6937	cosine	tamar-pairwise	Target includes differential geometry
http://data.europa.eu/8mn/euroscivoc/76da466d-e78f-44b0-990a-db42f87b9454	archaeology	skos:exactMatch	https://linked.data.gov.au/def/anzsrc-for/2020/4301	Archaeology	semapv:LexicalMatching	0.990			tamar-pairwise	Same archaeology concept
http://data.europa.eu/8mn/euroscivoc/77030c6f-37d5-46d0-961c-b2a053ecb8d7	law	skos:narrowMatch	https://linked.data.gov.au/def/anzsrc-for/2020/440204	Crime and social justice	semapv:SemanticSimilarityThresholdMatching	0.850	0.6912	cosine	tamar-pairwise	Only criminal justice subset
http://data.europa.eu/8mn/euroscivoc/776bf529-b4bb-458b-ad4f-50b327a822ce	environmental biotechnology	skos:exactMatch	https://linked.data.gov.au/def/anzsrc-for/2020/4103	Environmental biotechnology	semapv:LexicalMatching	0.990			tamar-pairwise	Identical concept and hierarchy
http://data.europa.eu/8mn/euroscivoc/786ff653-724c-4af7-9439-b14dd781f950	autonomous vehicles	skos:closeMatch	https://linked.data.gov.au/def/anzsrc-for/2020/400703	Autonomous vehicle systems	semapv:SemanticSimilarityThresholdMatching	0.910	0.7962	cosine	tamar-pairwise	Autonomous vehicle systems
http://data.europa.eu/8mn/euroscivoc/78983308-fa10-44fd-a6c7-c58efb27c3dd	commutative algebra	skos:broadMatch	https://linked.data.gov.au/def/anzsrc-for/2020/490401	Algebra and number theory	semapv:SemanticSimilarityThresholdMatching	0.880	0.6651	cosine	tamar-pairwise	Target includes source and beyond
http://data.europa.eu/8mn/euroscivoc/79935d19-dc93-4211-b42c-af3c4df12290	immunotherapy	skos:broadMatch	https://linked.data.gov.au/def/anzsrc-for/2020/320402	Applied immunology (incl. antibody engineering, xenotransplantation and t-cell therapies)	semapv:SemanticSimilarityThresholdMatching	0.880	0.6698	cosine	tamar-pairwise	Target covers more applications
http://data.europa.eu/8mn/euroscivoc/79c581d5-f4f7-47b5-b582-ee6e88ee1815	nursing	skos:exactMatch	https://linked.data.gov.au/def/anzsrc-for/2020/4205	Nursing	semapv:LexicalMatching	0.990			tamar-pairwise	Exact nursing concept
http://data.europa.eu/8mn/euroscivoc/7a2dcf7b-2c20-468a-a81c-76d67c14de31	humanities	skos:narrowMatch	https://linked.data.gov.au/def/anzsrc-for/2020/500205	History and philosophy of the humanities	semapv:SemanticSimilarityThresholdMatching	0.940	0.8029	cosine	tamar-pairwise	Target subset of humanities
http://data.europa.eu/8mn/euroscivoc/7a3cf568-46ba-4840-be8f-f22fc030139f	immunology	skos:exactMatch	https://linked.data.gov.au/def/anzsrc-for/2020/3204	Immunology	semapv:LexicalMatching	0.990			tamar-pairwise	Same immunology concept
http://data.europa.eu/8mn/euroscivoc/7aaec0f1-299a-4440-af7f-400f5bf6f785	biomass	skos:narrowMatch	https://linked.data.gov.au/def/anzsrc-for/2020/300405	Crop and pasture biomass and bioproducts	semapv:SemanticSimilarityThresholdMatching	0.850	0.6802	cosine	tamar-pairwise	Target subset of biomass
http://data.europa.eu/8mn/euroscivoc/7aca9814-d7a5-43b2-8521-0fa53e8bd36a	quantum chemistry	skos:narrowMatch	https://linked.data.gov.au/def/anzsrc-for/2020/340704	Theoretical quantum chemistry	semapv:SemanticSimilarityThresholdMatching	0.850	0.8306	cosine	tamar-pairwise	Source broader than target
http://data.europa.eu/8mn/euroscivoc/7b002931-b33d-4f72-87db-4ae7db02e938	bioleaching	skos:broadMatch	https://linked.data.gov.au/def/anzsrc-for/2020/401903	Hydrometallurgy	semapv:SemanticSimilarityThresholdMatching	0.880	0.7098	cosine	tamar-pairwise	Target covers broader leaching
http://data.europa.eu/8mn/euroscivoc/7b79e4a2-5d2a-453f-b277-dda80eccf0d0	control engineering	skos:exactMatch	https://linked.data.gov.au/def/anzsrc-for/2020/400705	Control engineering	semapv:LexicalMatching	0.990	0.8552	cosine	tamar-pairwise	Exact engineering discipline match
http://data.europa.eu/8mn/euroscivoc/7cd69a0c-8019-45e3-ae30-e133db6cb2ff	biocatalysis	skos:broadMatch	https://linked.data.gov.au/def/anzsrc-for/2020/310601	Biocatalysis and enzyme technology	semapv:SemanticSimilarityThresholdMatching	0.870	0.6502	cosine	tamar-pairwise	Target includes enzyme tech
http://data.europa.eu/8mn/euroscivoc/7d323c4c-2cbf-464f-ab49-3525b0d37d9b	judaism	skos:broadMatch	https://linked.data.gov.au/def/anzsrc-for/2020/500404	Jewish studies	semapv:SemanticSimilarityThresholdMatching	0.850	0.7917	cosine	tamar-pairwise	Target field includes religion
http://data.europa.eu/8mn/euroscivoc/7d9dcf33-50b7-44b8-97f1-175f63270ba5	global development studies	skos:narrowMatch	https://linked.data.gov.au/def/anzsrc-for/2020/440401	Development cooperation	semapv:SemanticSimilarityThresholdMatching	0.850	0.7236	cosine	tamar-pairwise	Target narrower than source
http://data.europa.eu/8mn/euroscivoc/7dc51b0d-9ef7-4813-97d8-eb1c5c88286c	eastern religions	skos:closeMatch	https://linked.data.gov.au/def/anzsrc-for/2020/500406	Studies in eastern religious traditions	semapv:SemanticSimilarityThresholdMatching	0.860	0.7372	cosine	tamar-pairwise	Same field Eastern religions
http://data.europa.eu/8mn/euroscivoc/7de64596-5b0d-4977-8f98-b982ff2ec17d	gynaecology	skos:broadMatch	https://linked.data.gov.au/def/anzsrc-for/2020/3215	Reproductive medicine	semapv:SemanticSimilarityThresholdMatching	0.880	0.7344	cosine	tamar-pairwise	Target covers gynaecology
http://data.europa.eu/8mn/euroscivoc/7e051231-1daa-4eb0-b042-8d49a81f8b7e	aeronautical engineering	skos:narrowMatch	https://linked.data.gov.au/def/anzsrc-for/2020/401201	Aerodynamics (excl. hypersonic aerodynamics)	semapv:SemanticSimilarityThresholdMatching	0.880	0.6898	cosine	tamar-pairwise	Target subfield of source
http://data.europa.eu/8mn/euroscivoc/7e2ed2d0-d1fe-4e92-8a75-e2363e589b89	molecular neuroscience	skos:narrowMatch	https://linked.data.gov.au/def/anzsrc-for/2020/310104	Cell neurochemistry	semapv:SemanticSimilarityThresholdMatching	0.800	0.7052	cosine	tamar-pairwise	Target inside molecular neuroscience
http://data.europa.eu/8mn/euroscivoc/7ea71f6f-fc2d-4dcc-a1a3-5b324895dcc7	dramaturgy	skos:broadMatch	https://linked.data.gov.au/def/anzsrc-for/2020/360403	Drama, theatre and performance studies	semapv:SemanticSimilarityThresholdMatching	0.920	0.7660	cosine	tamar-pairwise	Target heading broader than dramaturgy
http://data.europa.eu/8mn/euroscivoc/7fd58960-5853-409b-bb50-fa1654f7bc3c	RNA	skos:broadMatch	https://linked.data.gov.au/def/anzsrc-for/2020/310204	Genomics and transcriptomics	semapv:SemanticSimilarityThresholdMatching	0.750	0.7540	cosine	tamar-pairwise	covers genomics too
http://data.europa.eu/8mn/euroscivoc/803cff73-504b-41ae-9873-1836c76c15d1	biological sciences	skos:exactMatch	https://linked.data.gov.au/def/anzsrc-for/2020/31	BIOLOGICAL SCIENCES	semapv:LexicalMatching	0.990	0.7960	cosine	tamar-pairwise	Equivalent biological sciences division
http://data.europa.eu/8mn/euroscivoc/8053ae82-f945-405e-948b-6c4f09348722	waste treatment processes	skos:broadMatch	https://linked.data.gov.au/def/anzsrc-for/2020/401106	Waste management, reduction, reuse and recycling	semapv:SemanticSimilarityThresholdMatching	0.780	0.6953	cosine	tamar-pairwise	Target covers more fields
http://data.europa.eu/8mn/euroscivoc/80742b2c-612e-4f18-a2e8-83bcdaa32ab2	agronomy	skos:exactMatch	https://linked.data.gov.au/def/anzsrc-for/2020/300403	Agronomy	semapv:LexicalMatching	0.990	0.7866	cosine	tamar-pairwise	Identical agronomy concept
http://data.europa.eu/8mn/euroscivoc/80ac9c16-fb4f-4fb0-a9b8-af068f3e0e3f	nano-processes	skos:closeMatch	https://linked.data.gov.au/def/anzsrc-for/2020/401805	Nanofabrication, growth and self assembly	semapv:SemanticSimilarityThresholdMatching	0.860	0.7398	cosine	tamar-pairwise	Overlapping nanoprocess categories
http://data.europa.eu/8mn/euroscivoc/814febcf-c079-4a9a-a15d-6fa689bc46f7	modern philosophy	skos:narrowMatch	https://linked.data.gov.au/def/anzsrc-for/2020/500310	Phenomenology	semapv:SemanticSimilarityThresholdMatching	0.850	0.6516	cosine	tamar-pairwise	Source includes Phenomenology
http://data.europa.eu/8mn/euroscivoc/8190a2e4-d944-4a7e-bb2f-adb488442622	dietetics	skos:narrowMatch	https://linked.data.gov.au/def/anzsrc-for/2020/321001	Clinical nutrition	semapv:SemanticSimilarityThresholdMatching	0.780	0.7481	cosine	tamar-pairwise	Target sits inside dietetics
http://data.europa.eu/8mn/euroscivoc/81f1f477-aa96-427a-adf9-7742a429899a	ecosystems	skos:narrowMatch	https://linked.data.gov.au/def/anzsrc-for/2020/410203	Ecosystem function	semapv:SemanticSimilarityThresholdMatching	0.780	0.6611	cosine	tamar-pairwise	Target covers only functions
http://data.europa.eu/8mn/euroscivoc/8239a8d6-6ec9-416a-84ee-d1e55a0c194e	game theory	skos:broadMatch	https://linked.data.gov.au/def/anzsrc-for/2020/490108	Operations research	semapv:SemanticSimilarityThresholdMatching	0.800	0.7516	cosine	tamar-pairwise	Target covers more methods
http://data.europa.eu/8mn/euroscivoc/823fc6a3-11f6-4d98-a220-0ea8db1ea48d	ocean engineering	skos:exactMatch	https://linked.data.gov.au/def/anzsrc-for/2020/401503	Ocean engineering	semapv:LexicalMatching	0.990	0.7468	cosine	tamar-pairwise	Same ocean engineering concept
http://data.europa.eu/8mn/euroscivoc/828fbc8f-af57-4946-a4bd-219cc9ea615d	space exploration	skos:narrowMatch	https://linked.data.gov.au/def/anzsrc-for/2020/510901	Astrodynamics and space situational awareness	semapv:SemanticSimilarityThresholdMatching	0.800	0.7145	cosine	tamar-pairwise	Source covers more fields
http://data.europa.eu/8mn/euroscivoc/82f334ac-32da-4b4b-a80c-8e1da60aba9b	plate tectonics	skos:broadMatch	https://linked.data.gov.au/def/anzsrc-for/2020/370604	Geodynamics	semapv:SemanticSimilarityThresholdMatching	0.880	0.6779	cosine	tamar-pairwise	Geodynamics includes plate tectonics
http://data.europa.eu/8mn/euroscivoc/837b7606-3ce0-492b-95e5-926e4881ae40	animal feed	skos:broadMatch	https://linked.data.gov.au/def/anzsrc-for/2020/300303	Animal nutrition	semapv:SemanticSimilarityThresholdMatching	0.900	0.7111	cosine	tamar-pairwise	Animal nutrition includes feed
http://data.europa.eu/8mn/euroscivoc/839b7158-09d9-4799-aacc-bb07d00c1668	sociology	skos:exactMatch	https://linked.data.gov.au/def/anzsrc-for/2020/4410	Sociology	semapv:LexicalMatching	0.990			tamar-pairwise	Exact disciplinary concept
http://data.europa.eu/8mn/euroscivoc/83e22162-07bd-48eb-a6ae-d003d6910aff	psychotherapy	skos:narrowMatch	https://linked.data.gov.au/def/anzsrc-for/2020/520303	Counselling psychology	semapv:SemanticSimilarityThresholdMatching	0.790	0.6762	cosine	tamar-pairwise	Target subset of psychotherapy
http://data.europa.eu/8mn/euroscivoc/84a41eb4-356e-40a4-bc70-216beaf3d33d	geophysics	skos:exactMatch	https://linked.data.gov.au/def/anzsrc-for/2020/3706	Geophysics	semapv:LexicalMatching	0.990			tamar-pairwise	Same concept and scope
http://data.europa.eu/8mn/euroscivoc/857b60d8-4b5a-41ef-9bd8-9c1e62815ab3	biofuels	skos:narrowMatch	https://linked.data.gov.au/def/anzsrc-for/2020/300705	Forestry biomass and bioproducts	semapv:SemanticSimilarityThresholdMatching	0.730	0.6687	cosine	tamar-pairwise	Target subset of source
http://data.europa.eu/8mn/euroscivoc/85d38bff-6c87-4717-81d9-f249ee6a7f64	cognitive psychology	skos:broadMatch	https://linked.data.gov.au/def/anzsrc-for/2020/5204	Cognitive and computational psychology	semapv:SemanticSimilarityThresholdMatching	0.860	0.6676	cosine	tamar-pairwise	Target includes computation
http://data.europa.eu/8mn/euroscivoc/8614801c-e2ae-4e99-93b0-cfecb09c4f35	social geography	skos:exactMatch	https://linked.data.gov.au/def/anzsrc-for/2020/440610	Social geography	semapv:LexicalMatching	0.990	0.7315	cosine	tamar-pairwise	Exact label and equivalent concept
http://data.europa.eu/8mn/euroscivoc/86246709-0490-46c0-99f6-4afe7d8b461d	entomology	skos:broadMatch	https://linked.data.gov.au/def/anzsrc-for/2020/310913	Invertebrate biology	semapv:SemanticSimilarityThresholdMatching	0.930	0.7166	cosine	tamar-pairwise	Target broader than entomology
http://data.europa.eu/8mn/euroscivoc/8641f278-288c-4f41-981a-6b2aa305fef1	gravitational waves	skos:broadMatch	https://linked.data.gov.au/def/anzsrc-for/2020/510105	General relativity and gravitational waves	semapv:SemanticSimilarityThresholdMatching	0.940	0.7675	cosine	tamar-pairwise	Target adds General Relativity
http://data.europa.eu/8mn/euroscivoc/866c484a-44d8-4fde-b54f-3b1d9f8ca612	philosophy, ethics and religion	skos:closeMatch	https://linked.data.gov.au/def/anzsrc-for/2020/50	PHILOSOPHY AND RELIGIOUS STUDIES	semapv:SemanticSimilarityThresholdMatching	0.940	0.7142	cosine	tamar-pairwise	Equivalent philosophy-religion domain
http://data.europa.eu/8mn/euroscivoc/89254312-aa1d-4215-9c20-f7ae4f9936f5	homeostasis	skos:broadMatch	https://linked.data.gov.au/def/anzsrc-for/2020/320803	Systems physiology	semapv:SemanticSimilarityThresholdMatching	0.700	0.8070	cosine	tamar-pairwise	Target covers homeostasis
http://data.europa.eu/8mn/euroscivoc/8a35026c-af71-4e24-8d3b-688d2365635c	biomass energy	skos:relatedMatch	https://linked.data.gov.au/def/anzsrc-for/2020/300405	Crop and pasture biomass and bioproducts	semapv:SemanticSimilarityThresholdMatching	0.600	0.6599	cosine	tamar-pairwise	Overlap on biomass focus
http://data.europa.eu/8mn/euroscivoc/8a64da82-b46e-4940-b896-bfc79ad3f6f8	palaeontology	skos:closeMatch	https://linked.data.gov.au/def/anzsrc-for/2020/370506	Palaeontology (incl. palynology)	semapv:SemanticSimilarityThresholdMatching	0.980	0.7540	cosine	tamar-pairwise	Palaeontology including palynology
http://data.europa.eu/8mn/euroscivoc/8a8f7c98-1ab7-4280-b763-b87de70cea7c	nanomedicine	skos:exactMatch	https://linked.data.gov.au/def/anzsrc-for/2020/320604	Nanomedicine	semapv:LexicalMatching	0.990	0.8257	cosine	tamar-pairwise	Same concept and hierarchy
http://data.europa.eu/8mn/euroscivoc/8aa08c31-d3ac-401e-939d-65876f7b9b08	fluid dynamics	skos:narrowMatch	https://linked.data.gov.au/def/anzsrc-for/2020/401207	Fundamental and theoretical fluid dynamics	semapv:SemanticSimilarityThresholdMatching	0.900	0.7124	cosine	tamar-pairwise	Target covers theory only
http://data.europa.eu/8mn/euroscivoc/8b521d68-67a3-484e-b8da-4bdf10504177	petrography	skos:narrowMatch	https://linked.data.gov.au/def/anzsrc-for/2020/370503	Igneous and metamorphic petrology	semapv:SemanticSimilarityThresholdMatching	0.710	0.7093	cosine	tamar-pairwise	Target subset of petrography
http://data.europa.eu/8mn/euroscivoc/8cf6591b-082a-4b5d-9178-912736414c80	network security	skos:broadMatch	https://linked.data.gov.au/def/anzsrc-for/2020/460407	System and network security	semapv:SemanticSimilarityThresholdMatching	0.880	0.7478	cosine	tamar-pairwise	Includes system security
http://data.europa.eu/8mn/euroscivoc/8d3657d8-563a-47fb-a5c2-5592b08365b5	media and communications	skos:narrowMatch	https://linked.data.gov.au/def/anzsrc-for/2020/470101	Communication studies	semapv:SemanticSimilarityThresholdMatching	0.780	0.7077	cosine	tamar-pairwise	Target subset of source
http://data.europa.eu/8mn/euroscivoc/8d4d41ab-8df4-472d-a11c-d1c4f76cf7c1	exposomes	skos:broadMatch	https://linked.data.gov.au/def/anzsrc-for/2020/420203	Environmental epidemiology	semapv:SemanticSimilarityThresholdMatching	0.930	0.7330	cosine	tamar-pairwise	Target covers exposomes
http://data.europa.eu/8mn/euroscivoc/8d83b645-355f-4cf1-abf3-ce4cd3172c34	radio frequency	skos:narrowMatch	https://linked.data.gov.au/def/anzsrc-for/2020/400913	Radio frequency engineering	semapv:SemanticSimilarityThresholdMatching	0.860	0.7208	cosine	tamar-pairwise	Target is subfield of source
http://data.europa.eu/8mn/euroscivoc/8d8401ba-b60d-45b0-b5b8-aa9ac816df6a	land-based treatment	skos:narrowMatch	https://linked.data.gov.au/def/anzsrc-for/2020/410601	Land capability and soil productivity	semapv:SemanticSimilarityThresholdMatching	0.780	0.6770	cosine	tamar-pairwise	Target narrower than source
http://data.europa.eu/8mn/euroscivoc/8de72c5d-c07e-4665-9d31-5aa4e1aa44f8	tribology	skos:exactMatch	https://linked.data.gov.au/def/anzsrc-for/2020/401708	Tribology	semapv:LexicalMatching	0.990	0.8188	cosine	tamar-pairwise	Identical concept and hierarchy
http://data.europa.eu/8mn/euroscivoc/8e10be55-2f93-43b7-8e09-9f0dec37591c	swarm robotics	skos:broadMatch	https://linked.data.gov.au/def/anzsrc-for/2020/460205	Intelligent robotics	semapv:SemanticSimilarityThresholdMatching	0.750	0.6991	cosine	tamar-pairwise	Target covers swarm robotics
http://data.europa.eu/8mn/euroscivoc/8e2d297f-5880-4d7a-969d-79026aa0779c	medical genetics	skos:narrowMatch	https://linked.data.gov.au/def/anzsrc-for/2020/320213	Medical genetics (excl. cancer genetics)	semapv:SemanticSimilarityThresholdMatching	0.940	0.8418	cosine	tamar-pairwise	Source includes cancer genetics
http://data.europa.eu/8mn/euroscivoc/8e469a25-b5fd-4bf3-8cc1-d14800e650e0	environmental sciences	skos:exactMatch	https://linked.data.gov.au/def/anzsrc-for/2020/41	ENVIRONMENTAL SCIENCES	semapv:LexicalMatching	0.990	0.6884	cosine	tamar-pairwise	Same environmental sciences division
http://data.europa.eu/8mn/euroscivoc/8e50b858-218b-4bee-afd8-cf24ff4ca366	mycobiomes	skos:broadMatch	https://linked.data.gov.au/def/anzsrc-for/2020/310703	Microbial ecology	semapv:SemanticSimilarityThresholdMatching	0.850	0.6868	cosine	tamar-pairwise	Covers all microbial communities
http://data.europa.eu/8mn/euroscivoc/8e55d01a-cb14-47ae-ac44-4522adf47258	literary theory	skos:exactMatch	https://linked.data.gov.au/def/anzsrc-for/2020/470514	Literary theory	semapv:LexicalMatching	0.990	0.8388	cosine	tamar-pairwise	Identical literary theory concept
http://data.europa.eu/8mn/euroscivoc/8e811b59-5880-4418-91f3-e85ebed90a3e	home automation	skos:broadMatch	https://linked.data.gov.au/def/anzsrc-for/2020/330201	Automation and technology in building and construction	semapv:SemanticSimilarityThresholdMatching	0.900	0.6761	cosine	tamar-pairwise	Covers building automation
http://data.europa.eu/8mn/euroscivoc/8e8a7336-2c9b-4375-b8f6-171576f2dc06	access control	skos:broadMatch	https://linked.data.gov.au/def/anzsrc-for/2020/460407	System and network security	semapv:SemanticSimilarityThresholdMatching	0.800	0.6859	cosine	tamar-pairwise	Target broader than source
http://data.europa.eu/8mn/euroscivoc/8f5a6a53-4d7c-471d-8af2-3f4b57e4655e	natural resources management	skos:exactMatch	https://linked.data.gov.au/def/anzsrc-for/2020/410406	Natural resource management	semapv:LexicalMatching	0.980	0.8315	cosine	tamar-pairwise	Exact natural resource management
http://data.europa.eu/8mn/euroscivoc/8f88c01b-6255-42c7-af87-1dda2ae9af1a	information engineering	skos:narrowMatch	https://linked.data.gov.au/def/anzsrc-for/2020/400604	Network engineering	semapv:SemanticSimilarityThresholdMatching	0.800	0.7619	cosine	tamar-pairwise	Source broader than target
http://data.europa.eu/8mn/euroscivoc/90308d03-64b1-42e3-867b-db8a5024bdb7	wastewater treatment processes	skos:exactMatch	https://linked.data.gov.au/def/anzsrc-for/2020/400410	Wastewater treatment processes	semapv:LexicalMatching	0.990	0.7620	cosine	tamar-pairwise	Exact concept label
http://data.europa.eu/8mn/euroscivoc/91dbf78e-ec96-4fc8-9ba3-706d26b85a15	agriculture	skos:narrowMatch	https://linked.data.gov.au/def/anzsrc-for/2020/300403	Agronomy	semapv:SemanticSimilarityThresholdMatching	0.920	0.7278	cosine	tamar-pairwise	Agronomy inside agriculture
http://data.europa.eu/8mn/euroscivoc/9239f328-78c9-40a5-a0b9-8e66fd9b6245	hematology	skos:exactMatch	https://linked.data.gov.au/def/anzsrc-for/2020/320102	Haematology	semapv:LexicalMatching	0.970	0.6676	cosine	tamar-pairwise	Same medical discipline
http://data.europa.eu/8mn/euroscivoc/927ac971-50a5-462b-8857-8b6aa708c917	computational neuroscience	skos:closeMatch	https://linked.data.gov.au/def/anzsrc-for/2020/320904	Computational neuroscience (incl. mathematical neuroscience and theoretical neuroscience)	semapv:SemanticSimilarityThresholdMatching	0.990	0.8928	cosine	tamar-pairwise	Exact computational neuroscience concept
http://data.europa.eu/8mn/euroscivoc/9285d0c4-93e0-4cd7-bc24-4cb0b0b9a06e	speech-language pathology	skos:closeMatch	https://linked.data.gov.au/def/anzsrc-for/2020/420110	Speech pathology	semapv:SemanticSimilarityThresholdMatching	0.970	0.7180	cosine	tamar-pairwise	Equivalent professional discipline
http://data.europa.eu/8mn/euroscivoc/93205ae1-235c-4259-a94d-ca9453a2ce17	botany	skos:narrowMatch	https://linked.data.gov.au/def/anzsrc-for/2020/310806	Plant physiology	semapv:SemanticSimilarityThresholdMatching	0.900	0.6803	cosine	tamar-pairwise	Physiology within botany
http://data.europa.eu/8mn/euroscivoc/944b6ec9-f4b6-4261-b6a5-cbbaf96a19d7	phonetics	skos:broadMatch	https://linked.data.gov.au/def/anzsrc-for/2020/470410	Phonetics and speech science	semapv:SemanticSimilarityThresholdMatching	0.920	0.7044	cosine	tamar-pairwise	Target includes phonetics
http://data.europa.eu/8mn/euroscivoc/946d8857-22c1-4073-af96-a721c13878fd	biosensing	skos:broadMatch	https://linked.data.gov.au/def/anzsrc-for/2020/410304	Environmental biotechnology diagnostics (incl. biosensors)	semapv:SemanticSimilarityThresholdMatching	0.900	0.8459	cosine	tamar-pairwise	Target includes other diagnostics
http://data.europa.eu/8mn/euroscivoc/950b88c1-e09c-4b5d-92e0-d84433dd6025	sea vessels	skos:narrowMatch	https://linked.data.gov.au/def/anzsrc-for/2020/401502	Naval architecture	semapv:SemanticSimilarityThresholdMatching	0.780	0.7722	cosine	tamar-pairwise	Design field subset vessels
http://data.europa.eu/8mn/euroscivoc/950e524e-2e57-4026-9624-0f308a042961	amorphous solids	skos:narrowMatch	https://linked.data.gov.au/def/anzsrc-for/2020/401606	Glass	semapv:LexicalMatching	0.940			tamar-pairwise	Glass subset of amorphous solids
http://data.europa.eu/8mn/euroscivoc/9523c8f0-e142-40fe-9ced-571469d279ae	popular music studies	skos:broadMatch	https://linked.data.gov.au/def/anzsrc-for/2020/360306	Musicology and ethnomusicology	semapv:SemanticSimilarityThresholdMatching	0.900	0.6800	cosine	tamar-pairwise	Target heading broader than source
http://data.europa.eu/8mn/euroscivoc/969ab3ad-46f6-4637-a09b-92670ed60152	geotechnics	skos:narrowMatch	https://linked.data.gov.au/def/anzsrc-for/2020/401902	Geomechanics and resources geotechnical engineering	semapv:SemanticSimilarityThresholdMatching	0.880	0.7435	cosine	tamar-pairwise	Target subset of geotechnics
http://data.europa.eu/8mn/euroscivoc/96a1cc90-1742-4ae9-ab8e-346215b99e4d	ancient history	skos:narrowMatch	https://linked.data.gov.au/def/anzsrc-for/2020/430305	Classical Greek and Roman history	semapv:SemanticSimilarityThresholdMatching	0.920	0.7456	cosine	tamar-pairwise	Source spans many ancient cultures
http://data.europa.eu/8mn/euroscivoc/96c3e7e8-7584-4f61-a90d-39652b83f41e	applied mathematics	skos:exactMatch	https://linked.data.gov.au/def/anzsrc-for/2020/4901	Applied mathematics	semapv:LexicalMatching	0.990	0.7925	cosine	tamar-pairwise	Identical concept and definition
http://data.europa.eu/8mn/euroscivoc/97337473-372b-4662-9d60-a25384e348d6	paleoecology	skos:exactMatch	https://linked.data.gov.au/def/anzsrc-for/2020/310306	Palaeoecology	semapv:LexicalMatching	0.980	0.7987	cosine	tamar-pairwise	Exact palaeoecology category
http://data.europa.eu/8mn/euroscivoc/97641f33-3eb3-42c3-b407-62bf12ea435c	pulsed lasers	skos:broadMatch	https://linked.data.gov.au/def/anzsrc-for/2020/510202	Lasers and quantum electronics	semapv:SemanticSimilarityThresholdMatching	0.900	0.6826	cosine	tamar-pairwise	Target includes pulsed lasers
http://data.europa.eu/8mn/euroscivoc/97f141ac-4dce-4acc-87dc-77eb18e4beb9	cryptography	skos:exactMatch	https://linked.data.gov.au/def/anzsrc-for/2020/460401	Cryptography	semapv:LexicalMatching	0.990	0.8177	cosine	tamar-pairwise	Identical cryptography concept
http://data.europa.eu/8mn/euroscivoc/981841ac-a1e0-494f-b14e-2fbdf5db764a	transport planning	skos:exactMatch	https://linked.data.gov.au/def/anzsrc-for/2020/330409	Transport planning	semapv:LexicalMatching	0.960	0.7001	cosine	tamar-pairwise	Same transport planning concept
http://data.europa.eu/8mn/euroscivoc/9894fffd-0c69-4cf6-a641-773609c23acd	pandemics	skos:broadMatch	https://linked.data.gov.au/def/anzsrc-for/2020/420202	Disease surveillance	semapv:SemanticSimilarityThresholdMatching	0.780	0.7237	cosine	tamar-pairwise	Surveillance includes pandemics
http://data.europa.eu/8mn/euroscivoc/989f7a0a-1ab0-4896-b0e1-338eb7b25f9b	ideologies	skos:broadMatch	https://linked.data.gov.au/def/anzsrc-for/2020/441005	Social theory	semapv:SemanticSimilarityThresholdMatching	0.800	0.7226	cosine	tamar-pairwise	Social theory encompasses ideologies
http://data.europa.eu/8mn/euroscivoc/995f4448-d135-4ba0-925f-e7afa18a0d0e	data processing	skos:broadMatch	https://linked.data.gov.au/def/anzsrc-for/2020/460501	Data engineering and data science	semapv:SemanticSimilarityThresholdMatching	0.780	0.7316	cosine	tamar-pairwise	Target covers processing and beyond
http://data.europa.eu/8mn/euroscivoc/996cbe8a-bba0-42a1-8f91-6ee04f30f5cc	mesoscopic physics	skos:narrowMatch	https://linked.data.gov.au/def/anzsrc-for/2020/510404	Electronic and magnetic properties of condensed matter; superconductivity	semapv:SemanticSimilarityThresholdMatching	0.680	0.6943	cosine	tamar-pairwise	Target narrower subset
http://data.europa.eu/8mn/euroscivoc/99e6da50-737b-41fa-9ad3-50f4152e79f6	health care services	skos:broadMatch	https://linked.data.gov.au/def/anzsrc-for/2020/420311	Health systems	semapv:SemanticSimilarityThresholdMatching	0.750	0.7256	cosine	tamar-pairwise	Target covers services and infrastructure
http://data.europa.eu/8mn/euroscivoc/99f792a4-fb82-4f84-98df-ff76d9f98f0e	discrete mathematics	skos:closeMatch	https://linked.data.gov.au/def/anzsrc-for/2020/490404	Combinatorics and discrete mathematics (excl. physical combinatorics)	semapv:SemanticSimilarityThresholdMatching	0.900	0.7255	cosine	tamar-pairwise	Same scope incl. combinatorics
http://data.europa.eu/8mn/euroscivoc/9a10dcd1-7374-4c9d-ae6b-58514fb4d9bf	comets	skos:broadMatch	https://linked.data.gov.au/def/anzsrc-for/2020/510905	Solar system planetary science (excl. planetary geology)	semapv:SemanticSimilarityThresholdMatching	0.920	0.6526	cosine	tamar-pairwise	Target covers comets
http://data.europa.eu/8mn/euroscivoc/9b1ede6e-993a-494b-a695-155ae8a40ad5	childbirth	skos:narrowMatch	https://linked.data.gov.au/def/anzsrc-for/2020/420403	Psychosocial aspects of childbirth and perinatal mental health	semapv:SemanticSimilarityThresholdMatching	0.900	0.6585	cosine	tamar-pairwise	Source broader than target
http://data.europa.eu/8mn/euroscivoc/9b9abbee-82f5-4766-bd4d-feb73cf06573	agricultural sciences	skos:broadMatch	https://linked.data.gov.au/def/anzsrc-for/2020/30	AGRICULTURAL, VETERINARY AND FOOD SCIENCES	semapv:SemanticSimilarityThresholdMatching	0.920	0.8785	cosine	tamar-pairwise	Adds food sciences
http://data.europa.eu/8mn/euroscivoc/9bda1c22-12be-4dbc-a02f-5f6a052488dd	automation	skos:narrowMatch	https://linked.data.gov.au/def/anzsrc-for/2020/400702	Automation engineering	semapv:SemanticSimilarityThresholdMatching	0.780	0.7522	cosine	tamar-pairwise	Target focuses engineering subset
http://data.europa.eu/8mn/euroscivoc/9bee140a-a951-4706-a5d2-d2a0822e10a1	arithmetics	skos:broadMatch	https://linked.data.gov.au/def/anzsrc-for/2020/490401	Algebra and number theory	semapv:SemanticSimilarityThresholdMatching	0.920	0.7150	cosine	tamar-pairwise	Target includes extra algebra
http://data.europa.eu/8mn/euroscivoc/9c1581ad-e871-4ab8-ac20-da03fa03d202	public policies	skos:exactMatch	https://linked.data.gov.au/def/anzsrc-for/2020/440709	Public policy	semapv:LexicalMatching	0.970	0.7679	cosine	tamar-pairwise	Equivalent policy concept
http://data.europa.eu/8mn/euroscivoc/9c3a57c5-68bd-4ee7-a9cc-aa8ba07bde94	otorhinolaryngology	skos:exactMatch	https://linked.data.gov.au/def/anzsrc-for/2020/320217	Otorhinolaryngology	semapv:LexicalMatching	0.990	0.7386	cosine	tamar-pairwise	Exact discipline label
http://data.europa.eu/8mn/euroscivoc/9c45a69b-705d-491a-80db-45a0a0c2bc20	macroeconomics	skos:closeMatch	https://linked.data.gov.au/def/anzsrc-for/2020/380112	Macroeconomics (incl. monetary and fiscal theory)	semapv:SemanticSimilarityThresholdMatching	0.990	0.7492	cosine	tamar-pairwise	Explicit macroeconomics match
http://data.europa.eu/8mn/euroscivoc/9c69afe0-f2e5-4ac8-9aba-590b0e1387f7	microeconomics	skos:narrowMatch	https://linked.data.gov.au/def/anzsrc-for/2020/380304	Microeconomic theory	semapv:SemanticSimilarityThresholdMatching	0.920	0.6971	cosine	tamar-pairwise	Theory subset of microeconomics
http://data.europa.eu/8mn/euroscivoc/9cfaafe4-7fee-41fc-ba8d-cf23a2a176e6	biophysics	skos:closeMatch	https://linked.data.gov.au/def/anzsrc-for/2020/510501	Biological physics	semapv:SemanticSimilarityThresholdMatching	0.930	0.6946	cosine	tamar-pairwise	Biological physics synonym
http://data.europa.eu/8mn/euroscivoc/9d9b93f7-14ac-44fd-9fbd-d15dff2768ed	statistical mechanics	skos:broadMatch	https://linked.data.gov.au/def/anzsrc-for/2020/510304	Thermodynamics and statistical physics	semapv:SemanticSimilarityThresholdMatching	0.920	0.7413	cosine	tamar-pairwise	Target covers thermodynamics too
http://data.europa.eu/8mn/euroscivoc/9d9d0dd9-5fe1-4c9b-bef2-e93184ead881	statistics and probability	skos:narrowMatch	https://linked.data.gov.au/def/anzsrc-for/2020/490510	Stochastic analysis and modelling	semapv:SemanticSimilarityThresholdMatching	0.850	0.7431	cosine	tamar-pairwise	Target subset of source
http://data.europa.eu/8mn/euroscivoc/9db99312-b7aa-4a85-ba0e-b2dd05135539	polymer sciences	skos:broadMatch	https://linked.data.gov.au/def/anzsrc-for/2020/3403	Macromolecular and materials chemistry	semapv:SemanticSimilarityThresholdMatching	0.880	0.7152	cosine	tamar-pairwise	Target includes polymer sciences
http://data.europa.eu/8mn/euroscivoc/9de072f5-bfd6-488a-a281-c146729b9c84	video games	skos:broadMatch	https://linked.data.gov.au/def/anzsrc-for/2020/360502	Computer gaming and animation	semapv:SemanticSimilarityThresholdMatching	0.850	0.7148	cosine	tamar-pairwise	Target includes animation
http://data.europa.eu/8mn/euroscivoc/9e04f941-5c16-4aef-ae26-8f1db53f40eb	malicious software	skos:broadMatch	https://linked.data.gov.au/def/anzsrc-for/2020/460406	Software and application security	semapv:SemanticSimilarityThresholdMatching	0.810	0.6795	cosine	tamar-pairwise	Target heading covers both
http://data.europa.eu/8mn/euroscivoc/9e3cada3-2cd1-4c90-b8c2-0cb98a892a97	epigenetics	skos:closeMatch	https://linked.data.gov.au/def/anzsrc-for/2020/310504	Epigenetics (incl. genome methylation and epigenomics)	semapv:SemanticSimilarityThresholdMatching	0.990	0.7977	cosine	tamar-pairwise	Exact epigenetics definition
http://data.europa.eu/8mn/euroscivoc/9e5be1eb-bf25-4136-a4e5-2c68aa7cd80a	organometallic chemistry	skos:exactMatch	https://linked.data.gov.au/def/anzsrc-for/2020/340209	Organometallic chemistry	semapv:LexicalMatching	0.990	0.8524	cosine	tamar-pairwise	Identical chemistry concept
http://data.europa.eu/8mn/euroscivoc/9e8e1abb-1a14-40ef-9658-782092fa5cf6	medical and health sciences	skos:narrowMatch	https://linked.data.gov.au/def/anzsrc-for/2020/3299	Other biomedical and clinical sciences	semapv:SemanticSimilarityThresholdMatching	0.850	0.7553	cosine	tamar-pairwise	Target narrower subset
http://data.europa.eu/8mn/euroscivoc/9f06ae95-d41a-4621-9152-8a6e1eb46334	art history	skos:exactMatch	https://linked.data.gov.au/def/anzsrc-for/2020/360102	Art history	semapv:LexicalMatching	0.990			tamar-pairwise	Identical art history concept
http://data.europa.eu/8mn/euroscivoc/9f2d4860-d6ab-446c-bad7-a6e7e4801cf1	nano-materials	skos:closeMatch	https://linked.data.gov.au/def/anzsrc-for/2020/401807	Nanomaterials	semapv:SemanticSimilarityThresholdMatching	0.990	0.7574	cosine	tamar-pairwise	Equivalent nanomaterials concepts
http://data.europa.eu/8mn/euroscivoc/9f98f6c1-5e95-4a12-83b5-20d05899af2f	epidemics prevention	skos:narrowMatch	https://linked.data.gov.au/def/anzsrc-for/2020/420202	Disease surveillance	semapv:SemanticSimilarityThresholdMatching	0.750	0.7464	cosine	tamar-pairwise	Target inside source
http://data.europa.eu/8mn/euroscivoc/a010f01c-4bd9-4bca-b568-0c1357034db9	numerical analysis	skos:exactMatch	https://linked.data.gov.au/def/anzsrc-for/2020/490302	Numerical analysis	semapv:LexicalMatching	0.990	0.8789	cosine	tamar-pairwise	Exact concept and domain
http://data.europa.eu/8mn/euroscivoc/a15ee526-3068-4a63-a064-eced44be0dc8	epistemology	skos:exactMatch	https://linked.data.gov.au/def/anzsrc-for/2020/500305	Epistemology	semapv:LexicalMatching	0.990	0.8672	cosine	tamar-pairwise	Same philosophical discipline
http://data.europa.eu/8mn/euroscivoc/a1a79293-1df8-43c9-af05-ed63bdfda720	cartography	skos:closeMatch	https://linked.data.gov.au/def/anzsrc-for/2020/401301	Cartography and digital mapping	semapv:SemanticSimilarityThresholdMatching	0.960	0.7993	cosine	tamar-pairwise	Cartography and digital mapping
http://data.europa.eu/8mn/euroscivoc/a2f16477-c745-46f0-b832-586b1c0e468b	physiology	skos:narrowMatch	https://linked.data.gov.au/def/anzsrc-for/2020/320801	Cell physiology	semapv:SemanticSimilarityThresholdMatching	0.850	0.6674	cosine	tamar-pairwise	Physiology includes more than cells
http://data.europa.eu/8mn/euroscivoc/a3229292-9723-4148-802c-478f0bce0b06	philosophy of language	skos:exactMatch	https://linked.data.gov.au/def/anzsrc-for/2020/500314	Philosophy of language	semapv:LexicalMatching	0.990	0.8333	cosine	tamar-pairwise	Identical concept and hierarchy
http://data.europa.eu/8mn/euroscivoc/a33bb877-2385-45b7-bcd3-e83d372448fb	transfer learning	skos:closeMatch	https://linked.data.gov.au/def/anzsrc-for/2020/461102	Context learning	semapv:SemanticSimilarityThresholdMatching	0.720	0.7747	cosine	tamar-pairwise	Related learning paradigms
http://data.europa.eu/8mn/euroscivoc/a348fcd2-3bdd-46f9-aa2c-a91301f1e12e	clinical medicine	skos:closeMatch	https://linked.data.gov.au/def/anzsrc-for/2020/3202	Clinical sciences	semapv:SemanticSimilarityThresholdMatching	0.860	0.8312	cosine	tamar-pairwise	Overlapping clinical medicine scope
http://data.europa.eu/8mn/euroscivoc/a357cf4d-48e6-4d5d-b8bf-3e39cbbbe713	other medical sciences	skos:narrowMatch	https://linked.data.gov.au/def/anzsrc-for/2020/500203	History and philosophy of medicine	semapv:SemanticSimilarityThresholdMatching	0.900	0.7432	cosine	tamar-pairwise	Source broader than target
http://data.europa.eu/8mn/euroscivoc/a37029a2-f8ab-4d2a-a121-0f4a3f3a9ce6	employment	skos:narrowMatch	https://linked.data.gov.au/def/anzsrc-for/2020/380111	Labour economics	semapv:LexicalMatching	0.850	0.7290	cosine	tamar-pairwise	Source covers more fields
http://data.europa.eu/8mn/euroscivoc/a3898340-a42d-4f5e-a822-1de204a9a867	gastroenterology	skos:broadMatch	https://linked.data.gov.au/def/anzsrc-for/2020/320209	Gastroenterology and hepatology	semapv:SemanticSimilarityThresholdMatching	0.920	0.6602	cosine	tamar-pairwise	Target adds hepatology
http://data.europa.eu/8mn/euroscivoc/a4be32e3-ea22-449c-8a8f-60138c997798	active learning	skos:broadMatch	https://linked.data.gov.au/def/anzsrc-for/2020/390409	Learning sciences	semapv:SemanticSimilarityThresholdMatching	0.720	0.6935	cosine	tamar-pairwise	Target covers active learning
http://data.europa.eu/8mn/euroscivoc/a52ebc52-96e4-473c-9856-c510be5e797f	motion analysis	skos:broadMatch	https://linked.data.gov.au/def/anzsrc-for/2020/460309	Video processing	semapv:SemanticSimilarityThresholdMatching	0.850	0.6784	cosine	tamar-pairwise	Target covers more than source
http://data.europa.eu/8mn/euroscivoc/a5377468-cbc4-4a5a-952e-c926524bf498	metaphysics	skos:exactMatch	https://linked.data.gov.au/def/anzsrc-for/2020/500309	Metaphysics	semapv:LexicalMatching	0.990	0.7603	cosine	tamar-pairwise	Same philosophical discipline
http://data.europa.eu/8mn/euroscivoc/a55114ca-1ad7-4c52-a261-d753fbeb3529	arts	skos:closeMatch	https://linked.data.gov.au/def/anzsrc-for/2020/36	CREATIVE ARTS AND WRITING	semapv:SemanticSimilarityThresholdMatching	0.880	0.6806	cosine	tamar-pairwise	Overlapping creative arts division
http://data.europa.eu/8mn/euroscivoc/a5553f24-f643-4dea-99b3-e1a6e8a869ff	partial differential equations	skos:exactMatch	https://linked.data.gov.au/def/anzsrc-for/2020/490410	Partial differential equations	semapv:LexicalMatching	0.990	0.6896	cosine	tamar-pairwise	Identical mathematical concept
http://data.europa.eu/8mn/euroscivoc/a563319c-3538-4705-bbaa-67ca37f23b89	transition metals	skos:closeMatch	https://linked.data.gov.au/def/anzsrc-for/2020/340211	Transition metal chemistry	semapv:SemanticSimilarityThresholdMatching	0.780	0.7138	cosine	tamar-pairwise	Chemistry of transition metals
http://data.europa.eu/8mn/euroscivoc/a5f238d6-be16-4968-8a0b-61384f7b6e1a	ergonomics	skos:broadMatch	https://linked.data.gov.au/def/anzsrc-for/2020/520104	Industrial and organisational psychology (incl. human factors)	semapv:SemanticSimilarityThresholdMatching	0.800	0.6805	cosine	tamar-pairwise	Target covers ergonomics and beyond
http://data.europa.eu/8mn/euroscivoc/a62d17ff-3fdb-4b69-a137-b13fb8899582	behavioural ecology	skos:exactMatch	https://linked.data.gov.au/def/anzsrc-for/2020/310301	Behavioural ecology	semapv:LexicalMatching	0.990	0.8888	cosine	tamar-pairwise	Identical concept label
http://data.europa.eu/8mn/euroscivoc/a708050b-3b9b-47bb-86cb-2737aa0e0cf4	human rights law	skos:narrowMatch	https://linked.data.gov.au/def/anzsrc-for/2020/480703	Domestic human rights law	semapv:SemanticSimilarityThresholdMatching	0.930	0.7290	cosine	tamar-pairwise	Source covers domestic law
http://data.europa.eu/8mn/euroscivoc/a74ddb9f-5ad3-4cf4-942d-9dd83fcc041b	synthetic biology	skos:exactMatch	https://linked.data.gov.au/def/anzsrc-for/2020/310113	Synthetic biology	semapv:LexicalMatching	0.990	0.8871	cosine	tamar-pairwise	Identical concept and label
http://data.europa.eu/8mn/euroscivoc/a77a1e7c-3056-4bdc-9678-3f02c4512f9c	solar energy	skos:narrowMatch	https://linked.data.gov.au/def/anzsrc-for/2020/400808	Photovoltaic power systems	semapv:SemanticSimilarityThresholdMatching	0.940	0.6925	cosine	tamar-pairwise	Target subset of source
http://data.europa.eu/8mn/euroscivoc/a7845a83-9aa1-44f7-b6a1-4c7912daed0f	entrepreneurship	skos:exactMatch	https://linked.data.gov.au/def/anzsrc-for/2020/350704	Entrepreneurship	semapv:LexicalMatching	0.990	0.7993	cosine	tamar-pairwise	Exact entrepreneurship concept
http://data.europa.eu/8mn/euroscivoc/a7b788e7-77f8-466a-863a-03e8ab625184	health economics	skos:exactMatch	https://linked.data.gov.au/def/anzsrc-for/2020/380108	Health economics	semapv:LexicalMatching	0.990	0.7697	cosine	tamar-pairwise	Same health economics concept
http://data.europa.eu/8mn/euroscivoc/a851ea76-73e9-4c50-bb22-82e9c9de3db0	data mining	skos:broadMatch	https://linked.data.gov.au/def/anzsrc-for/2020/460502	Data mining and knowledge discovery	semapv:SemanticSimilarityThresholdMatching	0.900	0.7269	cosine	tamar-pairwise	Target heading covers both
http://data.europa.eu/8mn/euroscivoc/a87e992b-13ab-47e9-bc25-1dc24d69d1f2	atomic physics	skos:broadMatch	https://linked.data.gov.au/def/anzsrc-for/2020/510201	Atomic and molecular physics	semapv:SemanticSimilarityThresholdMatching	0.920	0.6773	cosine	tamar-pairwise	Target includes molecular physics
http://data.europa.eu/8mn/euroscivoc/a8ec011b-2e01-4088-8f7c-28fa848ade2d	ecosystem-based management	skos:broadMatch	https://linked.data.gov.au/def/anzsrc-for/2020/410406	Natural resource management	semapv:SemanticSimilarityThresholdMatching	0.880	0.7156	cosine	tamar-pairwise	Target broader than source
http://data.europa.eu/8mn/euroscivoc/a90b6f46-eb48-46d0-81c2-37cf667fd4a5	hydrology	skos:exactMatch	https://linked.data.gov.au/def/anzsrc-for/2020/3707	Hydrology	semapv:LexicalMatching	0.990			tamar-pairwise	Same hydrology concept
http://data.europa.eu/8mn/euroscivoc/a9aa37ce-d8d5-4d68-9123-ffbced0aed12	cell biology	skos:narrowMatch	https://linked.data.gov.au/def/anzsrc-for/2020/310105	Cellular interactions (incl. adhesion, matrix, cell wall)	semapv:SemanticSimilarityThresholdMatching	0.860	0.6654	cosine	tamar-pairwise	Target subset of cell biology
http://data.europa.eu/8mn/euroscivoc/aa115772-abcd-4903-8750-31e7739e733e	fiber-optic network	skos:broadMatch	https://linked.data.gov.au/def/anzsrc-for/2020/400605	Optical fibre communication systems and technologies	semapv:SemanticSimilarityThresholdMatching	0.860	0.7361	cosine	tamar-pairwise	Target broader than source
http://data.europa.eu/8mn/euroscivoc/aafff649-e02a-496e-b436-284ce76044c4	software	skos:narrowMatch	https://linked.data.gov.au/def/anzsrc-for/2020/4612	Software engineering	semapv:SemanticSimilarityThresholdMatching	0.840	0.7224	cosine	tamar-pairwise	Software engineering subset of software
http://data.europa.eu/8mn/euroscivoc/abadc19a-13ab-4bc6-951b-8f12226b3e8b	cognitive radio	skos:broadMatch	https://linked.data.gov.au/def/anzsrc-for/2020/400913	Radio frequency engineering	semapv:SemanticSimilarityThresholdMatching	0.780	0.6596	cosine	tamar-pairwise	RF engineering includes cognitive
http://data.europa.eu/8mn/euroscivoc/abd12e91-2d1b-4b99-9b4d-6ed39420bb10	gender studies	skos:exactMatch	https://linked.data.gov.au/def/anzsrc-for/2020/4405	Gender studies	semapv:LexicalMatching	0.990			tamar-pairwise	Identical concept and hierarchy
http://data.europa.eu/8mn/euroscivoc/ac35f057-d98c-4af1-a3b6-202365b685f5	agroecology	skos:broadMatch	https://linked.data.gov.au/def/anzsrc-for/2020/300210	Sustainable agricultural development	semapv:SemanticSimilarityThresholdMatching	0.850	0.7189	cosine	tamar-pairwise	Target broader than agroecology
http://data.europa.eu/8mn/euroscivoc/acfa84a9-7d59-42ba-8028-92bdad6272d1	remote sensing	skos:broadMatch	https://linked.data.gov.au/def/anzsrc-for/2020/401304	Photogrammetry and remote sensing	semapv:SemanticSimilarityThresholdMatching	0.920	0.7674	cosine	tamar-pairwise	Target covers remote sensing
http://data.europa.eu/8mn/euroscivoc/ae68c142-4643-4df3-bc77-b2c15cce63de	natural disasters	skos:exactMatch	https://linked.data.gov.au/def/anzsrc-for/2020/370903	Natural hazards	semapv:LexicalMatching	0.980	0.7449	cosine	tamar-pairwise	Equivalent natural hazards concept
http://data.europa.eu/8mn/euroscivoc/af65e2bf-afc5-45e8-a0fc-364dfb48f0a4	allergology	skos:exactMatch	https://linked.data.gov.au/def/anzsrc-for/2020/320401	Allergy	semapv:LexicalMatching	0.900	0.7136	cosine	tamar-pairwise	Same allergy specialty
http://data.europa.eu/8mn/euroscivoc/afe0f21c-5863-4628-a909-829d12618497	architectural design	skos:exactMatch	https://linked.data.gov.au/def/anzsrc-for/2020/330102	Architectural design	semapv:LexicalMatching	0.990	0.8408	cosine	tamar-pairwise	Identical architectural design concept
http://data.europa.eu/8mn/euroscivoc/b03c2195-7e74-4bd6-b82c-24e83ee95e99	bioinorganic chemistry	skos:exactMatch	https://linked.data.gov.au/def/anzsrc-for/2020/340201	Bioinorganic chemistry	semapv:LexicalMatching	0.990	0.8656	cosine	tamar-pairwise	Same concept and hierarchy
http://data.europa.eu/8mn/euroscivoc/b05801b2-037a-454e-b0d7-3f3cb7a63cfb	knowledge engineering	skos:narrowMatch	https://linked.data.gov.au/def/anzsrc-for/2020/460206	Knowledge representation and reasoning	semapv:SemanticSimilarityThresholdMatching	0.860	0.7662	cosine	tamar-pairwise	Source covers beyond KR&R
http://data.europa.eu/8mn/euroscivoc/b078d965-cd9f-438b-888e-a86a2137ca10	data science	skos:broadMatch	https://linked.data.gov.au/def/anzsrc-for/2020/460501	Data engineering and data science	semapv:SemanticSimilarityThresholdMatching	0.900	0.7154	cosine	tamar-pairwise	Target adds engineering
http://data.europa.eu/8mn/euroscivoc/b0a5e340-eff7-4c23-8db2-e82fb8b8e930	horticulture	skos:closeMatch	https://linked.data.gov.au/def/anzsrc-for/2020/3008	Horticultural production	semapv:SemanticSimilarityThresholdMatching	0.880	0.6624	cosine	tamar-pairwise	Horticultural science and production
http://data.europa.eu/8mn/euroscivoc/b0b76f16-4d88-4484-81e8-61ba83b239c4	superconductivity	skos:broadMatch	https://linked.data.gov.au/def/anzsrc-for/2020/510404	Electronic and magnetic properties of condensed matter; superconductivity	semapv:SemanticSimilarityThresholdMatching	0.920	0.6864	cosine	tamar-pairwise	Target covers more topics
http://data.europa.eu/8mn/euroscivoc/b0edf9eb-127a-41bc-b0cf-eb3ed9039f0c	oceanography	skos:exactMatch	https://linked.data.gov.au/def/anzsrc-for/2020/3708	Oceanography	semapv:LexicalMatching	0.990	0.7758	cosine	tamar-pairwise	Same oceanography field
http://data.europa.eu/8mn/euroscivoc/b235ad52-5fbd-4bad-b83f-60b1b43757f3	metallurgy	skos:closeMatch	https://linked.data.gov.au/def/anzsrc-for/2020/401607	Metals and alloy materials	semapv:SemanticSimilarityThresholdMatching	0.840	0.8061	cosine	tamar-pairwise	Metals and alloys domain
http://data.europa.eu/8mn/euroscivoc/b25243d7-b179-49b6-a033-d1199f677a90	functional analysis 	skos:broadMatch	https://linked.data.gov.au/def/anzsrc-for/2020/490408	Operator algebras and functional analysis	semapv:SemanticSimilarityThresholdMatching	0.910	0.7757	cosine	tamar-pairwise	Target heading covers both
http://data.europa.eu/8mn/euroscivoc/b27923b2-a81a-4452-9f83-d36560862927	glass fibers	skos:broadMatch	https://linked.data.gov.au/def/anzsrc-for/2020/401606	Glass	semapv:SemanticSimilarityThresholdMatching	0.850	0.6765	cosine	tamar-pairwise	Target includes glass fibers
http://data.europa.eu/8mn/euroscivoc/b33c5338-c5bb-4026-8b86-7e2ff7cd2e3c	animal and dairy science	skos:broadMatch	https://linked.data.gov.au/def/anzsrc-for/2020/30	AGRICULTURAL, VETERINARY AND FOOD SCIENCES	semapv:SemanticSimilarityThresholdMatching	0.920	0.7079	cosine	tamar-pairwise	Target heading covers more
http://data.europa.eu/8mn/euroscivoc/b3a90d84-518a-4adb-b613-0e63f7582cba	genomes	skos:broadMatch	https://linked.data.gov.au/def/anzsrc-for/2020/310509	Genomics	semapv:SemanticSimilarityThresholdMatching	0.780	0.6868	cosine	tamar-pairwise	Target covers more than source
http://data.europa.eu/8mn/euroscivoc/b3bb49a1-354e-4f51-ab3d-09dfa0e3cc0c	bacteriology	skos:exactMatch	https://linked.data.gov.au/def/anzsrc-for/2020/310701	Bacteriology	semapv:LexicalMatching	0.990	0.7305	cosine	tamar-pairwise	Same concept and hierarchy
http://data.europa.eu/8mn/euroscivoc/b3f4a4bc-41a0-4bd8-abff-f182893550c6	catalysis	skos:broadMatch	https://linked.data.gov.au/def/anzsrc-for/2020/340601	Catalysis and mechanisms of reactions	semapv:SemanticSimilarityThresholdMatching	0.850	0.6936	cosine	tamar-pairwise	Target includes mechanisms
http://data.europa.eu/8mn/euroscivoc/b400cbdb-9e22-43cf-8933-0e034a0a5871	aerospace engineering	skos:exactMatch	https://linked.data.gov.au/def/anzsrc-for/2020/4001	Aerospace engineering	semapv:LexicalMatching	0.990			tamar-pairwise	Same aerospace engineering concept
http://data.europa.eu/8mn/euroscivoc/b404e41f-008e-4efb-a980-1009ad2c32e2	string theory	skos:broadMatch	https://linked.data.gov.au/def/anzsrc-for/2020/510702	Field theory and string theory	semapv:SemanticSimilarityThresholdMatching	0.880	0.7919	cosine	tamar-pairwise	Includes field theory
http://data.europa.eu/8mn/euroscivoc/b469121d-9e7d-478a-890c-56c73607a917	radiology	skos:closeMatch	https://linked.data.gov.au/def/anzsrc-for/2020/320222	Radiology and organ imaging	semapv:SemanticSimilarityThresholdMatching	0.940	0.8061	cosine	tamar-pairwise	Radiology and organ imaging
http://data.europa.eu/8mn/euroscivoc/b486d48d-b7d5-46d8-9c7a-3e921eebe3d5	soil sciences	skos:exactMatch	https://linked.data.gov.au/def/anzsrc-for/2020/4106	Soil sciences	semapv:LexicalMatching	0.980	0.7405	cosine	tamar-pairwise	Same soil sciences concept
http://data.europa.eu/8mn/euroscivoc/b533acc2-aff1-4c65-80ca-5d5bee865ba9	public health	skos:exactMatch	https://linked.data.gov.au/def/anzsrc-for/2020/4206	Public health	semapv:LexicalMatching	0.990			tamar-pairwise	Same concept and hierarchy
http://data.europa.eu/8mn/euroscivoc/b5b27faf-a0af-4911-9268-f1e6738f0fb4	fruit growing	skos:broadMatch	https://linked.data.gov.au/def/anzsrc-for/2020/300802	Horticultural crop growth and development	semapv:SemanticSimilarityThresholdMatching	0.860	0.7447	cosine	tamar-pairwise	Target includes all horticultural crops
http://data.europa.eu/8mn/euroscivoc/b5b82682-09a9-4cfd-a768-0d1b08e455ce	sustainable transport	skos:narrowMatch	https://linked.data.gov.au/def/anzsrc-for/2020/350902	Intelligent mobility	semapv:SemanticSimilarityThresholdMatching	0.780	0.7196	cosine	tamar-pairwise	Target subset of sustainable transport
http://data.europa.eu/8mn/euroscivoc/b61af0db-fa53-40bf-99ca-14af26f6b08a	special education	skos:broadMatch	https://linked.data.gov.au/def/anzsrc-for/2020/390411	Special education and disability	semapv:SemanticSimilarityThresholdMatching	0.900	0.8658	cosine	tamar-pairwise	Target includes disability
http://data.europa.eu/8mn/euroscivoc/b7749be3-3af5-4003-bc5a-30741b5c3527	spacecraft	skos:broadMatch	https://linked.data.gov.au/def/anzsrc-for/2020/400107	Satellite, space vehicle and missile design and testing	semapv:SemanticSimilarityThresholdMatching	0.800	0.7180	cosine	tamar-pairwise	Target includes spacecraft plus others
http://data.europa.eu/8mn/euroscivoc/b815a806-57fc-4646-8e3f-38bb81b5d33b	optoelectronics	skos:broadMatch	https://linked.data.gov.au/def/anzsrc-for/2020/510204	Photonics, optoelectronics and optical communications	semapv:SemanticSimilarityThresholdMatching	0.920	0.6621	cosine	tamar-pairwise	Target includes extra topics
http://data.europa.eu/8mn/euroscivoc/b82f7514-33ec-4fea-a73b-25c689268165	ecological restoration	skos:closeMatch	https://linked.data.gov.au/def/anzsrc-for/2020/410405	Environmental rehabilitation and restoration	semapv:SemanticSimilarityThresholdMatching	0.920	0.7697	cosine	tamar-pairwise	Environmental restoration equivalent
http://data.europa.eu/8mn/euroscivoc/b8c70f77-deaa-4f3c-926c-f2fb369ba878	prostate cancer	skos:broadMatch	https://linked.data.gov.au/def/anzsrc-for/2020/321101	Cancer cell biology	semapv:SemanticSimilarityThresholdMatching	0.630	0.6611	cosine	tamar-pairwise	Target spans many cancers
http://data.europa.eu/8mn/euroscivoc/ba7388fc-bbe6-4020-b086-8dd2a520541c	crisis management	skos:closeMatch	https://linked.data.gov.au/def/anzsrc-for/2020/350703	Disaster and emergency management	semapv:SemanticSimilarityThresholdMatching	0.940	0.7052	cosine	tamar-pairwise	Disaster management equivalence
http://data.europa.eu/8mn/euroscivoc/ba914e3a-d949-4377-9dec-172842c43011	gender inequality	skos:broadMatch	https://linked.data.gov.au/def/anzsrc-for/2020/440504	Gender relations	semapv:SemanticSimilarityThresholdMatching	0.850	0.7443	cosine	tamar-pairwise	Target covers broader gender topics
http://data.europa.eu/8mn/euroscivoc/bb471542-b763-46c5-babd-c5669b5bca86	urban studies	skos:narrowMatch	https://linked.data.gov.au/def/anzsrc-for/2020/440612	Urban geography	semapv:SemanticSimilarityThresholdMatching	0.850	0.8653	cosine	tamar-pairwise	Urban geography inside urban studies
http://data.europa.eu/8mn/euroscivoc/bb5cfed3-cce1-4fe2-a4be-f2faa7337660	social developments	skos:narrowMatch	https://linked.data.gov.au/def/anzsrc-for/2020/440407	Socio-economic development	semapv:SemanticSimilarityThresholdMatching	0.860	0.7901	cosine	tamar-pairwise	Source broader than target
http://data.europa.eu/8mn/euroscivoc/bc599515-b5e0-4b5b-9c0a-1f794d197ed3	nuclear physics	skos:exactMatch	https://linked.data.gov.au/def/anzsrc-for/2020/510601	Nuclear physics	semapv:LexicalMatching	0.980	0.7665	cosine	tamar-pairwise	Exact nuclear physics concept
http://data.europa.eu/8mn/euroscivoc/bcd9f234-d312-44a6-8162-f2422a079b6d	emission spectroscopy	skos:broadMatch	https://linked.data.gov.au/def/anzsrc-for/2020/340101	Analytical spectrometry	semapv:SemanticSimilarityThresholdMatching	0.840	0.7044	cosine	tamar-pairwise	Target covers emission spectroscopy
http://data.europa.eu/8mn/euroscivoc/bce55415-258e-403c-b797-1e0ba2e3f5c4	mycology	skos:exactMatch	https://linked.data.gov.au/def/anzsrc-for/2020/310705	Mycology	semapv:LexicalMatching	0.990	0.7920	cosine	tamar-pairwise	Same fungal science field
http://data.europa.eu/8mn/euroscivoc/bce870dd-43f3-4656-8866-d76b0d71f5b8	chemical sciences	skos:exactMatch	https://linked.data.gov.au/def/anzsrc-for/2020/34	CHEMICAL SCIENCES	semapv:LexicalMatching	0.990	0.7775	cosine	tamar-pairwise	Same chemical sciences division
http://data.europa.eu/8mn/euroscivoc/bcf62221-aa96-4628-bf0e-3274da49032a	social work	skos:exactMatch	https://linked.data.gov.au/def/anzsrc-for/2020/4409	Social work	semapv:LexicalMatching	0.990			tamar-pairwise	Same concept, matching definition
http://data.europa.eu/8mn/euroscivoc/be79546c-fbf0-4d5a-9f58-c1a4940220f4	zoonosis	skos:broadMatch	https://linked.data.gov.au/def/anzsrc-for/2020/300905	Veterinary epidemiology	semapv:SemanticSimilarityThresholdMatching	0.780	0.6653	cosine	tamar-pairwise	Target covers zoonoses plus others
http://data.europa.eu/8mn/euroscivoc/be9c7e2f-d88d-4e49-9116-ef752aeca290	genetic engineering	skos:narrowMatch	https://linked.data.gov.au/def/anzsrc-for/2020/320601	Gene and molecular therapy	semapv:SemanticSimilarityThresholdMatching	0.850	0.7146	cosine	tamar-pairwise	Target subset of source
http://data.europa.eu/8mn/euroscivoc/bf1ab80a-e421-453b-8a26-efffe882b004	smart cities	skos:narrowMatch	https://linked.data.gov.au/def/anzsrc-for/2020/330412	Urban informatics	semapv:SemanticSimilarityThresholdMatching	0.800	0.7627	cosine	tamar-pairwise	Target narrower than source
http://data.europa.eu/8mn/euroscivoc/bf8aaaac-ddee-41cd-bb8a-c5a63de3fcbd	paediatrics	skos:exactMatch	https://linked.data.gov.au/def/anzsrc-for/2020/3213	Paediatrics	semapv:LexicalMatching	0.990	0.7651	cosine	tamar-pairwise	Identical paediatrics concept
http://data.europa.eu/8mn/euroscivoc/bf927f14-c975-45e6-bedd-a383152aa7d3	genetics	skos:exactMatch	https://linked.data.gov.au/def/anzsrc-for/2020/3105	Genetics	semapv:LexicalMatching	0.990	0.6822	cosine	tamar-pairwise	Genetics and heredity group
http://data.europa.eu/8mn/euroscivoc/bfb0bafd-7894-45ba-84fc-ddab5fd6c537	rheumatology	skos:closeMatch	https://linked.data.gov.au/def/anzsrc-for/2020/320223	Rheumatology and arthritis	semapv:SemanticSimilarityThresholdMatching	0.990	0.9038	cosine	tamar-pairwise	Exact rheumatology and arthritis match
http://data.europa.eu/8mn/euroscivoc/bfd5c444-49dd-4da9-9ad8-d242f724f036	quantum physics	skos:exactMatch	https://linked.data.gov.au/def/anzsrc-for/2020/5108	Quantum physics	semapv:LexicalMatching	0.990	0.7681	cosine	tamar-pairwise	Same quantum physics concept
http://data.europa.eu/8mn/euroscivoc/c0a6a797-90c8-491e-b096-97d77cfbe561	semisupervised learning	skos:broadMatch	https://linked.data.gov.au/def/anzsrc-for/2020/461106	Semi- and unsupervised learning	semapv:SemanticSimilarityThresholdMatching	0.940	0.9030	cosine	tamar-pairwise	Target includes unsupervised
http://data.europa.eu/8mn/euroscivoc/c103d494-74ee-4654-ad31-ab2ff29f6ffc	atmospheric turbulence	skos:broadMatch	https://linked.data.gov.au/def/anzsrc-for/2020/370105	Atmospheric dynamics	semapv:SemanticSimilarityThresholdMatching	0.880	0.7424	cosine	tamar-pairwise	Target covers more phenomena
http://data.europa.eu/8mn/euroscivoc/c11b78af-7d13-49d2-82d1-eefcd44f2ee4	nuclear medicine	skos:exactMatch	https://linked.data.gov.au/def/anzsrc-for/2020/320215	Nuclear medicine	semapv:LexicalMatching	0.980	0.7424	cosine	tamar-pairwise	Same nuclear medicine field
http://data.europa.eu/8mn/euroscivoc/c18ce2ec-e8f5-4574-9fb7-5399b425410c	signal processing	skos:exactMatch	https://linked.data.gov.au/def/anzsrc-for/2020/400607	Signal processing	semapv:LexicalMatching	0.980	0.8173	cosine	tamar-pairwise	Identical signal processing concept
http://data.europa.eu/8mn/euroscivoc/c1ffa3c7-54c0-49e7-a617-718a62e6261c	ethology	skos:exactMatch	https://linked.data.gov.au/def/anzsrc-for/2020/310901	Animal behaviour	semapv:LexicalMatching	0.990	0.7858	cosine	tamar-pairwise	Exact animal behavior concept
http://data.europa.eu/8mn/euroscivoc/c26105fa-2559-4130-a0a0-0b403e638c15	asthma	skos:broadMatch	https://linked.data.gov.au/def/anzsrc-for/2020/320103	Respiratory diseases	semapv:SemanticSimilarityThresholdMatching	0.950	0.6785	cosine	tamar-pairwise	Target covers asthma
http://data.europa.eu/8mn/euroscivoc/c2a8caf5-4ee8-43ff-a3cd-bae7430e4e18	supercomputers	skos:broadMatch	https://linked.data.gov.au/def/anzsrc-for/2020/460607	High performance computing	semapv:LexicalMatching	0.810	0.6871	cosine	tamar-pairwise	Target heading covers supercomputers
http://data.europa.eu/8mn/euroscivoc/c35a5815-ee59-4223-88d0-1973837a6b58	development studies	skos:exactMatch	https://linked.data.gov.au/def/anzsrc-for/2020/4404	Development studies	semapv:LexicalMatching	0.990	0.7550	cosine	tamar-pairwise	Identical concept and definition
http://data.europa.eu/8mn/euroscivoc/c3a86a9d-749f-4873-8060-1d3957c02bf8	nanophotonics	skos:exactMatch	https://linked.data.gov.au/def/anzsrc-for/2020/401809	Nanophotonics	semapv:LexicalMatching	0.990	0.9232	cosine	tamar-pairwise	Identical concept and hierarchy
http://data.europa.eu/8mn/euroscivoc/c3f2d6d8-316f-4fe7-b8b2-fd6eec8d3fdd	habitat conservation	skos:broadMatch	https://linked.data.gov.au/def/anzsrc-for/2020/410407	Wildlife and habitat management	semapv:SemanticSimilarityThresholdMatching	0.850	0.7129	cosine	tamar-pairwise	Target adds wildlife management
http://data.europa.eu/8mn/euroscivoc/c3f7741c-652b-44cc-9062-491fc41aed2f	computer vision	skos:exactMatch	https://linked.data.gov.au/def/anzsrc-for/2020/460304	Computer vision	semapv:LexicalMatching	0.990	0.7556	cosine	tamar-pairwise	Same concept label and meaning
http://data.europa.eu/8mn/euroscivoc/c4128628-2048-41ab-b3a8-e0c45a3be10d	political policies	skos:narrowMatch	https://linked.data.gov.au/def/anzsrc-for/2020/440709	Public policy	semapv:SemanticSimilarityThresholdMatching	0.900	0.6818	cosine	tamar-pairwise	Target inside political policies
http://data.europa.eu/8mn/euroscivoc/c4538836-ae58-4941-b544-50f53e979e20	orthopaedics	skos:exactMatch	https://linked.data.gov.au/def/anzsrc-for/2020/320216	Orthopaedics	semapv:LexicalMatching	0.990	0.7901	cosine	tamar-pairwise	Same specialty
http://data.europa.eu/8mn/euroscivoc/c4793dfe-e80e-49dd-9fcc-a1a742de1b25	neurology	skos:closeMatch	https://linked.data.gov.au/def/anzsrc-for/2020/320905	Neurology and neuromuscular diseases	semapv:SemanticSimilarityThresholdMatching	0.940	0.7551	cosine	tamar-pairwise	Near-equivalent neurology scope
http://data.europa.eu/8mn/euroscivoc/c570a89b-766b-4a16-9443-533d33d9b0ea	liquid crystals	skos:broadMatch	https://linked.data.gov.au/def/anzsrc-for/2020/401605	Functional materials	semapv:SemanticSimilarityThresholdMatching	0.900	0.6562	cosine	tamar-pairwise	Target covers more material types
http://data.europa.eu/8mn/euroscivoc/c5a94d22-6942-4b5d-a935-c2affe0b13c3	sexual health	skos:narrowMatch	https://linked.data.gov.au/def/anzsrc-for/2020/321503	Reproduction	semapv:SemanticSimilarityThresholdMatching	0.820	0.6715	cosine	tamar-pairwise	Source broader than reproduction
http://data.europa.eu/8mn/euroscivoc/c5e44bb5-1d79-44a9-8787-24d0cd1cf7fe	generative artificial intelligence	skos:broadMatch	https://linked.data.gov.au/def/anzsrc-for/2020/460207	Modelling and simulation	semapv:SemanticSimilarityThresholdMatching	0.730	0.6869	cosine	tamar-pairwise	Target broader than source
http://data.europa.eu/8mn/euroscivoc/c61cf6c6-8b52-4fbb-9b30-b09659e476cf	condensed matter physics	skos:exactMatch	https://linked.data.gov.au/def/anzsrc-for/2020/5104	Condensed matter physics	semapv:LexicalMatching	0.990			tamar-pairwise	Same concept and scope
http://data.europa.eu/8mn/euroscivoc/c65e2864-db03-462c-a181-cf1e18b2b6b5	glaciology	skos:exactMatch	https://linked.data.gov.au/def/anzsrc-for/2020/370902	Glaciology	semapv:LexicalMatching	0.990	0.8223	cosine	tamar-pairwise	Same glaciology concept
http://data.europa.eu/8mn/euroscivoc/c6fde28f-cfee-4e5a-abf7-94259a77cf47	islam	skos:broadMatch	https://linked.data.gov.au/def/anzsrc-for/2020/500403	Islamic studies	semapv:SemanticSimilarityThresholdMatching	0.840	0.7232	cosine	tamar-pairwise	Target field broader
http://data.europa.eu/8mn/euroscivoc/c790f6e2-c1e0-44c1-a413-7f60e950f09d	fibers	skos:broadMatch	https://linked.data.gov.au/def/anzsrc-for/2020/401602	Composite and hybrid materials	semapv:SemanticSimilarityThresholdMatching	0.750	0.6632	cosine	tamar-pairwise	Target covers more than fibers
http://data.europa.eu/8mn/euroscivoc/c846c02a-d89d-4919-9ce3-694915dd589b	big data	skos:narrowMatch	https://linked.data.gov.au/def/anzsrc-for/2020/490505	Large and complex data theory	semapv:SemanticSimilarityThresholdMatching	0.780	0.7499	cosine	tamar-pairwise	Source broader than target
http://data.europa.eu/8mn/euroscivoc/c86017cb-7116-4ef6-8961-2ca63e96a048	science and technology studies	skos:closeMatch	https://linked.data.gov.au/def/anzsrc-for/2020/441007	Sociology and social studies of science and technology	semapv:SemanticSimilarityThresholdMatching	0.840	0.7191	cosine	tamar-pairwise	Near-equivalent disciplinary field
http://data.europa.eu/8mn/euroscivoc/c935ff67-db21-4ea5-a2f5-6438712bd3ba	fermentation	skos:exactMatch	https://linked.data.gov.au/def/anzsrc-for/2020/310603	Fermentation	semapv:LexicalMatching	0.990	0.8980	cosine	tamar-pairwise	Same fermentation concept
http://data.europa.eu/8mn/euroscivoc/c9728fbc-c15b-4a5f-b343-a85c76601a3c	public services	skos:broadMatch	https://linked.data.gov.au/def/anzsrc-for/2020/440708	Public administration	semapv:SemanticSimilarityThresholdMatching	0.730	0.7033	cosine	tamar-pairwise	Target covers services broadly
http://data.europa.eu/8mn/euroscivoc/ca0b52b4-4d64-4b75-a231-06ea45752be6	human rights	skos:narrowMatch	https://linked.data.gov.au/def/anzsrc-for/2020/500104	Human rights and justice issues (excl. law)	semapv:SemanticSimilarityThresholdMatching	0.850	0.6903	cosine	tamar-pairwise	Source includes law aspects
http://data.europa.eu/8mn/euroscivoc/ca1e1ea1-e379-4260-9eba-deb9094ca8ce	wearable medical technology 	skos:broadMatch	https://linked.data.gov.au/def/anzsrc-for/2020/400308	Medical devices	semapv:SemanticSimilarityThresholdMatching	0.950	0.6718	cosine	tamar-pairwise	Target broader than wearable
http://data.europa.eu/8mn/euroscivoc/ca74d281-1a02-4330-bb9d-c37be452d597	transportation engineering	skos:exactMatch	https://linked.data.gov.au/def/anzsrc-for/2020/400512	Transport engineering	semapv:LexicalMatching	0.990	0.8136	cosine	tamar-pairwise	Same transport engineering concept
http://data.europa.eu/8mn/euroscivoc/caef7888-78d0-473b-b3dc-97d8e9c65073	climatology	skos:exactMatch	https://linked.data.gov.au/def/anzsrc-for/2020/370202	Climatology	semapv:LexicalMatching	0.980	0.7496	cosine	tamar-pairwise	Same named scientific field
http://data.europa.eu/8mn/euroscivoc/cb061cc1-dd52-46a4-a8fe-065838d5b44a	venereal diseases	skos:broadMatch	https://linked.data.gov.au/def/anzsrc-for/2020/320227	Venereology	semapv:SemanticSimilarityThresholdMatching	0.780	0.7435	cosine	tamar-pairwise	Target covers disease practice
http://data.europa.eu/8mn/euroscivoc/cbb6f86d-b5c6-4649-9b06-3712653ca459	medical ethics	skos:exactMatch	https://linked.data.gov.au/def/anzsrc-for/2020/500106	Medical ethics	semapv:LexicalMatching	0.990	0.8574	cosine	tamar-pairwise	Exact medical ethics label
http://data.europa.eu/8mn/euroscivoc/cbe8013b-7afd-4aa7-9fa8-6eb932965f0a	reinforcement learning	skos:exactMatch	https://linked.data.gov.au/def/anzsrc-for/2020/461105	Reinforcement learning	semapv:LexicalMatching	0.990	0.7798	cosine	tamar-pairwise	Identical concept and hierarchy
http://data.europa.eu/8mn/euroscivoc/cc14ea80-2d50-4e49-b4b1-b7cc6b5bfb75	invertebrate zoology	skos:closeMatch	https://linked.data.gov.au/def/anzsrc-for/2020/310913	Invertebrate biology	semapv:SemanticSimilarityThresholdMatching	0.950	0.7601	cosine	tamar-pairwise	Equivalent invertebrate discipline
http://data.europa.eu/8mn/euroscivoc/cc4a0820-3515-43e3-98c7-57b3a0e906e2	organic reactions	skos:broadMatch	https://linked.data.gov.au/def/anzsrc-for/2020/340505	Physical organic chemistry	semapv:SemanticSimilarityThresholdMatching	0.710	0.6518	cosine	tamar-pairwise	Target covers reactions
http://data.europa.eu/8mn/euroscivoc/cdb31644-8d2d-4ac7-a421-162f01281f8f	isotope geochemistry	skos:exactMatch	https://linked.data.gov.au/def/anzsrc-for/2020/370303	Isotope geochemistry	semapv:LexicalMatching	0.990	0.9144	cosine	tamar-pairwise	Identical isotope geochemistry concept
http://data.europa.eu/8mn/euroscivoc/cdeba421-3731-4be8-a49d-6616fb3a1c85	pattern recognition	skos:exactMatch	https://linked.data.gov.au/def/anzsrc-for/2020/460308	Pattern recognition	semapv:LexicalMatching	0.980	0.8295	cosine	tamar-pairwise	Exact concept label and meaning
http://data.europa.eu/8mn/euroscivoc/ce3293cb-700b-4b49-a91b-56ddfc97181f	embryology	skos:narrowMatch	https://linked.data.gov.au/def/anzsrc-for/2020/321501	Foetal development and medicine	semapv:SemanticSimilarityThresholdMatching	0.840	0.6623	cosine	tamar-pairwise	Only fetal stage
http://data.europa.eu/8mn/euroscivoc/ce6666e1-e816-4f32-8094-2634e44630d3	woodworking	skos:closeMatch	https://linked.data.gov.au/def/anzsrc-for/2020/300712	Wood processing	semapv:LexicalMatching	0.860	0.7725	cosine	tamar-pairwise	Wood processing synonym
http://data.europa.eu/8mn/euroscivoc/cf763962-65d9-44ae-beb5-1bdcb7782839	innovation management	skos:exactMatch	https://linked.data.gov.au/def/anzsrc-for/2020/350705	Innovation management	semapv:LexicalMatching	0.990	0.7563	cosine	tamar-pairwise	Identical concept labels
http://data.europa.eu/8mn/euroscivoc/cf97c48c-d28c-4928-b6d0-d7cad57be273	demography	skos:exactMatch	https://linked.data.gov.au/def/anzsrc-for/2020/4403	Demography	semapv:LexicalMatching	0.990	0.7319	cosine	tamar-pairwise	Equivalent demographic field
http://data.europa.eu/8mn/euroscivoc/d0163112-fbeb-4703-ace0-d149776bb77f	photovoltaic	skos:closeMatch	https://linked.data.gov.au/def/anzsrc-for/2020/400808	Photovoltaic power systems	semapv:SemanticSimilarityThresholdMatching	0.880	0.7426	cosine	tamar-pairwise	Photovoltaic systems equivalent
http://data.europa.eu/8mn/euroscivoc/d086d147-50e3-443d-b8a1-4a610f9fccdd	digital electronics	skos:narrowMatch	https://linked.data.gov.au/def/anzsrc-for/2020/400902	Digital electronic devices	semapv:SemanticSimilarityThresholdMatching	0.850	0.7523	cosine	tamar-pairwise	Target narrower than source
http://data.europa.eu/8mn/euroscivoc/d09f4eed-6861-497a-8c31-2451de4198cb	irrigation	skos:broadMatch	https://linked.data.gov.au/def/anzsrc-for/2020/409901	Agricultural engineering	semapv:SemanticSimilarityThresholdMatching	0.860	0.6519	cosine	tamar-pairwise	Target covers irrigation
http://data.europa.eu/8mn/euroscivoc/d0c600e4-4c54-45fb-a9c5-493a9467274b	monetary and finances	skos:narrowMatch	https://linked.data.gov.au/def/anzsrc-for/2020/380112	Macroeconomics (incl. monetary and fiscal theory)	semapv:SemanticSimilarityThresholdMatching	0.850	0.7411	cosine	tamar-pairwise	Target subset of finance
http://data.europa.eu/8mn/euroscivoc/d10d2908-8f22-4ff5-ae9e-a421a66de2f0	democracy	skos:broadMatch	https://linked.data.gov.au/def/anzsrc-for/2020/440803	Comparative government and politics	semapv:SemanticSimilarityThresholdMatching	0.750	0.7281	cosine	tamar-pairwise	Target includes democracy and others
http://data.europa.eu/8mn/euroscivoc/d159888a-76bb-4998-816d-6dabfe5df913	coastal and estuarine hydraulics	skos:broadMatch	https://linked.data.gov.au/def/anzsrc-for/2020/401209	Hydrodynamics and hydraulic engineering	semapv:SemanticSimilarityThresholdMatching	0.920	0.7044	cosine	tamar-pairwise	Target covers coastal hydraulics
http://data.europa.eu/8mn/euroscivoc/d171635a-b853-4c91-85bc-3b7cb9a21a78	optical sensors	skos:broadMatch	https://linked.data.gov.au/def/anzsrc-for/2020/400909	Photonic and electro-optical devices, sensors and systems (excl. communications)	semapv:SemanticSimilarityThresholdMatching	0.880	0.6661	cosine	tamar-pairwise	Target covers optical sensors
http://data.europa.eu/8mn/euroscivoc/d1dd1bac-5313-4ab3-837f-4acd3ec521a7	endocrinology	skos:exactMatch	https://linked.data.gov.au/def/anzsrc-for/2020/320208	Endocrinology	semapv:LexicalMatching	0.990	0.8002	cosine	tamar-pairwise	Same endocrinology discipline
http://data.europa.eu/8mn/euroscivoc/d36f5888-69ae-43f4-b91a-8e9a92645f2e	christianity	skos:broadMatch	https://linked.data.gov.au/def/anzsrc-for/2020/500401	Christian studies	semapv:SemanticSimilarityThresholdMatching	0.900	0.6614	cosine	tamar-pairwise	Target covers Christianity field
http://data.europa.eu/8mn/euroscivoc/d37e4d8c-a978-40c7-ba4f-eee841851073	gerontology	skos:closeMatch	https://linked.data.gov.au/def/anzsrc-for/2020/320210	Geriatrics and gerontology	semapv:SemanticSimilarityThresholdMatching	0.980	0.8994	cosine	tamar-pairwise	Exact gerontology discipline
http://data.europa.eu/8mn/euroscivoc/d3b09b78-ac5c-4fc3-b58a-9573daf0e304	physical sciences	skos:exactMatch	https://linked.data.gov.au/def/anzsrc-for/2020/51	PHYSICAL SCIENCES	semapv:LexicalMatching	0.980	0.7825	cosine	tamar-pairwise	Same physical sciences division
http://data.europa.eu/8mn/euroscivoc/d3f0af2d-147b-46d1-a9fa-ba7e664a4b09	women’s studies	skos:closeMatch	https://linked.data.gov.au/def/anzsrc-for/2020/440509	Women's studies (incl. girls' studies)	semapv:SemanticSimilarityThresholdMatching	0.980	0.7667	cosine	tamar-pairwise	Direct women’s studies match
http://data.europa.eu/8mn/euroscivoc/d47a4158-66d1-4045-9f1f-d2b31a16aff3	transcriptomes	skos:broadMatch	https://linked.data.gov.au/def/anzsrc-for/2020/310204	Genomics and transcriptomics	semapv:SemanticSimilarityThresholdMatching	0.920	0.6930	cosine	tamar-pairwise	Target includes genomics
http://data.europa.eu/8mn/euroscivoc/d4f985c0-361e-49bd-af0f-9c7e6d95585c	x-ray radiography	skos:closeMatch	https://linked.data.gov.au/def/anzsrc-for/2020/320206	Diagnostic radiography	semapv:SemanticSimilarityThresholdMatching	0.860	0.7050	cosine	tamar-pairwise	Synonymous terms
http://data.europa.eu/8mn/euroscivoc/d65148fb-16db-4577-809d-e6c9c4aadead	freshwater biology	skos:closeMatch	https://linked.data.gov.au/def/anzsrc-for/2020/310304	Freshwater ecology	semapv:LexicalMatching	0.920	0.7932	cosine	tamar-pairwise	Freshwater biology and ecology
http://data.europa.eu/8mn/euroscivoc/d697db59-b9cc-484d-b456-1cc5c43e2a17	viticulture	skos:closeMatch	https://linked.data.gov.au/def/anzsrc-for/2020/300805	Oenology and viticulture	semapv:SemanticSimilarityThresholdMatching	0.900	0.8121	cosine	tamar-pairwise	Same oenology-viticulture domain
http://data.europa.eu/8mn/euroscivoc/d75a4a3e-f257-4778-a3d5-8122cf3185f9	gender equality	skos:broadMatch	https://linked.data.gov.au/def/anzsrc-for/2020/440504	Gender relations	semapv:SemanticSimilarityThresholdMatching	0.850	0.8233	cosine	tamar-pairwise	Target covers broader relations
http://data.europa.eu/8mn/euroscivoc/d7d4fde5-4c94-491b-b655-f40ea194f8bf	lung cancer	skos:broadMatch	https://linked.data.gov.au/def/anzsrc-for/2020/321111	Solid tumours	semapv:SemanticSimilarityThresholdMatching	0.930	0.7033	cosine	tamar-pairwise	Target covers lung cancer
http://data.europa.eu/8mn/euroscivoc/d8bca3d6-cd94-4597-8d72-39fd31699728	microbiology	skos:exactMatch	https://linked.data.gov.au/def/anzsrc-for/2020/3107	Microbiology	semapv:LexicalMatching	0.980	0.7703	cosine	tamar-pairwise	Same concept and hierarchy
http://data.europa.eu/8mn/euroscivoc/d90d8dbf-c4b3-46c0-bf2c-55a4a3d9ba8b	urology	skos:broadMatch	https://linked.data.gov.au/def/anzsrc-for/2020/320214	Nephrology and urology	semapv:SemanticSimilarityThresholdMatching	0.940	0.7344	cosine	tamar-pairwise	Target covers urology
http://data.europa.eu/8mn/euroscivoc/d913bd42-e79c-46a7-8714-14f2a6a0d82f	radio technology	skos:broadMatch	https://linked.data.gov.au/def/anzsrc-for/2020/400608	Wireless communication systems and technologies (incl. microwave and millimetrewave)	semapv:SemanticSimilarityThresholdMatching	0.850	0.6941	cosine	tamar-pairwise	Target includes non-radio wireless
http://data.europa.eu/8mn/euroscivoc/d93ad0fc-d33c-4327-8525-6e40f0ffeb65	hydraulic engineering	skos:broadMatch	https://linked.data.gov.au/def/anzsrc-for/2020/400513	Water resources engineering	semapv:SemanticSimilarityThresholdMatching	0.850	0.7771	cosine	tamar-pairwise	Target covers hydraulic engineering
http://data.europa.eu/8mn/euroscivoc/d93d7f19-7965-430b-8d9e-80c0e4d57a9d	functional morphology	skos:broadMatch	https://linked.data.gov.au/def/anzsrc-for/2020/310911	Animal structure and function	semapv:SemanticSimilarityThresholdMatching	0.860	0.6769	cosine	tamar-pairwise	Target broader than source
http://data.europa.eu/8mn/euroscivoc/da85f15b-d00c-4b04-a525-e9406e1f81ea	plasma physics	skos:closeMatch	https://linked.data.gov.au/def/anzsrc-for/2020/510602	Plasma physics; fusion plasmas; electrical discharges	semapv:SemanticSimilarityThresholdMatching	0.940	0.7302	cosine	tamar-pairwise	Plasma physics field
http://data.europa.eu/8mn/euroscivoc/db2570f8-5d0b-4a29-ae44-63edd72aa253	electric power distribution	skos:broadMatch	https://linked.data.gov.au/def/anzsrc-for/2020/400805	Electrical energy transmission, networks and systems	semapv:SemanticSimilarityThresholdMatching	0.900	0.7326	cosine	tamar-pairwise	Target includes transmission
http://data.europa.eu/8mn/euroscivoc/db439a5d-5a72-4293-a52d-5629f34c4698	freight transport	skos:narrowMatch	https://linked.data.gov.au/def/anzsrc-for/2020/350907	Rail transportation and freight services	semapv:SemanticSimilarityThresholdMatching	0.780	0.6761	cosine	tamar-pairwise	Only rail freight
http://data.europa.eu/8mn/euroscivoc/dbdf902c-f6b0-4349-8428-128343d4c4fd	molecular evolution	skos:exactMatch	https://linked.data.gov.au/def/anzsrc-for/2020/310510	Molecular evolution	semapv:LexicalMatching	0.990	0.9285	cosine	tamar-pairwise	Same concept and label
http://data.europa.eu/8mn/euroscivoc/dbe8c8c7-29d5-428b-8210-05bf4d427497	deep learning	skos:exactMatch	https://linked.data.gov.au/def/anzsrc-for/2020/461103	Deep learning	semapv:LexicalMatching	0.990	0.8475	cosine	tamar-pairwise	Same concept and hierarchy
http://data.europa.eu/8mn/euroscivoc/dc1b3723-476f-453c-a596-c7ccfde9b4b1	analytical chemistry	skos:exactMatch	https://linked.data.gov.au/def/anzsrc-for/2020/3401	Analytical chemistry	semapv:LexicalMatching	0.990	0.7495	cosine	tamar-pairwise	Same analytical chemistry concept
http://data.europa.eu/8mn/euroscivoc/dc9a4100-9eb3-4956-8fd8-b67ea07a70ad	materials engineering	skos:exactMatch	https://linked.data.gov.au/def/anzsrc-for/2020/4016	Materials engineering	semapv:LexicalMatching	0.990			tamar-pairwise	Same materials engineering concept
http://data.europa.eu/8mn/euroscivoc/dccbb79d-0f5e-4efd-853f-826e04e32f5d	relativistic mechanics	skos:narrowMatch	https://linked.data.gov.au/def/anzsrc-for/2020/510105	General relativity and gravitational waves	semapv:SemanticSimilarityThresholdMatching	0.780	0.6569	cosine	tamar-pairwise	Target subset of relativistic mechanics
http://data.europa.eu/8mn/euroscivoc/dcd2916d-935f-446d-a42c-069ee43f3c51	ocean chemistry	skos:exactMatch	https://linked.data.gov.au/def/anzsrc-for/2020/370802	Chemical oceanography	semapv:LexicalMatching	0.990	0.9292	cosine	tamar-pairwise	Exact chemical oceanography equivalent
http://data.europa.eu/8mn/euroscivoc/dd1e4264-3e3e-4b01-951e-27064d561456	ethnomusicology	skos:broadMatch	https://linked.data.gov.au/def/anzsrc-for/2020/360306	Musicology and ethnomusicology	semapv:SemanticSimilarityThresholdMatching	0.920	0.7673	cosine	tamar-pairwise	Target includes source plus musicology
http://data.europa.eu/8mn/euroscivoc/dd5c735b-4fef-4288-8e17-e543e63bf031	volcanology	skos:exactMatch	https://linked.data.gov.au/def/anzsrc-for/2020/370512	Volcanology	semapv:LexicalMatching	0.990	0.8034	cosine	tamar-pairwise	Identical discipline and hierarchy
http://data.europa.eu/8mn/euroscivoc/dd6b64d9-afef-4d5e-8a93-6c251d2565cf	computational science	skos:narrowMatch	https://linked.data.gov.au/def/anzsrc-for/2020/461306	Numerical computation and mathematical software	semapv:SemanticSimilarityThresholdMatching	0.860	0.6640	cosine	tamar-pairwise	Target subset of source
http://data.europa.eu/8mn/euroscivoc/ddec251f-0c47-44a4-b95d-9d4bf11a093e	particle physics	skos:exactMatch	https://linked.data.gov.au/def/anzsrc-for/2020/510703	Particle physics	semapv:LexicalMatching	0.990	0.7239	cosine	tamar-pairwise	Same particle physics concept
http://data.europa.eu/8mn/euroscivoc/de62b610-a9d3-430b-92ff-366f28f7b1c7	history and archaeology	skos:broadMatch	https://linked.data.gov.au/def/anzsrc-for/2020/43	HISTORY, HERITAGE AND ARCHAEOLOGY	semapv:SemanticSimilarityThresholdMatching	0.930	0.7146	cosine	tamar-pairwise	Target includes heritage
http://data.europa.eu/8mn/euroscivoc/def14567-b1dc-4d54-b49b-3e3c59193839	earthquake engineering	skos:exactMatch	https://linked.data.gov.au/def/anzsrc-for/2020/400506	Earthquake engineering	semapv:LexicalMatching	0.990	0.8489	cosine	tamar-pairwise	Identical earthquake engineering concept
http://data.europa.eu/8mn/euroscivoc/df7b86b0-f489-4cac-9466-22ce145839b2	molecular genetics	skos:relatedMatch	https://linked.data.gov.au/def/anzsrc-for/2020/310510	Molecular evolution	semapv:SemanticSimilarityThresholdMatching	0.660	0.6970	cosine	tamar-pairwise	Neither contains the other
http://data.europa.eu/8mn/euroscivoc/e0088e73-285e-426b-845f-25928936aced	taxation	skos:narrowMatch	https://linked.data.gov.au/def/anzsrc-for/2020/380115	Public economics - taxation and revenue	semapv:SemanticSimilarityThresholdMatching	0.900	0.7189	cosine	tamar-pairwise	Target narrower economic view
http://data.europa.eu/8mn/euroscivoc/e09e98aa-d55f-4d90-a60e-29da9b299ad8	quantum optics	skos:closeMatch	https://linked.data.gov.au/def/anzsrc-for/2020/510804	Quantum optics and quantum optomechanics	semapv:SemanticSimilarityThresholdMatching	0.990	0.7717	cosine	tamar-pairwise	Direct label and hierarchy match
http://data.europa.eu/8mn/euroscivoc/e0ae867b-271e-4803-87e4-0ad02ceaa0fe	autoimmune diseases	skos:broadMatch	https://linked.data.gov.au/def/anzsrc-for/2020/320403	Autoimmunity	semapv:SemanticSimilarityThresholdMatching	0.850	0.7860	cosine	tamar-pairwise	Target covers disease set
http://data.europa.eu/8mn/euroscivoc/e0e6ab19-9e03-4033-bc70-d0d1affa0ce1	metabolic engineering	skos:broadMatch	https://linked.data.gov.au/def/anzsrc-for/2020/310602	Bioprocessing, bioproduction and bioproducts	semapv:SemanticSimilarityThresholdMatching	0.750	0.8125	cosine	tamar-pairwise	Target includes metabolic engineering
http://data.europa.eu/8mn/euroscivoc/e1513400-d6cf-44d5-b0dd-e3f2f8a38e95	nature-based solutions	skos:broadMatch	https://linked.data.gov.au/def/anzsrc-for/2020/410406	Natural resource management	semapv:SemanticSimilarityThresholdMatching	0.750	0.6730	cosine	tamar-pairwise	Target spans broader resource mgmt
http://data.europa.eu/8mn/euroscivoc/e157f837-ea12-40c3-be80-cc7e5e91ea07	structural biology	skos:closeMatch	https://linked.data.gov.au/def/anzsrc-for/2020/310112	Structural biology (incl. macromolecular modelling)	semapv:SemanticSimilarityThresholdMatching	0.990	0.8129	cosine	tamar-pairwise	Same discipline and scope
http://data.europa.eu/8mn/euroscivoc/e2120c91-f57d-4f96-8992-59c109634f1c	other humanities	skos:narrowMatch	https://linked.data.gov.au/def/anzsrc-for/2020/500205	History and philosophy of the humanities	semapv:SemanticSimilarityThresholdMatching	0.780	0.7142	cosine	tamar-pairwise	Target is specific subfield
http://data.europa.eu/8mn/euroscivoc/e27cd9b6-055c-480d-8d63-e2d366ca94d7	economics	skos:exactMatch	https://linked.data.gov.au/def/anzsrc-for/2020/38	ECONOMICS	semapv:LexicalMatching	0.980	0.7492	cosine	tamar-pairwise	Same economics domain
http://data.europa.eu/8mn/euroscivoc/e2a7fab2-7027-40e8-b189-f401a23818c8	pharmacology and pharmacy	skos:narrowMatch	https://linked.data.gov.au/def/anzsrc-for/2020/321405	Pharmaceutical sciences	semapv:SemanticSimilarityThresholdMatching	0.780	0.6975	cosine	tamar-pairwise	Missing pharmacy practice
http://data.europa.eu/8mn/euroscivoc/e35d2e39-9fef-4747-84a2-c493c4bf722f	ecohydrology	skos:exactMatch	https://linked.data.gov.au/def/anzsrc-for/2020/370702	Ecohydrology	semapv:LexicalMatching	0.990	0.8850	cosine	tamar-pairwise	Exact same specialized concept
http://data.europa.eu/8mn/euroscivoc/e39eb923-d810-425b-a740-954a93eaf8d9	laser physics	skos:broadMatch	https://linked.data.gov.au/def/anzsrc-for/2020/510202	Lasers and quantum electronics	semapv:SemanticSimilarityThresholdMatching	0.910	0.6758	cosine	tamar-pairwise	Target includes more
http://data.europa.eu/8mn/euroscivoc/e4062af9-fc49-4826-9bdb-e549f3f0f191	food technology	skos:exactMatch	https://linked.data.gov.au/def/anzsrc-for/2020/300607	Food technology	semapv:LexicalMatching	0.980	0.7608	cosine	tamar-pairwise	Same food technology concept
http://data.europa.eu/8mn/euroscivoc/e4181c57-5f93-46ed-91b9-9e3d1249f407	subtractive manufacturing	skos:exactMatch	https://linked.data.gov.au/def/anzsrc-for/2020/401406	Machining	semapv:LexicalMatching	0.960	0.8390	cosine	tamar-pairwise	Machining is subtractive manufacturing
http://data.europa.eu/8mn/euroscivoc/e437ed99-4a4e-4fb3-af7e-fae6a2c2a800	computer and information sciences	skos:closeMatch	https://linked.data.gov.au/def/anzsrc-for/2020/46	INFORMATION AND COMPUTING SCIENCES	semapv:SemanticSimilarityThresholdMatching	0.960	0.7678	cosine	tamar-pairwise	Equivalent information computing field
http://data.europa.eu/8mn/euroscivoc/e4f1674a-c71f-4cad-b99b-5461ed81d0a6	climatic changes	skos:closeMatch	https://linked.data.gov.au/def/anzsrc-for/2020/370202	Climatology	semapv:SemanticSimilarityThresholdMatching	0.820	0.6675	cosine	tamar-pairwise	Climate change processes
http://data.europa.eu/8mn/euroscivoc/e5178751-bb89-45c6-802b-2d2374b3ecc3	other natural sciences	skos:narrowMatch	https://linked.data.gov.au/def/anzsrc-for/2020/3799	Other earth sciences	semapv:SemanticSimilarityThresholdMatching	0.880	0.7208	cosine	tamar-pairwise	Source includes more fields
http://data.europa.eu/8mn/euroscivoc/e54c41e3-a9a2-41a5-a978-b1de010811fc	sedimentology	skos:exactMatch	https://linked.data.gov.au/def/anzsrc-for/2020/370509	Sedimentology	semapv:LexicalMatching	0.990	0.8143	cosine	tamar-pairwise	Identical discipline and hierarchy
http://data.europa.eu/8mn/euroscivoc/e56eb495-973e-46c1-b2b2-a446852952f4	transport	skos:broadMatch	https://linked.data.gov.au/def/anzsrc-for/2020/3509	Transportation, logistics and supply chains	semapv:SemanticSimilarityThresholdMatching	0.860	0.7388	cosine	tamar-pairwise	Adds logistics and supply chains
http://data.europa.eu/8mn/euroscivoc/e60d2b6c-d516-498d-b4eb-005f183b4eec	environmental law	skos:exactMatch	https://linked.data.gov.au/def/anzsrc-for/2020/480203	Environmental law	semapv:LexicalMatching	0.990	0.8153	cosine	tamar-pairwise	Identical preferred concept
http://data.europa.eu/8mn/euroscivoc/e6820ed0-50d3-4c97-a717-e11c87768410	microwave technology	skos:broadMatch	https://linked.data.gov.au/def/anzsrc-for/2020/400608	Wireless communication systems and technologies (incl. microwave and millimetrewave)	semapv:SemanticSimilarityThresholdMatching	0.880	0.7295	cosine	tamar-pairwise	Target includes microwave explicitly
http://data.europa.eu/8mn/euroscivoc/e70766ba-ef8c-4a4c-b67b-ed761bf314a2	functional equations	skos:closeMatch	https://linked.data.gov.au/def/anzsrc-for/2020/490107	Mathematical methods and special functions	semapv:SemanticSimilarityThresholdMatching	0.780	0.6784	cosine	tamar-pairwise	Gamma function is special function
http://data.europa.eu/8mn/euroscivoc/e70766ba-ef8c-4a4c-b67b-ed761bf314a2	functional equations	skos:closeMatch	https://linked.data.gov.au/def/anzsrc-for/2020/490411	Real and complex functions (incl. several variables)	semapv:SemanticSimilarityThresholdMatching	0.720	0.6668	cosine	tamar-pairwise	Functional equations concern complex functions
http://data.europa.eu/8mn/euroscivoc/e73474ef-aedf-47c4-8266-bb9e9dec2fc2	virtual reality	skos:broadMatch	https://linked.data.gov.au/def/anzsrc-for/2020/460708	Virtual and mixed reality	semapv:SemanticSimilarityThresholdMatching	0.940	0.7714	cosine	tamar-pairwise	Target broader than VR
http://data.europa.eu/8mn/euroscivoc/e7b9a22b-8915-4a56-a5e4-b2670cf2fd6f	social inequalities	skos:closeMatch	https://linked.data.gov.au/def/anzsrc-for/2020/441012	Sociology of inequalities	semapv:SemanticSimilarityThresholdMatching	0.880	0.6621	cosine	tamar-pairwise	Both denote same field
http://data.europa.eu/8mn/euroscivoc/e7e1c80b-2874-482d-bd67-ce672af5cfb4	critical care medicine	skos:closeMatch	https://linked.data.gov.au/def/anzsrc-for/2020/320212	Intensive care	semapv:SemanticSimilarityThresholdMatching	0.930	0.7363	cosine	tamar-pairwise	Equivalent intensive care field
http://data.europa.eu/8mn/euroscivoc/e7fb08ba-d408-439c-a4d4-bb8270ac37cb	fibre optics	skos:narrowMatch	https://linked.data.gov.au/def/anzsrc-for/2020/400605	Optical fibre communication systems and technologies	semapv:SemanticSimilarityThresholdMatching	0.900	0.7009	cosine	tamar-pairwise	Source broader than target
http://data.europa.eu/8mn/euroscivoc/e92b8f60-d91e-4d7f-81e7-37f9a13d1870	solar radiation	skos:broadMatch	https://linked.data.gov.au/def/anzsrc-for/2020/370106	Atmospheric radiation	semapv:SemanticSimilarityThresholdMatching	0.930	0.7864	cosine	tamar-pairwise	Target includes other radiations
http://data.europa.eu/8mn/euroscivoc/e92e8adc-8256-4a4c-a052-b3cad420db7d	anaesthesiology	skos:exactMatch	https://linked.data.gov.au/def/anzsrc-for/2020/320201	Anaesthesiology	semapv:LexicalMatching	0.990	0.7325	cosine	tamar-pairwise	Identical medical specialty
http://data.europa.eu/8mn/euroscivoc/e9aef32c-36e1-4c49-8942-407ceb9cac15	muslim culture	skos:broadMatch	https://linked.data.gov.au/def/anzsrc-for/2020/500403	Islamic studies	semapv:SemanticSimilarityThresholdMatching	0.850	0.6857	cosine	tamar-pairwise	Target covers broader topics
http://data.europa.eu/8mn/euroscivoc/e9b542e3-aca9-4ff3-b906-72b6cd838a29	geological engineering	skos:narrowMatch	https://linked.data.gov.au/def/anzsrc-for/2020/400502	Civil geotechnical engineering	semapv:SemanticSimilarityThresholdMatching	0.850	0.7445	cosine	tamar-pairwise	Target subset of source
http://data.europa.eu/8mn/euroscivoc/ea09ce79-b78c-45dd-8fb1-767de5ad3162	image recognition	skos:broadMatch	https://linked.data.gov.au/def/anzsrc-for/2020/460308	Pattern recognition	semapv:SemanticSimilarityThresholdMatching	0.880	0.6602	cosine	tamar-pairwise	Pattern covers image recognition
http://data.europa.eu/8mn/euroscivoc/ea0a553e-d35a-43ca-9bc2-a75f32da5c79	industrial relations	skos:closeMatch	https://linked.data.gov.au/def/anzsrc-for/2020/350504	Industrial and employee relations	semapv:SemanticSimilarityThresholdMatching	0.970	0.7649	cosine	tamar-pairwise	Equivalent industrial relations concept
http://data.europa.eu/8mn/euroscivoc/ea52495a-6353-47ee-ba16-796f9567471c	mathematical logic	skos:broadMatch	https://linked.data.gov.au/def/anzsrc-for/2020/490407	Mathematical logic, set theory, lattices and universal algebra	semapv:SemanticSimilarityThresholdMatching	0.900	0.7904	cosine	tamar-pairwise	Target includes extra topics
http://data.europa.eu/8mn/euroscivoc/ea994073-d367-4ed7-9df3-4477a9c6cf6f	mechanical engineering	skos:exactMatch	https://linked.data.gov.au/def/anzsrc-for/2020/4017	Mechanical engineering	semapv:LexicalMatching	0.990			tamar-pairwise	Same discipline and hierarchy
http://data.europa.eu/8mn/euroscivoc/ebd8e792-52d4-4672-b7a5-b43a23330c69	igneous petrology	skos:broadMatch	https://linked.data.gov.au/def/anzsrc-for/2020/370503	Igneous and metamorphic petrology	semapv:SemanticSimilarityThresholdMatching	0.960	0.8030	cosine	tamar-pairwise	Target includes metamorphic petrology
http://data.europa.eu/8mn/euroscivoc/ebebac98-d45e-4a65-95dc-4fcfbebe0632	microfluidics	skos:broadMatch	https://linked.data.gov.au/def/anzsrc-for/2020/401210	Microfluidics and nanofluidics	semapv:SemanticSimilarityThresholdMatching	0.930	0.8624	cosine	tamar-pairwise	Target adds nanofluidics
http://data.europa.eu/8mn/euroscivoc/ec42c1af-69f5-4d98-ad25-529315c5ffe0	planetary geology	skos:exactMatch	https://linked.data.gov.au/def/anzsrc-for/2020/370507	Planetary geology	semapv:LexicalMatching	0.990	0.7825	cosine	tamar-pairwise	Exact label and field match
http://data.europa.eu/8mn/euroscivoc/ece3a974-692c-4da9-900b-dfc49c8d1dd9	quantum gases	skos:broadMatch	https://linked.data.gov.au/def/anzsrc-for/2020/5108	Quantum physics	semapv:SemanticSimilarityThresholdMatching	0.780	0.6871	cosine	tamar-pairwise	Target covers quantum gases
http://data.europa.eu/8mn/euroscivoc/ece8d70d-2311-4d6d-ae12-473fc5c09a5d	sustainable architecture	skos:exactMatch	https://linked.data.gov.au/def/anzsrc-for/2020/330110	Sustainable architecture	semapv:LexicalMatching	0.990	0.8781	cosine	tamar-pairwise	Identical concept labels
http://data.europa.eu/8mn/euroscivoc/ed046ab9-3b55-4ff6-85bf-0212bc4ddbda	microbiomes	skos:broadMatch	https://linked.data.gov.au/def/anzsrc-for/2020/310703	Microbial ecology	semapv:SemanticSimilarityThresholdMatching	0.850	0.7403	cosine	tamar-pairwise	Target includes many microbiomes
http://data.europa.eu/8mn/euroscivoc/ed8b88dc-3bab-41f7-88d5-d61486fa19a5	climatic change mitigation	skos:narrowMatch	https://linked.data.gov.au/def/anzsrc-for/2020/410101	Carbon sequestration science	semapv:SemanticSimilarityThresholdMatching	0.780	0.6639	cosine	tamar-pairwise	Target within mitigation
http://data.europa.eu/8mn/euroscivoc/edd215c6-0ed9-4c86-8cb0-4f6504deb9f7	geographic information systems	skos:broadMatch	https://linked.data.gov.au/def/anzsrc-for/2020/401302	Geospatial information systems and geospatial data modelling	semapv:SemanticSimilarityThresholdMatching	0.940	0.6922	cosine	tamar-pairwise	Target covers GIS and modelling
http://data.europa.eu/8mn/euroscivoc/ee1d85aa-6280-4a27-9580-f5245768c72a	implants	skos:broadMatch	https://linked.data.gov.au/def/anzsrc-for/2020/400308	Medical devices	semapv:SemanticSimilarityThresholdMatching	0.920	0.7057	cosine	tamar-pairwise	Target covers implants
http://data.europa.eu/8mn/euroscivoc/f08d8dbc-70a6-4d8c-8f83-62e58a17bf2d	food safety	skos:broadMatch	https://linked.data.gov.au/def/anzsrc-for/2020/300605	Food safety, traceability, certification and authenticity	semapv:SemanticSimilarityThresholdMatching	0.960	0.7415	cosine	tamar-pairwise	Target adds traceability, authenticity
http://data.europa.eu/8mn/euroscivoc/f22f962e-29bd-49af-ad01-adc27b8d8922	admiralty law	skos:broadMatch	https://linked.data.gov.au/def/anzsrc-for/2020/480309	Ocean law and governance	semapv:SemanticSimilarityThresholdMatching	0.750	0.6520	cosine	tamar-pairwise	Target broader than admiralty law
http://data.europa.eu/8mn/euroscivoc/f23d8000-aab7-4a39-b8da-0271e43f736d	remanufacturing	skos:broadMatch	https://linked.data.gov.au/def/anzsrc-for/2020/401106	Waste management, reduction, reuse and recycling	semapv:SemanticSimilarityThresholdMatching	0.850	0.6681	cosine	tamar-pairwise	Target covers remanufacturing
http://data.europa.eu/8mn/euroscivoc/f26d918d-0024-4d97-ae6f-f8be85182f95	additive manufacturing	skos:exactMatch	https://linked.data.gov.au/def/anzsrc-for/2020/401401	Additive manufacturing	semapv:LexicalMatching	0.990	0.8350	cosine	tamar-pairwise	Exact labelled concept
http://data.europa.eu/8mn/euroscivoc/f2a75729-1f21-4b2d-8c7d-bc7af02e71f7	meteorology	skos:exactMatch	https://linked.data.gov.au/def/anzsrc-for/2020/370108	Meteorology	semapv:LexicalMatching	0.990	0.7877	cosine	tamar-pairwise	Same concept and hierarchy
http://data.europa.eu/8mn/euroscivoc/f2b83c17-acee-484f-bf99-d4769070e54e	evolutionary ecology	skos:exactMatch	https://linked.data.gov.au/def/anzsrc-for/2020/310405	Evolutionary ecology	semapv:LexicalMatching	0.990	0.9368	cosine	tamar-pairwise	Same concept and label
http://data.europa.eu/8mn/euroscivoc/f3177515-65f8-41f1-b387-f5aebebcf17a	heredity	skos:narrowMatch	https://linked.data.gov.au/def/anzsrc-for/2020/310502	Cell and nuclear division	semapv:SemanticSimilarityThresholdMatching	0.600	0.6997	cosine	tamar-pairwise	Heredity broader than cell division
http://data.europa.eu/8mn/euroscivoc/f356d41a-8770-4478-a884-1b2630e696a9	terrorism	skos:exactMatch	https://linked.data.gov.au/def/anzsrc-for/2020/440217	Terrorism	semapv:LexicalMatching	0.910	0.6688	cosine	tamar-pairwise	Same terrorism concept
http://data.europa.eu/8mn/euroscivoc/f39a5a59-d030-4697-aa22-29fa23291434	reproductive medicine	skos:exactMatch	https://linked.data.gov.au/def/anzsrc-for/2020/3215	Reproductive medicine	semapv:LexicalMatching	0.980			tamar-pairwise	Equivalent reproductive medicine concept
http://data.europa.eu/8mn/euroscivoc/f3cb3d46-1a4f-4c29-9e80-46a854f53382	optics	skos:narrowMatch	https://linked.data.gov.au/def/anzsrc-for/2020/510204	Photonics, optoelectronics and optical communications	semapv:SemanticSimilarityThresholdMatching	0.920	0.6752	cosine	tamar-pairwise	Target covers part of optics
http://data.europa.eu/8mn/euroscivoc/f4b43889-2563-4b75-bf8d-eff41cd43622	dental implantology	skos:closeMatch	https://linked.data.gov.au/def/anzsrc-for/2020/320306	Oral implantology	semapv:SemanticSimilarityThresholdMatching	0.990	0.8671	cosine	tamar-pairwise	Synonymous implantology specialties
http://data.europa.eu/8mn/euroscivoc/f4cb5fb7-3942-47b0-855c-3d9fca817513	automotive engineering	skos:exactMatch	https://linked.data.gov.au/def/anzsrc-for/2020/4002	Automotive engineering	semapv:LexicalMatching	0.990			tamar-pairwise	Same automotive engineering concept
http://data.europa.eu/8mn/euroscivoc/f52713c1-c09a-4bab-bf96-be85005c3233	pharmaceutical drugs	skos:broadMatch	https://linked.data.gov.au/def/anzsrc-for/2020/321405	Pharmaceutical sciences	semapv:SemanticSimilarityThresholdMatching	0.850	0.6691	cosine	tamar-pairwise	Target includes drug products
http://data.europa.eu/8mn/euroscivoc/f58015a8-2f96-4d60-ab00-5b1be92f2b80	hybrid energy	skos:narrowMatch	https://linked.data.gov.au/def/anzsrc-for/2020/400803	Electrical energy generation (incl. renewables, excl. photovoltaics)	semapv:SemanticSimilarityThresholdMatching	0.750	0.6520	cosine	tamar-pairwise	Source broader than target
http://data.europa.eu/8mn/euroscivoc/f5bf3404-60d3-43a9-a12c-ad98d9168abe	bioremediation	skos:exactMatch	https://linked.data.gov.au/def/anzsrc-for/2020/410303	Bioremediation	semapv:LexicalMatching	0.990	0.8342	cosine	tamar-pairwise	Identical concept and hierarchy
http://data.europa.eu/8mn/euroscivoc/f646b1b6-0774-41fd-afb3-570c9832ed05	dynamical systems	skos:narrowMatch	https://linked.data.gov.au/def/anzsrc-for/2020/490105	Dynamical systems in applications	semapv:SemanticSimilarityThresholdMatching	0.880	0.8645	cosine	tamar-pairwise	Target subset of source
http://data.europa.eu/8mn/euroscivoc/f67fcfdd-4265-4d1a-b065-17aa2492180c	physical anthropology	skos:closeMatch	https://linked.data.gov.au/def/anzsrc-for/2020/440103	Biological (physical) anthropology	semapv:SemanticSimilarityThresholdMatching	0.980	0.8088	cosine	tamar-pairwise	Same anthropological field
http://data.europa.eu/8mn/euroscivoc/f688c719-b99d-4140-874b-574380f66398	robotics	skos:narrowMatch	https://linked.data.gov.au/def/anzsrc-for/2020/460205	Intelligent robotics	semapv:SemanticSimilarityThresholdMatching	0.850	0.7417	cosine	tamar-pairwise	Target subset of robotics
http://data.europa.eu/8mn/euroscivoc/f6e18c52-6087-4662-904c-5c4b8174e40e	pneumology	skos:narrowMatch	https://linked.data.gov.au/def/anzsrc-for/2020/320103	Respiratory diseases	semapv:SemanticSimilarityThresholdMatching	0.840	0.7078	cosine	tamar-pairwise	Source includes broader scope
http://data.europa.eu/8mn/euroscivoc/f85a93ab-d8ab-4911-ab43-d65970ffed0c	autonomous robots	skos:narrowMatch	https://linked.data.gov.au/def/anzsrc-for/2020/460205	Intelligent robotics	semapv:SemanticSimilarityThresholdMatching	0.860	0.7275	cosine	tamar-pairwise	Target subset of autonomy
http://data.europa.eu/8mn/euroscivoc/f8714203-d97f-4852-b051-3b63b2795faa	political sciences	skos:exactMatch	https://linked.data.gov.au/def/anzsrc-for/2020/4408	Political science	semapv:LexicalMatching	0.990			tamar-pairwise	Same political science field
http://data.europa.eu/8mn/euroscivoc/f904fbe4-cff9-4f2c-9e7e-7b964cb2318f	molecular and chemical physics	skos:closeMatch	https://linked.data.gov.au/def/anzsrc-for/2020/510201	Atomic and molecular physics	semapv:SemanticSimilarityThresholdMatching	0.680	0.6588	cosine	tamar-pairwise	Overlapping molecular physics fields
http://data.europa.eu/8mn/euroscivoc/f9cbbc93-f86f-465f-b76a-834dd5d433fe	invasive species	skos:broadMatch	https://linked.data.gov.au/def/anzsrc-for/2020/4102	Ecological applications	semapv:SemanticSimilarityThresholdMatching	0.780	0.6673	cosine	tamar-pairwise	Target covers invasive species
http://data.europa.eu/8mn/euroscivoc/f9e4f6a4-2322-405e-9d4f-98d688b21523	eHealth	skos:closeMatch	https://linked.data.gov.au/def/anzsrc-for/2020/420302	Digital health	semapv:SemanticSimilarityThresholdMatching	0.960	0.7344	cosine	tamar-pairwise	Direct digital-health synonym
http://data.europa.eu/8mn/euroscivoc/fa2ceeab-3b2f-45e9-9243-e5a8005b98de	infectious diseases	skos:exactMatch	https://linked.data.gov.au/def/anzsrc-for/2020/320211	Infectious diseases	semapv:LexicalMatching	0.980			tamar-pairwise	Equivalent infectious diseases concept
http://data.europa.eu/8mn/euroscivoc/fad48e49-fad0-43df-8328-87dd8d61618c	differential equations	skos:relatedMatch	https://linked.data.gov.au/def/anzsrc-for/2020/490409	Ordinary differential equations, difference equations and dynamical systems	semapv:SemanticSimilarityThresholdMatching	0.850	0.6503	cosine	tamar-pairwise	Both cover ODEs only
http://data.europa.eu/8mn/euroscivoc/fba9976f-0a7e-410c-8fce-3a6cef46f5e1	other agricultural sciences	skos:broadMatch	https://linked.data.gov.au/def/anzsrc-for/2020/3099	Other agricultural, veterinary and food sciences	semapv:SemanticSimilarityThresholdMatching	0.850	0.7604	cosine	tamar-pairwise	Target adds veterinary, food
http://data.europa.eu/8mn/euroscivoc/fc6fade5-a32d-484a-b439-6a49971f1596	development theories	skos:broadMatch	https://linked.data.gov.au/def/anzsrc-for/2020/440404	Political economy and social change	semapv:SemanticSimilarityThresholdMatching	0.800	0.6634	cosine	tamar-pairwise	Target covers development theories
http://data.europa.eu/8mn/euroscivoc/fca43b97-3619-4883-8fc8-15630cf240d9	physical geography	skos:broadMatch	https://linked.data.gov.au/def/anzsrc-for/2020/3709	Physical geography and environmental geoscience	semapv:SemanticSimilarityThresholdMatching	0.920	0.7070	cosine	tamar-pairwise	Target includes environmental geoscience
http://data.europa.eu/8mn/euroscivoc/fcce0967-c6db-49f5-acba-4a3491bfc47f	nuclear fusion	skos:broadMatch	https://linked.data.gov.au/def/anzsrc-for/2020/5106	Nuclear and plasma physics	semapv:SemanticSimilarityThresholdMatching	0.820	0.6798	cosine	tamar-pairwise	Target includes fusion and others
http://data.europa.eu/8mn/euroscivoc/ff6d7f08-d7e1-4e6a-8732-78846eb70563	underwater archaeology	skos:broadMatch	https://linked.data.gov.au/def/anzsrc-for/2020/430108	Maritime archaeology	semapv:SemanticSimilarityThresholdMatching	0.900	0.8023	cosine	tamar-pairwise	Target covers broader field
http://data.europa.eu/8mn/euroscivoc/ff90b6be-370f-4b0c-a92a-ddf159df1b88	electrophoresis	skos:broadMatch	https://linked.data.gov.au/def/anzsrc-for/2020/340109	Separation science	semapv:SemanticSimilarityThresholdMatching	0.950	0.7185	cosine	tamar-pairwise	Target covers electrophoresis
http://data.europa.eu/8mn/euroscivoc/ff9e9276-586f-44d1-a309-368cbd77bdcb	sport and fitness sciences	skos:closeMatch	https://linked.data.gov.au/def/anzsrc-for/2020/4207	Sports science and exercise	semapv:SemanticSimilarityThresholdMatching	0.920	0.7105	cosine	tamar-pairwise	Equivalent sports science field
http://data.europa.eu/8mn/euroscivoc/ffc3e032-af19-4cba-885d-737f1f777d73	rare earths	skos:broadMatch	https://linked.data.gov.au/def/anzsrc-for/2020/401903	Hydrometallurgy	semapv:SemanticSimilarityThresholdMatching	0.780	0.6933	cosine	tamar-pairwise	Hydrometallurgy broader than rare earths
