subject_id	subject_label	predicate_id	object_id	object_label	mapping_justification	confidence	similarity_score	similarity_measure	mapping_tool	comment
http://data.europa.eu/8mn/euroscivoc/003461b1-d367-4c84-b5e4-ab5e4943437d	land management	skos:narrowMatch	https://w3id.org/tamar/taxonomies/oecd/31050763	Soil conservation	semapv:LexicalMatching	0.850	0.6940	cosine	tamar-pairwise	Narrower soil aspect
http://data.europa.eu/8mn/euroscivoc/0085a6d1-0b32-479f-a560-0cbf6cffee9b	astronautical engineering	skos:narrowMatch	https://w3id.org/tamar/taxonomies/oecd/31049166	Propulsion systems engineering	semapv:SemanticSimilarityThresholdMatching	0.850	0.7032	cosine	tamar-pairwise	Target covers only propulsion
http://data.europa.eu/8mn/euroscivoc/00a5c4f4-b7ee-41a4-bcdf-3a02e6be1660	clinical neurology	skos:exactMatch	https://w3id.org/tamar/taxonomies/oecd/31050486	Clinical neurology	semapv:LexicalMatching	0.990	0.7214	cosine	tamar-pairwise	Identical label and hierarchy
http://data.europa.eu/8mn/euroscivoc/00ec24cf-bc96-4a3f-9cf9-c0715e98354c	business intelligence	skos:broadMatch	https://w3id.org/tamar/taxonomies/oecd/31050020	Information management	semapv:SemanticSimilarityThresholdMatching	0.710	0.7039	cosine	tamar-pairwise	Target broader than BI
http://data.europa.eu/8mn/euroscivoc/01fc32f3-a4fb-4c1b-8340-888f2fca1a90	pathology	skos:exactMatch	https://w3id.org/tamar/taxonomies/oecd/31050376	Pathology	semapv:LexicalMatching	0.990	0.7800	cosine	tamar-pairwise	Identical concept and hierarchy
http://data.europa.eu/8mn/euroscivoc/0212589d-84da-40f5-a8a4-384909a60e39	anxiety disorders	skos:broadMatch	https://w3id.org/tamar/taxonomies/oecd/31050331	Psychiatric disorders	semapv:SemanticSimilarityThresholdMatching	0.880	0.6912	cosine	tamar-pairwise	covers many disorders
http://data.europa.eu/8mn/euroscivoc/021bf00b-fbb1-487a-b79c-feacbb17b814	neurobiology	skos:exactMatch	https://w3id.org/tamar/taxonomies/oecd/31050319	Neurobiology	semapv:LexicalMatching	0.980	0.7088	cosine	tamar-pairwise	Same concept and hierarchy
http://data.europa.eu/8mn/euroscivoc/02695258-7117-47a3-8b32-bbf861dae234	aircraft	skos:relatedMatch	https://w3id.org/tamar/taxonomies/oecd/31050063	Aeronautical Design and Systems Integration	semapv:SemanticSimilarityThresholdMatching	0.620	0.7032	cosine	tamar-pairwise	Design focus differs
http://data.europa.eu/8mn/euroscivoc/02fb94bf-d412-425c-8f85-f9b9d5068268	planets	skos:broadMatch	https://w3id.org/tamar/taxonomies/oecd/31048491	Planetary systems sciences	semapv:SemanticSimilarityThresholdMatching	0.850	0.7606	cosine	tamar-pairwise	covers moons, dust
http://data.europa.eu/8mn/euroscivoc/03b527bb-d9bd-4191-a424-775f6af730f0	chemical process engineering	skos:exactMatch	https://w3id.org/tamar/taxonomies/oecd/31049181	Chemical process engineering	semapv:LexicalMatching	0.990			tamar-pairwise	Identical concept and hierarchy
http://data.europa.eu/8mn/euroscivoc/04031aa6-3d4a-4265-8571-0f34dd07fd76	influenza	skos:closeMatch	https://w3id.org/tamar/taxonomies/oecd/31050640	Influenza	semapv:LexicalMatching	0.780	0.6808	cosine	tamar-pairwise	Same influenza subject, differing scope
http://data.europa.eu/8mn/euroscivoc/0432df49-4127-42da-9eae-d07d8061f62d	energy and fuels	skos:narrowMatch	https://w3id.org/tamar/taxonomies/oecd/31049220	Energy collection, conversion and storage, renewable energy	semapv:SemanticSimilarityThresholdMatching	0.900	0.7222	cosine	tamar-pairwise	Target subset of source
http://data.europa.eu/8mn/euroscivoc/04589be3-96d0-4963-b753-cf690b001501	hydroinformatics	skos:narrowMatch	https://w3id.org/tamar/taxonomies/oecd/31048777	Water system modelling	semapv:SemanticSimilarityThresholdMatching	0.850	0.7476	cosine	tamar-pairwise	Target models only
http://data.europa.eu/8mn/euroscivoc/045d8dc4-1d48-4d18-b8ad-47e9df29100e	diagnostic imaging	skos:narrowMatch	https://w3id.org/tamar/taxonomies/oecd/31050433	Tomography	semapv:SemanticSimilarityThresholdMatching	0.920	0.7180	cosine	tamar-pairwise	Source broader than tomography
http://data.europa.eu/8mn/euroscivoc/04bae929-c29b-4abe-a923-85bf61235dcd	diabetic nephropathy	skos:broadMatch	https://w3id.org/tamar/taxonomies/oecd/31050459	Nephropathy	semapv:SemanticSimilarityThresholdMatching	0.920	0.7748	cosine	tamar-pairwise	Target covers all nephropathies
http://data.europa.eu/8mn/euroscivoc/052af83f-414d-403b-ba9c-e08d8151bac8	diagnostic technologies	skos:closeMatch	https://w3id.org/tamar/taxonomies/oecd/31049212	Diagnostic tools (e.g. genetic, imaging)	semapv:SemanticSimilarityThresholdMatching	0.940	0.7676	cosine	tamar-pairwise	Diagnostic tools and technologies
http://data.europa.eu/8mn/euroscivoc/052bc92d-760c-43ab-958e-2330c72a4212	economics and business	skos:exactMatch	https://w3id.org/tamar/taxonomies/oecd/31050945	Economics and Business	semapv:LexicalMatching	0.990	0.8444	cosine	tamar-pairwise	Identical concept and hierarchy
http://data.europa.eu/8mn/euroscivoc/05cb3438-9392-4a86-b945-2ff240183683	electromagnetism and electronics	skos:narrowMatch	https://w3id.org/tamar/taxonomies/oecd/31049120	Electronics, photonics	semapv:SemanticSimilarityThresholdMatching	0.880	0.6623	cosine	tamar-pairwise	Source includes magnetism beyond
http://data.europa.eu/8mn/euroscivoc/060a0080-34de-404c-b235-ee69daa67ada	mining and mineral processing	skos:exactMatch	https://w3id.org/tamar/taxonomies/oecd/31049400	Mining and mineral processing	semapv:LexicalMatching	0.990	0.6722	cosine	tamar-pairwise	Identical concept and hierarchy
http://data.europa.eu/8mn/euroscivoc/06109c22-82cc-4ba3-a0cd-22e516f18f66	structural health monitoring	skos:broadMatch	https://w3id.org/tamar/taxonomies/oecd/31049761	Damage tolerance and health monitoring	semapv:SemanticSimilarityThresholdMatching	0.780	0.7570	cosine	tamar-pairwise	Target adds damage tolerance
http://data.europa.eu/8mn/euroscivoc/064e41de-ff96-4ad5-b27d-452957cb0c1e	spintronics	skos:exactMatch	https://w3id.org/tamar/taxonomies/oecd/31048454	Spintronics	semapv:LexicalMatching	0.990	0.7056	cosine	tamar-pairwise	Identical scientific concept
http://data.europa.eu/8mn/euroscivoc/0650224c-0f98-4b97-a6ac-f6cf00b0b636	mineralogy	skos:exactMatch	https://w3id.org/tamar/taxonomies/oecd/31048649	Mineralogy	semapv:LexicalMatching	0.990			tamar-pairwise	Same mineralogy concept
http://data.europa.eu/8mn/euroscivoc/06ffa531-7258-46e4-ad8e-746bc1a552e1	computed tomography	skos:broadMatch	https://w3id.org/tamar/taxonomies/oecd/31050433	Tomography	semapv:SemanticSimilarityThresholdMatching	0.930	0.6701	cosine	tamar-pairwise	Target covers more modalities
http://data.europa.eu/8mn/euroscivoc/07908adb-b5e2-45ff-bc5a-84f0061ee96d	schizophrenia	skos:broadMatch	https://w3id.org/tamar/taxonomies/oecd/31050331	Psychiatric disorders	semapv:SemanticSimilarityThresholdMatching	0.970	0.6616	cosine	tamar-pairwise	Target heading covers schizophrenia
http://data.europa.eu/8mn/euroscivoc/07a730ab-de3a-40bd-b8a6-03b325a7d50d	smart sensors	skos:broadMatch	https://w3id.org/tamar/taxonomies/oecd/31049965	Sensor Technology and Components	semapv:SemanticSimilarityThresholdMatching	0.850	0.6985	cosine	tamar-pairwise	Target covers smart sensors
http://data.europa.eu/8mn/euroscivoc/081ec693-4e8c-46cb-b4d7-4deb186b534a	soft matter physics	skos:exactMatch	https://w3id.org/tamar/taxonomies/oecd/31048456	Soft condensed matter	semapv:LexicalMatching	0.980	0.6911	cosine	tamar-pairwise	Equivalent soft matter concept
http://data.europa.eu/8mn/euroscivoc/08c42eeb-abe1-44ee-bf30-a29f39897f40	telecommunications networks	skos:closeMatch	https://w3id.org/tamar/taxonomies/oecd/31049825	Networking	semapv:SemanticSimilarityThresholdMatching	0.780	0.7178	cosine	tamar-pairwise	Networking within telecommunications
http://data.europa.eu/8mn/euroscivoc/09a71723-9801-4f1d-82da-324d219a4cdb	hepatitis B	skos:broadMatch	https://w3id.org/tamar/taxonomies/oecd/31050647	Hepatitis	semapv:SemanticSimilarityThresholdMatching	0.920	0.7110	cosine	tamar-pairwise	Target includes hepatitis B
http://data.europa.eu/8mn/euroscivoc/0adb1597-9fb5-43ec-81ba-09af6670352d	biodiversity conservation	skos:exactMatch	https://w3id.org/tamar/taxonomies/oecd/31048990	Biodiversity conservation	semapv:LexicalMatching	1.000			tamar-pairwise	Identical concept and hierarchy
http://data.europa.eu/8mn/euroscivoc/0b3acff8-05e8-448e-ba5e-db6fee0e6d32	journalism	skos:exactMatch	https://w3id.org/tamar/taxonomies/oecd/31051097	Journalism	semapv:LexicalMatching	0.990	0.7385	cosine	tamar-pairwise	Same concept and hierarchy
http://data.europa.eu/8mn/euroscivoc/0b5b841c-e4a3-4179-9c06-166041fd4254	synthetic dyes	skos:broadMatch	https://w3id.org/tamar/taxonomies/oecd/31049201	Textiles including synthetic dyes, colours, fibres	semapv:SemanticSimilarityThresholdMatching	0.920	0.7399	cosine	tamar-pairwise	Target heading covers both
http://data.europa.eu/8mn/euroscivoc/0b7ef923-ea48-47bd-a5f1-2c5b18f53d20	archaeometry	skos:narrowMatch	https://w3id.org/tamar/taxonomies/oecd/31051162	Comparative archaeology	semapv:SemanticSimilarityThresholdMatching	0.750	0.8120	cosine	tamar-pairwise	Source covers target
http://data.europa.eu/8mn/euroscivoc/0b94b07d-b3bc-4b89-9d2a-5815d4fadb83	fisheries	skos:exactMatch	https://w3id.org/tamar/taxonomies/oecd/31050758	Fishery	semapv:LexicalMatching	0.980	0.7613	cosine	tamar-pairwise	Same fisheries concept
http://data.europa.eu/8mn/euroscivoc/0bccc6b0-7563-4056-aff7-5436488dc37e	water engineering	skos:closeMatch	https://w3id.org/tamar/taxonomies/oecd/31049056	Waterworks and coastal engineering	semapv:SemanticSimilarityThresholdMatching	0.910	0.8557	cosine	tamar-pairwise	Water engineering scope overlap
http://data.europa.eu/8mn/euroscivoc/0bd504f3-6633-49aa-973b-cbed464fb259	foreign policy	skos:narrowMatch	https://w3id.org/tamar/taxonomies/oecd/31051117	Common Foreign Security Policy (CFSP)	semapv:SemanticSimilarityThresholdMatching	0.850	0.6574	cosine	tamar-pairwise	Target narrower than source
http://data.europa.eu/8mn/euroscivoc/0bf709d0-834b-4448-a89c-7fb04cece64a	other social sciences	skos:exactMatch	https://w3id.org/tamar/taxonomies/oecd/31051107	Other social sciences	semapv:LexicalMatching	0.990			tamar-pairwise	Identical concept and hierarchy
http://data.europa.eu/8mn/euroscivoc/0c67e976-ff93-4ca9-8ec7-ac06876e3e41	microscopy	skos:exactMatch	https://w3id.org/tamar/taxonomies/oecd/31048605	Microscopy	semapv:LexicalMatching	0.980	0.7060	cosine	tamar-pairwise	Same microscopy field
http://data.europa.eu/8mn/euroscivoc/0c6b84cc-3887-4838-b7a3-4c799c1bee52	radio astronomy	skos:closeMatch	https://w3id.org/tamar/taxonomies/oecd/31048527	Observational astronomy: radio	semapv:SemanticSimilarityThresholdMatching	0.980	0.8729	cosine	tamar-pairwise	Same radio astronomy domain
http://data.europa.eu/8mn/euroscivoc/0cb1d432-f934-49dc-bab4-22b6ce4b1327	bioartificial liver	skos:broadMatch	https://w3id.org/tamar/taxonomies/oecd/31049206	Artificial organs	semapv:SemanticSimilarityThresholdMatching	0.900	0.7904	cosine	tamar-pairwise	Target includes bioartificial liver
http://data.europa.eu/8mn/euroscivoc/0cd8fe36-dfc3-43cd-882a-5dade629fe25	computer hardware	skos:closeMatch	https://w3id.org/tamar/taxonomies/oecd/31049144	Computer hardware and architecture	semapv:SemanticSimilarityThresholdMatching	0.930	0.6645	cosine	tamar-pairwise	Hardware and architecture field
http://data.europa.eu/8mn/euroscivoc/0d082a10-ed95-4992-9df1-b4f4b301edfa	nanoelectronics	skos:broadMatch	https://w3id.org/tamar/taxonomies/oecd/31049439	Nano-processes (applications on nano-scale)	semapv:SemanticSimilarityThresholdMatching	0.840	0.7453	cosine	tamar-pairwise	Target includes nanoelectronics
http://data.europa.eu/8mn/euroscivoc/0d3c1001-9a67-4245-bc15-2aef8b239df1	nuclear engineering	skos:closeMatch	https://w3id.org/tamar/taxonomies/oecd/31049176	Nuclear related engineering	semapv:SemanticSimilarityThresholdMatching	0.880	0.7327	cosine	tamar-pairwise	Nuclear engineering field
http://data.europa.eu/8mn/euroscivoc/0d45044a-74d5-4bd7-b920-b92af3388576	internal medicine	skos:closeMatch	https://w3id.org/tamar/taxonomies/oecd/31050488	General and internal medicine	semapv:SemanticSimilarityThresholdMatching	0.960	0.8686	cosine	tamar-pairwise	Equivalent medical specialty
http://data.europa.eu/8mn/euroscivoc/0d96e774-3021-4d1d-a870-2d36b9392f4a	optical networks	skos:broadMatch	https://w3id.org/tamar/taxonomies/oecd/31049731	Optical Communications	semapv:SemanticSimilarityThresholdMatching	0.900	0.7411	cosine	tamar-pairwise	Target covers more than network
http://data.europa.eu/8mn/euroscivoc/0ddc0516-dd57-458a-9c1f-c1523dcce3bc	flood risk management	skos:broadMatch	https://w3id.org/tamar/taxonomies/oecd/31050217	Crisis management operations	semapv:SemanticSimilarityThresholdMatching	0.750	0.6666	cosine	tamar-pairwise	Target covers many operations
http://data.europa.eu/8mn/euroscivoc/0e362272-f233-4787-bfb1-1917f4c7c43a	biochemical engineering	skos:broadMatch	https://w3id.org/tamar/taxonomies/oecd/31049180	Chemical engineering, technical chemistry	semapv:SemanticSimilarityThresholdMatching	0.780	0.7093	cosine	tamar-pairwise	Target broader than source
http://data.europa.eu/8mn/euroscivoc/0f7327f0-f241-40a5-9728-5ed61a7ef5d3	psycholinguistics	skos:exactMatch	https://w3id.org/tamar/taxonomies/oecd/31051180	Psycholinguistics	semapv:LexicalMatching	0.980	0.7976	cosine	tamar-pairwise	Exact disciplinary concept
http://data.europa.eu/8mn/euroscivoc/0fce4b31-70e0-42f1-b844-5f7f0ce74914	thermodynamics	skos:exactMatch	https://w3id.org/tamar/taxonomies/oecd/31048461	Thermodynamics	semapv:LexicalMatching	0.990			tamar-pairwise	Same scientific discipline
http://data.europa.eu/8mn/euroscivoc/10352c4c-328e-4dac-a89c-44b6be1420e9	chemical engineering	skos:exactMatch	https://w3id.org/tamar/taxonomies/oecd/31049178	Chemical engineering	semapv:LexicalMatching	0.990	0.7720	cosine	tamar-pairwise	Identical concept and hierarchy
http://data.europa.eu/8mn/euroscivoc/110fd131-cade-4ced-af28-a67791353e54	production economics	skos:exactMatch	https://w3id.org/tamar/taxonomies/oecd/31050966	Industrial economics	semapv:LexicalMatching	0.870			tamar-pairwise	Alternate label denotes same field
http://data.europa.eu/8mn/euroscivoc/1198b23a-f82f-4189-8778-d9a742430a0f	telecommunications	skos:closeMatch	https://w3id.org/tamar/taxonomies/oecd/31049140	Communication engineering and systems telecommunications	semapv:SemanticSimilarityThresholdMatching	0.930	0.7552	cosine	tamar-pairwise	Equivalent telecommunications engineering concept
http://data.europa.eu/8mn/euroscivoc/119b0e70-ed46-44ae-97e9-fe00411af08c	data exchange	skos:narrowMatch	https://w3id.org/tamar/taxonomies/oecd/31053962	Data markets	semapv:SemanticSimilarityThresholdMatching	0.700	0.7107	cosine	tamar-pairwise	Market subset of exchange
http://data.europa.eu/8mn/euroscivoc/12c980a5-034f-4cd5-8ce7-fcfe109c675c	social sciences	skos:exactMatch	https://w3id.org/tamar/taxonomies/oecd/31050909	SOCIAL SCIENCES	semapv:LexicalMatching	0.990	0.9651	cosine	tamar-pairwise	Identical concept and hierarchy
http://data.europa.eu/8mn/euroscivoc/12df4518-adab-4191-a79f-74eb18ad1688	industrial biotechnology	skos:exactMatch	https://w3id.org/tamar/taxonomies/oecd/31049424	Industrial biotechnology	semapv:LexicalMatching	0.990	0.7488	cosine	tamar-pairwise	Identical concept and hierarchy
http://data.europa.eu/8mn/euroscivoc/134581fe-5bce-4d8a-9279-bbb69c824ea3	clinical microbiology	skos:broadMatch	https://w3id.org/tamar/taxonomies/oecd/31048805	Medical microbiology	semapv:SemanticSimilarityThresholdMatching	0.860	0.7700	cosine	tamar-pairwise	Target covers clinical microbiology
http://data.europa.eu/8mn/euroscivoc/143d188d-70b4-456a-acde-7ecff3584dc7	urban drainage	skos:broadMatch	https://w3id.org/tamar/taxonomies/oecd/31048765	Urban water management	semapv:SemanticSimilarityThresholdMatching	0.900	0.7944	cosine	tamar-pairwise	Target includes drainage
http://data.europa.eu/8mn/euroscivoc/14401fcb-cc47-4553-8d26-95ad6f007695	e-commerce	skos:closeMatch	https://w3id.org/tamar/taxonomies/oecd/31073713	Electronic commerce (eCommerce)	semapv:SemanticSimilarityThresholdMatching	0.960	0.8181	cosine	tamar-pairwise	Equivalent electronic commerce concept
http://data.europa.eu/8mn/euroscivoc/149f7cd2-b593-4307-bf6f-77fbfd3ee961	government systems	skos:narrowMatch	https://w3id.org/tamar/taxonomies/oecd/31073715	Electronic governance	semapv:SemanticSimilarityThresholdMatching	0.930	0.7732	cosine	tamar-pairwise	Electronic governance subset
http://data.europa.eu/8mn/euroscivoc/14e75836-6f05-46f9-9c82-ca12468b0452	other engineering and technologies	skos:exactMatch	https://w3id.org/tamar/taxonomies/oecd/31049441	Other engineering and technologies	semapv:LexicalMatching	0.990	0.6985	cosine	tamar-pairwise	Same concept and hierarchy
http://data.europa.eu/8mn/euroscivoc/15701609-4c65-462a-b230-d362816906ed	cell signaling	skos:broadMatch	https://w3id.org/tamar/taxonomies/oecd/31048799	Cell signalling and cellular interactions	semapv:SemanticSimilarityThresholdMatching	0.900	0.7279	cosine	tamar-pairwise	Includes other interactions
http://data.europa.eu/8mn/euroscivoc/1583cad3-15fd-4040-ac6a-0a0e51923e8a	electric power transmission	skos:broadMatch	https://w3id.org/tamar/taxonomies/oecd/31049303	Electricity Transmission/Distribution	semapv:SemanticSimilarityThresholdMatching	0.860	0.7461	cosine	tamar-pairwise	Includes distribution as well
http://data.europa.eu/8mn/euroscivoc/174096ac-5f6f-4ce7-a4bb-675c8e06fc83	natural satellites	skos:relatedMatch	https://w3id.org/tamar/taxonomies/oecd/31048493	Terrestrial planets and major satellites	semapv:SemanticSimilarityThresholdMatching	0.800	0.6613	cosine	tamar-pairwise	Overlap, adds planets
http://data.europa.eu/8mn/euroscivoc/17439090-a52c-4460-99ac-84f5454af69f	sustainable economy	skos:narrowMatch	https://w3id.org/tamar/taxonomies/oecd/31053964	Low-Carbon economy	semapv:SemanticSimilarityThresholdMatching	0.920	0.6731	cosine	tamar-pairwise	Target sits inside source
http://data.europa.eu/8mn/euroscivoc/1771166d-eb6d-47fc-8d0b-ecfd001efbbc	organic geochemistry	skos:broadMatch	https://w3id.org/tamar/taxonomies/oecd/31048659	Geochemistry, crystal chemistry, isotope geochemistry, thermodynamics	semapv:SemanticSimilarityThresholdMatching	0.750	0.6508	cosine	tamar-pairwise	Aggregates many subfields
http://data.europa.eu/8mn/euroscivoc/17849784-ab0a-4622-9678-19c11f64c0d2	history of philosophy	skos:exactMatch	https://w3id.org/tamar/taxonomies/oecd/31051134	History of philosophy	semapv:LexicalMatching	0.990	0.6983	cosine	tamar-pairwise	Exact concept label
http://data.europa.eu/8mn/euroscivoc/17b7bbad-4972-4fe7-aa3c-cbd21809f0bb	electric energy	skos:narrowMatch	https://w3id.org/tamar/taxonomies/oecd/31049296	Ocean energy	semapv:SemanticSimilarityThresholdMatching	0.780	0.7333	cosine	tamar-pairwise	Target is subset
http://data.europa.eu/8mn/euroscivoc/17e1c13a-0c3d-45ed-ac46-30fa3e7e2bf5	recycling	skos:closeMatch	https://w3id.org/tamar/taxonomies/oecd/31048983	Waste recycling	semapv:SemanticSimilarityThresholdMatching	0.930	0.6687	cosine	tamar-pairwise	Same waste recycling process
http://data.europa.eu/8mn/euroscivoc/1844c39c-060b-4eae-b6b3-a9b7a266f61b	paleoclimatology	skos:broadMatch	https://w3id.org/tamar/taxonomies/oecd/31048676	Climatic research	semapv:SemanticSimilarityThresholdMatching	0.850	0.6843	cosine	tamar-pairwise	Target covers paleoclimatology plus others
http://data.europa.eu/8mn/euroscivoc/186e9994-7c1c-44c1-a1e9-ff90e8593184	robotic surgery	skos:closeMatch	https://w3id.org/tamar/taxonomies/oecd/31053915	Surgical robotics	semapv:SemanticSimilarityThresholdMatching	0.980	0.7937	cosine	tamar-pairwise	Equivalent surgical robotics
http://data.europa.eu/8mn/euroscivoc/188c4e44-9851-4a16-a960-85423574f287	desalination	skos:exactMatch	https://w3id.org/tamar/taxonomies/oecd/31049160	Desalination	semapv:LexicalMatching	0.980	0.6955	cosine	tamar-pairwise	Same desalination technology
http://data.europa.eu/8mn/euroscivoc/189bf165-64c4-423e-bab1-eac6a2db721d	behavioural psychology	skos:narrowMatch	https://w3id.org/tamar/taxonomies/oecd/31048938	Animal psychology	semapv:SemanticSimilarityThresholdMatching	0.850	0.6687	cosine	tamar-pairwise	Target focuses only animals
http://data.europa.eu/8mn/euroscivoc/192cfa59-26ab-465e-9338-2b957e3d79ba	history	skos:exactMatch	https://w3id.org/tamar/taxonomies/oecd/31051121	History	semapv:LexicalMatching	0.990	0.7215	cosine	tamar-pairwise	Same concept and hierarchy
http://data.europa.eu/8mn/euroscivoc/1961db3b-4f6b-43b7-b1b3-aaffffaf1c6f	modern history	skos:closeMatch	https://w3id.org/tamar/taxonomies/oecd/31051128	Modern and contemporary history	semapv:SemanticSimilarityThresholdMatching	0.940	0.7249	cosine	tamar-pairwise	Modern history scope overlap
http://data.europa.eu/8mn/euroscivoc/1a43fd07-63bc-4b62-aee4-71b3a9f91ccc	sustainable agriculture	skos:narrowMatch	https://w3id.org/tamar/taxonomies/oecd/31050791	Agroecology	semapv:SemanticSimilarityThresholdMatching	0.850	0.7172	cosine	tamar-pairwise	Agroecology sits inside sustainability
http://data.europa.eu/8mn/euroscivoc/1a9b237f-0900-4033-b430-90faca7629a4	extragalactic astronomy	skos:narrowMatch	https://w3id.org/tamar/taxonomies/oecd/31048507	Formation and evolution of galaxies	semapv:SemanticSimilarityThresholdMatching	0.920	0.6585	cosine	tamar-pairwise	Target is specific subfield
http://data.europa.eu/8mn/euroscivoc/1ad04442-4f97-4a5e-aba8-4fc2889faeca	languages and literature	skos:exactMatch	https://w3id.org/tamar/taxonomies/oecd/31051164	Languages and Literature	semapv:LexicalMatching	0.990	0.7427	cosine	tamar-pairwise	Equivalent concept and hierarchy
http://data.europa.eu/8mn/euroscivoc/1b9c930f-4eb9-41cb-b7c7-9ac1b8e3b31e	air traffic management	skos:narrowMatch	https://w3id.org/tamar/taxonomies/oecd/31049573	AMG Airspace Management	semapv:SemanticSimilarityThresholdMatching	0.940	0.8050	cosine	tamar-pairwise	Target covers only airspace
http://data.europa.eu/8mn/euroscivoc/1bcb8843-403e-4eaa-83e9-98a09e091f18	metabolomes	skos:exactMatch	https://w3id.org/tamar/taxonomies/oecd/31048830	Metabolomics	semapv:LexicalMatching	0.980	0.7230	cosine	tamar-pairwise	Same metabolomics discipline
http://data.europa.eu/8mn/euroscivoc/1c5d248d-15f9-4e68-8a4b-30278475103a	concentrated solar power	skos:exactMatch	https://w3id.org/tamar/taxonomies/oecd/31049299	Concentrated Solar Power	semapv:LexicalMatching	0.990	0.7690	cosine	tamar-pairwise	Identical energy technology
http://data.europa.eu/8mn/euroscivoc/1c9679d2-8bf2-436e-bae7-d7b99b82dff1	hydrogeology	skos:broadMatch	https://w3id.org/tamar/taxonomies/oecd/31048763	Hydrology (Water science)	semapv:SemanticSimilarityThresholdMatching	0.920	0.7069	cosine	tamar-pairwise	Target covers groundwater studies
http://data.europa.eu/8mn/euroscivoc/1cd66672-bc7f-48ee-b60e-332bcb886d09	physical oceanography	skos:exactMatch	https://w3id.org/tamar/taxonomies/oecd/31048687	Physical oceanography	semapv:LexicalMatching	0.990	0.8005	cosine	tamar-pairwise	Identical concept and hierarchy
http://data.europa.eu/8mn/euroscivoc/1d567f6c-e6c1-4742-8d45-dad617ef0dfd	control systems	skos:exactMatch	https://w3id.org/tamar/taxonomies/oecd/31049126	Automation and control systems	semapv:LexicalMatching	0.980			tamar-pairwise	Equivalent automation-control concept
http://data.europa.eu/8mn/euroscivoc/1d61ac8a-6360-432d-9729-f180ba76f24b	molecular biology	skos:exactMatch	https://w3id.org/tamar/taxonomies/oecd/31048824	Molecular biology	semapv:LexicalMatching	0.990	0.6941	cosine	tamar-pairwise	Identical concept labels
http://data.europa.eu/8mn/euroscivoc/1d8b779c-f72c-40fe-a8b9-22608c4e9df4	agricultural biotechnology	skos:exactMatch	https://w3id.org/tamar/taxonomies/oecd/31050872	Agricultural biotechnology	semapv:LexicalMatching	0.990			tamar-pairwise	Identical concept and hierarchy
http://data.europa.eu/8mn/euroscivoc/1dc067cd-e750-44f5-9a8a-67ed4b788457	coastal ecosystems	skos:exactMatch	https://w3id.org/tamar/taxonomies/oecd/31048959	Coastal ecosystems	semapv:LexicalMatching	0.990	0.8381	cosine	tamar-pairwise	Identical coastal ecosystem concept
http://data.europa.eu/8mn/euroscivoc/1e41a6e4-0f75-496a-964e-adf5c3ec4b98	solid-state physics	skos:narrowMatch	https://w3id.org/tamar/taxonomies/oecd/31048443	Structure of solids and liquids	semapv:SemanticSimilarityThresholdMatching	0.840	0.7257	cosine	tamar-pairwise	Target narrower than source
http://data.europa.eu/8mn/euroscivoc/1e67c9c9-9aa8-49a2-9fdb-7c6d4f6a27fe	development economics	skos:closeMatch	https://w3id.org/tamar/taxonomies/oecd/31050960	Development, economic growth	semapv:SemanticSimilarityThresholdMatching	0.900	0.8172	cosine	tamar-pairwise	Economic development field
http://data.europa.eu/8mn/euroscivoc/1e8240f2-c719-422e-aaa7-dc53a545df81	orthodontics	skos:broadMatch	https://w3id.org/tamar/taxonomies/oecd/31050438	Dentistry, oral surgery and medicine	semapv:SemanticSimilarityThresholdMatching	0.850	0.7171	cosine	tamar-pairwise	Target heading covers orthodontics
http://data.europa.eu/8mn/euroscivoc/1f4d4813-3250-49ec-acb8-58c274e95afc	econometrics	skos:closeMatch	https://w3id.org/tamar/taxonomies/oecd/31050947	Econometrics, statistical methods	semapv:SemanticSimilarityThresholdMatching	0.940	0.7570	cosine	tamar-pairwise	Econometrics statistical methods
http://data.europa.eu/8mn/euroscivoc/1f6c74df-a512-462e-99aa-8dcbaa98972a	databases	skos:narrowMatch	https://w3id.org/tamar/taxonomies/oecd/31053790	Very large data bases	semapv:SemanticSimilarityThresholdMatching	0.800	0.6715	cosine	tamar-pairwise	Target a subset of databases
http://data.europa.eu/8mn/euroscivoc/20e77e46-571d-42a4-b3f1-8eb284bc4034	philosophy	skos:broadMatch	https://w3id.org/tamar/taxonomies/oecd/31051182	Philosophy, History and philosophy of science and technology	semapv:SemanticSimilarityThresholdMatching	0.850	0.7429	cosine	tamar-pairwise	Target adds history science
http://data.europa.eu/8mn/euroscivoc/22429439-1f3e-4436-95f6-d8a51d2841f5	metamorphic petrology	skos:exactMatch	https://w3id.org/tamar/taxonomies/oecd/31048652	Metamorphic petrology	semapv:LexicalMatching	0.990	0.8853	cosine	tamar-pairwise	Exact subject match
http://data.europa.eu/8mn/euroscivoc/22838313-b78b-47ec-b868-9028e48adb3f	vegetable growing	skos:closeMatch	https://w3id.org/tamar/taxonomies/oecd/31050786	Vegetables	semapv:SemanticSimilarityThresholdMatching	0.820	0.7657	cosine	tamar-pairwise	Vegetable production category
http://data.europa.eu/8mn/euroscivoc/22aa7f46-de22-440d-8864-ff867878f11f	mass spectrometry	skos:exactMatch	https://w3id.org/tamar/taxonomies/oecd/31048596	Mass Spectrometry	semapv:LexicalMatching	0.990			tamar-pairwise	Identical method concept
http://data.europa.eu/8mn/euroscivoc/22d7f866-475e-4665-b173-d6e7b4a1260f	fetal medicine	skos:broadMatch	https://w3id.org/tamar/taxonomies/oecd/31050542	Prenatal health	semapv:SemanticSimilarityThresholdMatching	0.850	0.6757	cosine	tamar-pairwise	Target covers more than fetus
http://data.europa.eu/8mn/euroscivoc/22ea0d5d-4358-4568-8c42-c728869ba3b9	renewable energy	skos:closeMatch	https://w3id.org/tamar/taxonomies/oecd/31049290	Renewable energy sources - general	semapv:SemanticSimilarityThresholdMatching	0.970	0.7104	cosine	tamar-pairwise	General renewable energy category
http://data.europa.eu/8mn/euroscivoc/22f80759-3d33-4ae9-9489-a5aefedc54c3	microtechnology	skos:narrowMatch	https://w3id.org/tamar/taxonomies/oecd/31049123	Micro (system) engineering	semapv:SemanticSimilarityThresholdMatching	0.860	0.6854	cosine	tamar-pairwise	Target subset of microtechnology
http://data.europa.eu/8mn/euroscivoc/2322520f-4e32-45e3-8f8b-bedc5ab4ba9b	electric batteries	skos:broadMatch	https://w3id.org/tamar/taxonomies/oecd/31048623	Electrochemistry, batteries and fuel cells	semapv:SemanticSimilarityThresholdMatching	0.940	0.6674	cosine	tamar-pairwise	Target includes fuel cells
http://data.europa.eu/8mn/euroscivoc/236847fb-c866-457d-94ea-689ad103223c	exoplanetology	skos:closeMatch	https://w3id.org/tamar/taxonomies/oecd/31048496	Exoplanets	semapv:SemanticSimilarityThresholdMatching	0.880	0.7727	cosine	tamar-pairwise	Exoplanet focus, field-object distinction
http://data.europa.eu/8mn/euroscivoc/23764a76-2c59-4320-9cc2-06a6325ee4ae	plant protection	skos:broadMatch	https://w3id.org/tamar/taxonomies/oecd/31050817	Plant breeding and plant protection	semapv:SemanticSimilarityThresholdMatching	0.940	0.7843	cosine	tamar-pairwise	Target covers breeding too
http://data.europa.eu/8mn/euroscivoc/24811189-bac9-436c-b2ee-5c59ed383169	toxicology	skos:exactMatch	https://w3id.org/tamar/taxonomies/oecd/31048814	Toxicology	semapv:LexicalMatching	0.990			tamar-pairwise	Same concept and hierarchy
http://data.europa.eu/8mn/euroscivoc/248e39b2-ff43-455f-8b47-514afe14b595	phycology	skos:exactMatch	https://w3id.org/tamar/taxonomies/oecd/31048804	Algology	semapv:LexicalMatching	0.990	0.7873	cosine	tamar-pairwise	Phycology and algology synonymous
http://data.europa.eu/8mn/euroscivoc/24afab4c-2db7-4e8e-a816-bb1914e35abd	urban horticulture	skos:broadMatch	https://w3id.org/tamar/taxonomies/oecd/31050816	Urban agriculture	semapv:LexicalMatching	0.920	0.7799	cosine	tamar-pairwise	Target covers beyond horticulture
http://data.europa.eu/8mn/euroscivoc/24c2ff40-3728-4774-bc00-363bab563178	computational intelligence	skos:broadMatch	https://w3id.org/tamar/taxonomies/oecd/31048430	Ontologies, neural networks, genetic programming, fuzzy logic	semapv:SemanticSimilarityThresholdMatching	0.820	0.7073	cosine	tamar-pairwise	Target adds ontologies
http://data.europa.eu/8mn/euroscivoc/2576d01f-d758-4d39-b767-66335ade4e0b	solar thermal	skos:exactMatch	https://w3id.org/tamar/taxonomies/oecd/31049310	Solar Thermal	semapv:LexicalMatching	0.990	0.8248	cosine	tamar-pairwise	Identical solar thermal concept
http://data.europa.eu/8mn/euroscivoc/257bb258-ba7e-46da-a91d-1b925c963886	astrophysics	skos:exactMatch	https://w3id.org/tamar/taxonomies/oecd/31048499	Astrophysics	semapv:LexicalMatching	0.990	0.7324	cosine	tamar-pairwise	Identical astrophysics concept
http://data.europa.eu/8mn/euroscivoc/25c33f15-8e57-4382-b4ce-67cd19710a5d	fodder	skos:exactMatch	https://w3id.org/tamar/taxonomies/oecd/31050794	Feed crops	semapv:LexicalMatching	0.930	0.6839	cosine	tamar-pairwise	Exact alt-label synonym
http://data.europa.eu/8mn/euroscivoc/2643fcd4-b9dd-4fc3-9afc-d96632d62fb9	satellite technology	skos:narrowMatch	https://w3id.org/tamar/taxonomies/oecd/31049888	Geographical and positioning technologies, satellites	semapv:SemanticSimilarityThresholdMatching	0.780	0.7170	cosine	tamar-pairwise	Source covers wider satellite fields
http://data.europa.eu/8mn/euroscivoc/2644fa0b-71fa-4676-b033-1ee21ddf6cf7	political philosophy	skos:closeMatch	https://w3id.org/tamar/taxonomies/oecd/31051040	Political theory	semapv:LexicalMatching	0.930	0.8442	cosine	tamar-pairwise	Equivalent political theory concept
http://data.europa.eu/8mn/euroscivoc/2660be39-041b-4cee-9bfc-32b28b884bd7	atmospheric sciences	skos:closeMatch	https://w3id.org/tamar/taxonomies/oecd/31048673	Meteorology and atmospheric sciences	semapv:SemanticSimilarityThresholdMatching	0.930	0.7635	cosine	tamar-pairwise	Equivalent atmospheric science domain
http://data.europa.eu/8mn/euroscivoc/26770c2b-64ce-4611-896f-cdefb4893317	civil engineering	skos:exactMatch	https://w3id.org/tamar/taxonomies/oecd/31049044	Civil engineering	semapv:LexicalMatching	0.990			tamar-pairwise	Identical concept and hierarchy
http://data.europa.eu/8mn/euroscivoc/2682c803-9280-486c-a919-5457c95475f2	silviculture	skos:exactMatch	https://w3id.org/tamar/taxonomies/oecd/31050745	Silviculture	semapv:LexicalMatching	0.990	0.7280	cosine	tamar-pairwise	Same concept, matching hierarchy
http://data.europa.eu/8mn/euroscivoc/26f65f92-419e-4cd5-be23-bdfc1085204b	commerce	skos:narrowMatch	https://w3id.org/tamar/taxonomies/oecd/31050956	International trade	semapv:LexicalMatching	0.920	0.6989	cosine	tamar-pairwise	Target narrower than source
http://data.europa.eu/8mn/euroscivoc/2777834c-929f-4b5c-ab4b-f516e308f659	geomorphology	skos:broadMatch	https://w3id.org/tamar/taxonomies/oecd/31048665	Geology, tectonics, volcanology	semapv:SemanticSimilarityThresholdMatching	0.780	0.6927	cosine	tamar-pairwise	Target covers geology field
http://data.europa.eu/8mn/euroscivoc/27c456a1-051a-42f6-b52a-3beff0487da7	hepatology	skos:broadMatch	https://w3id.org/tamar/taxonomies/oecd/31050466	Gastroenterology and hepatology	semapv:SemanticSimilarityThresholdMatching	0.950	0.7682	cosine	tamar-pairwise	Target heading covers both
http://data.europa.eu/8mn/euroscivoc/284ca20c-beb4-4abe-99fa-ef4513358bad	obstetrics	skos:exactMatch	https://w3id.org/tamar/taxonomies/oecd/31050384	Obstetrics	semapv:LexicalMatching	0.990	0.7608	cosine	tamar-pairwise	Exact obstetrics concept
http://data.europa.eu/8mn/euroscivoc/288627c1-4e51-42b3-b773-f68b39c3b0a9	marine biology	skos:exactMatch	https://w3id.org/tamar/taxonomies/oecd/31048948	Marine biology	semapv:LexicalMatching	0.990	0.7651	cosine	tamar-pairwise	Exact label and hierarchy
http://data.europa.eu/8mn/euroscivoc/289f3526-d61f-4050-affc-0e8c007ac4ea	atmospheric pressure	skos:broadMatch	https://w3id.org/tamar/taxonomies/oecd/31048675	Meteorology, atmospheric physics and dynamics	semapv:SemanticSimilarityThresholdMatching	0.850	0.7297	cosine	tamar-pairwise	Target heading covers pressure
http://data.europa.eu/8mn/euroscivoc/28f03023-a14f-4bab-8f1a-7d1f93bf208d	biological interactions	skos:closeMatch	https://w3id.org/tamar/taxonomies/oecd/31049011	Species interactions (e.g. food-webs, symbiosis, parasitism, mutualism)	semapv:SemanticSimilarityThresholdMatching	0.930	0.6730	cosine	tamar-pairwise	Equivalent ecological interaction concept
http://data.europa.eu/8mn/euroscivoc/29584f77-4bbc-4540-afae-cbc9764a2660	microelectronics	skos:broadMatch	https://w3id.org/tamar/taxonomies/oecd/31049120	Electronics, photonics	semapv:SemanticSimilarityThresholdMatching	0.850	0.7023	cosine	tamar-pairwise	Target broader than source
http://data.europa.eu/8mn/euroscivoc/2a0db33b-5d6e-4549-bd58-76c4c067f6e2	tuberculosis	skos:exactMatch	https://w3id.org/tamar/taxonomies/oecd/31050579	Tuberculosis	semapv:LexicalMatching	0.990	0.8506	cosine	tamar-pairwise	Exact disease concept
http://data.europa.eu/8mn/euroscivoc/2a8a395e-1907-4b74-8611-a2435bb6d7a7	food packaging	skos:exactMatch	https://w3id.org/tamar/taxonomies/oecd/31049449	Food packaging	semapv:LexicalMatching	0.990	0.7390	cosine	tamar-pairwise	Exact packaging concept
http://data.europa.eu/8mn/euroscivoc/2ad97719-f178-4451-8311-022eb5a96b91	antibiotics	skos:exactMatch	https://w3id.org/tamar/taxonomies/oecd/31050649	Antibiotics	semapv:LexicalMatching	0.960	0.6900	cosine	tamar-pairwise	Same pharmaceutical concept
http://data.europa.eu/8mn/euroscivoc/2ba1c7ad-2532-4cd7-8c5c-60f090a8700a	mathematical physics	skos:exactMatch	https://w3id.org/tamar/taxonomies/oecd/31048379	Mathematical physics	semapv:LexicalMatching	0.980	0.6894	cosine	tamar-pairwise	Same concept and hierarchy
http://data.europa.eu/8mn/euroscivoc/2d07f15f-2b3a-45d7-a246-411d3a061f15	organic chemistry	skos:exactMatch	https://w3id.org/tamar/taxonomies/oecd/31048535	Organic chemistry	semapv:LexicalMatching	0.990	0.6734	cosine	tamar-pairwise	Identical concept and hierarchy
http://data.europa.eu/8mn/euroscivoc/2d35ad56-8878-4c11-a09d-8246ac5dea99	x-ray astronomy	skos:closeMatch	https://w3id.org/tamar/taxonomies/oecd/31048522	Observational astronomy: X rays	semapv:SemanticSimilarityThresholdMatching	0.960	0.7802	cosine	tamar-pairwise	X-ray astronomy equivalent
http://data.europa.eu/8mn/euroscivoc/2d483a4d-d0b7-4c90-b174-fb06663d8e7e	enzymes	skos:exactMatch	https://w3id.org/tamar/taxonomies/oecd/31048616	Enzymes	semapv:LexicalMatching	0.970			tamar-pairwise	Same enzyme concept
http://data.europa.eu/8mn/euroscivoc/2dbfd0d0-fc0e-4426-986e-ad00a7ea7810	library sciences	skos:exactMatch	https://w3id.org/tamar/taxonomies/oecd/31051099	Library science	semapv:LexicalMatching	0.960	0.6505	cosine	tamar-pairwise	Same library science discipline
http://data.europa.eu/8mn/euroscivoc/2e05d5b1-76b2-48c9-90a5-6844940b91ae	mathematical model	skos:exactMatch	https://w3id.org/tamar/taxonomies/oecd/31048856	Mathematical modelling	semapv:LexicalMatching	0.930	0.7123	cosine	tamar-pairwise	Identical concept, same scope
http://data.europa.eu/8mn/euroscivoc/2ecb7a30-7d1b-47b0-98b6-979ff4f8d90d	nuclear energy	skos:closeMatch	https://w3id.org/tamar/taxonomies/oecd/31049395	Nuclear	semapv:SemanticSimilarityThresholdMatching	0.900	0.8850	cosine	tamar-pairwise	Nuclear energy category
http://data.europa.eu/8mn/euroscivoc/2f5da334-9d6c-41d1-83f8-18938ee49733	bacteriomes	skos:relatedMatch	https://w3id.org/tamar/taxonomies/oecd/31048746	Metagenomics of marine communities	semapv:SemanticSimilarityThresholdMatching	0.600	0.6545	cosine	tamar-pairwise	Overlap, marine subset
http://data.europa.eu/8mn/euroscivoc/2fba9c5c-193c-47ec-81f5-518020bff496	ceramics	skos:exactMatch	https://w3id.org/tamar/taxonomies/oecd/31049192	Ceramics	semapv:LexicalMatching	0.990	0.7929	cosine	tamar-pairwise	Identical concept and hierarchy
http://data.europa.eu/8mn/euroscivoc/31289d4e-a909-40ee-be7b-109398466268	dementia	skos:exactMatch	https://w3id.org/tamar/taxonomies/oecd/31050327	Dementia	semapv:LexicalMatching	0.980	0.7330	cosine	tamar-pairwise	Exact dementia concept
http://data.europa.eu/8mn/euroscivoc/31b37bab-06b5-46e0-a76e-d18c04ddb2b4	acoustics	skos:exactMatch	https://w3id.org/tamar/taxonomies/oecd/31048484	Acoustics	semapv:LexicalMatching	0.990			tamar-pairwise	Identical concept and hierarchy
http://data.europa.eu/8mn/euroscivoc/31d6cf37-e99e-4711-8d37-16e950d2aeb3	algebra	skos:exactMatch	https://w3id.org/tamar/taxonomies/oecd/31048368	Algebra	semapv:LexicalMatching	0.990	0.7783	cosine	tamar-pairwise	Same mathematical discipline
http://data.europa.eu/8mn/euroscivoc/31e98cd3-2946-46d9-bc91-34b3e4b0728a	electric power generation	skos:narrowMatch	https://w3id.org/tamar/taxonomies/oecd/31049251	Polygeneration	semapv:SemanticSimilarityThresholdMatching	0.780	0.7514	cosine	tamar-pairwise	Target subset of electricity generation
http://data.europa.eu/8mn/euroscivoc/325a846e-9c47-4aca-9358-5c8facd2e812	electrical engineering, electronic engineering, information engineering	skos:exactMatch	https://w3id.org/tamar/taxonomies/oecd/31049117	Electrical engineering, Electronic engineering, Information engineering	semapv:LexicalMatching	0.990	0.8307	cosine	tamar-pairwise	Identical concept and hierarchy
http://data.europa.eu/8mn/euroscivoc/32983fb5-b823-4830-a924-773611dc4e25	biological morphology	skos:narrowMatch	https://w3id.org/tamar/taxonomies/oecd/31048939	Animal morphology	semapv:LexicalMatching	0.920	0.7824	cosine	tamar-pairwise	Source includes non‑animal morphologies
http://data.europa.eu/8mn/euroscivoc/3371b6e1-8aba-4121-b87f-eae0262ce5b4	ethnology	skos:broadMatch	https://w3id.org/tamar/taxonomies/oecd/31051016	Cultural anthropology	semapv:SemanticSimilarityThresholdMatching	0.940	0.8274	cosine	tamar-pairwise	Target broader than ethnology
http://data.europa.eu/8mn/euroscivoc/3383c074-01fd-495a-b6ab-66db4d63d3c7	electric vehicles	skos:broadMatch	https://w3id.org/tamar/taxonomies/oecd/31049281	Clean vehicles	semapv:SemanticSimilarityThresholdMatching	0.880	0.7710	cosine	tamar-pairwise	Target includes more vehicle types
http://data.europa.eu/8mn/euroscivoc/33efa520-dc3d-4898-905e-1c0016d1d6eb	geometry	skos:exactMatch	https://w3id.org/tamar/taxonomies/oecd/31048372	Geometry	semapv:LexicalMatching	0.990	0.8666	cosine	tamar-pairwise	Same geometry concept
http://data.europa.eu/8mn/euroscivoc/33f31d80-b8e4-44b3-832f-02b975a9b549	evolutionary biology	skos:exactMatch	https://w3id.org/tamar/taxonomies/oecd/31049014	Evolutionary biology	semapv:LexicalMatching	0.990			tamar-pairwise	Same concept label
http://data.europa.eu/8mn/euroscivoc/342a248a-2ce3-4496-98ba-8a250cd05c2f	public transport	skos:exactMatch	https://w3id.org/tamar/taxonomies/oecd/31049278	Public transport	semapv:LexicalMatching	0.980	0.7984	cosine	tamar-pairwise	Identical transport concept
http://data.europa.eu/8mn/euroscivoc/343f616b-a5b8-40fb-b6b8-21acc8f89b16	radar	skos:broadMatch	https://w3id.org/tamar/taxonomies/oecd/31049662	Microwave and millimeter wave technologies and equipments	semapv:SemanticSimilarityThresholdMatching	0.900	0.7071	cosine	tamar-pairwise	Target covers radar tech
http://data.europa.eu/8mn/euroscivoc/345f2706-c765-41b5-b347-ea98d3901472	national state of emergency	skos:broadMatch	https://w3id.org/tamar/taxonomies/oecd/31050181	Surveillance of zones under humanitarian risk (migratory flow, drought,etc.)	semapv:SemanticSimilarityThresholdMatching	0.620	0.6554	cosine	tamar-pairwise	Target broader than source
http://data.europa.eu/8mn/euroscivoc/34b9c059-9e6c-4ec1-8a96-845c95c1a978	health sciences	skos:exactMatch	https://w3id.org/tamar/taxonomies/oecd/31050510	Health sciences	semapv:LexicalMatching	0.990	0.8544	cosine	tamar-pairwise	Identical concept and hierarchy
http://data.europa.eu/8mn/euroscivoc/34c57135-1b8a-4263-a942-68b658a1d663	applied mechanics	skos:exactMatch	https://w3id.org/tamar/taxonomies/oecd/31049173	Applied mechanics	semapv:LexicalMatching	0.990	0.7039	cosine	tamar-pairwise	Identical concept and hierarchy
http://data.europa.eu/8mn/euroscivoc/35157113-6422-4421-9c90-25b4b2834bce	operator algebra	skos:broadMatch	https://w3id.org/tamar/taxonomies/oecd/31048376	Operator algebras and functional analysis	semapv:SemanticSimilarityThresholdMatching	0.940	0.8355	cosine	tamar-pairwise	Target covers functional analysis
http://data.europa.eu/8mn/euroscivoc/354e2996-f491-4fde-8b15-19bb7542cd72	history of literature	skos:exactMatch	https://w3id.org/tamar/taxonomies/oecd/31051171	History of literature	semapv:LexicalMatching	0.980	0.7032	cosine	tamar-pairwise	Identical literature history concept
http://data.europa.eu/8mn/euroscivoc/3631ba39-93ae-4cb4-9b27-d4160065af77	geothermal energy	skos:closeMatch	https://w3id.org/tamar/taxonomies/oecd/31049297	Geothermal	semapv:SemanticSimilarityThresholdMatching	0.900	0.7264	cosine	tamar-pairwise	Equivalent geothermal energy concept
http://data.europa.eu/8mn/euroscivoc/36734fd7-bed0-4ac6-9445-a35869e83091	ecology	skos:exactMatch	https://w3id.org/tamar/taxonomies/oecd/31048971	Ecology	semapv:LexicalMatching	0.990			tamar-pairwise	Identical concept and hierarchy
http://data.europa.eu/8mn/euroscivoc/36774969-7fa8-4bdf-a077-995b74a1c6aa	WiFi	skos:broadMatch	https://w3id.org/tamar/taxonomies/oecd/31049825	Networking	semapv:SemanticSimilarityThresholdMatching	0.930	0.6616	cosine	tamar-pairwise	Target covers WiFi
http://data.europa.eu/8mn/euroscivoc/36a49a69-5753-425f-9c0b-90449260b201	electromagnetism	skos:exactMatch	https://w3id.org/tamar/taxonomies/oecd/31048470	Electromagnetism	semapv:LexicalMatching	0.930	0.6589	cosine	tamar-pairwise	Same electromagnetism concept
http://data.europa.eu/8mn/euroscivoc/37412f1c-d90a-43cf-86fb-d29e9fc29c6f	business and management	skos:exactMatch	https://w3id.org/tamar/taxonomies/oecd/31050967	Business and Management	semapv:LexicalMatching	0.990			tamar-pairwise	Identical concept and hierarchy
http://data.europa.eu/8mn/euroscivoc/38089427-13ee-4c1a-a7cf-4cd6c4802e33	anatomy and morphology	skos:exactMatch	https://w3id.org/tamar/taxonomies/oecd/31050293	Anatomy and morphology	semapv:LexicalMatching	1.000			tamar-pairwise	Identical concept and hierarchy
http://data.europa.eu/8mn/euroscivoc/380ec7da-dd0e-49e8-9914-ca5c72a5c2de	electronic engineering	skos:closeMatch	https://w3id.org/tamar/taxonomies/oecd/31049118	Electrical and electronic engineering	semapv:SemanticSimilarityThresholdMatching	0.910	0.8141	cosine	tamar-pairwise	Electronic engineering field equivalent
http://data.europa.eu/8mn/euroscivoc/3836ddb3-7771-4178-8c0c-f7f5d54f66d0	modeling of diseases spread	skos:broadMatch	https://w3id.org/tamar/taxonomies/oecd/31050661	Disease control	semapv:SemanticSimilarityThresholdMatching	0.780	0.7129	cosine	tamar-pairwise	Target broader than modeling
http://data.europa.eu/8mn/euroscivoc/38815ee2-9bc9-4b76-a62b-be5a1bf832b6	diabetes	skos:broadMatch	https://w3id.org/tamar/taxonomies/oecd/31050455	Diabetology	semapv:SemanticSimilarityThresholdMatching	0.900	0.7823	cosine	tamar-pairwise	Target field includes diabetes
http://data.europa.eu/8mn/euroscivoc/38e57437-b2cc-4d26-a46e-c5b639c01e5f	physiotherapy	skos:exactMatch	https://w3id.org/tamar/taxonomies/oecd/31050684	Physiotherapy	semapv:LexicalMatching	0.990	0.8570	cosine	tamar-pairwise	Exact physiotherapy concept
http://data.europa.eu/8mn/euroscivoc/38ee72d6-1158-4d1f-a6c8-e60f7b913c33	architecture engineering	skos:exactMatch	https://w3id.org/tamar/taxonomies/oecd/31049061	Architecture engineering	semapv:LexicalMatching	0.980	0.7830	cosine	tamar-pairwise	Same concept and hierarchy
http://data.europa.eu/8mn/euroscivoc/391c6d9f-9472-4ce3-b7bf-8be268890959	crystallography	skos:broadMatch	https://w3id.org/tamar/taxonomies/oecd/31048611	Crystallography and X-ray diffraction	semapv:SemanticSimilarityThresholdMatching	0.850	0.7272	cosine	tamar-pairwise	Target adds X‑ray diffraction
http://data.europa.eu/8mn/euroscivoc/3961e9d2-ab3b-451b-b246-20fc0ec3b0c4	nephrology	skos:exactMatch	https://w3id.org/tamar/taxonomies/oecd/31050468	Nephrology	semapv:LexicalMatching	0.980	0.7643	cosine	tamar-pairwise	Same medical specialty
http://data.europa.eu/8mn/euroscivoc/39c4c0d8-230f-4212-8bb4-a090f6ea095e	plant cloning	skos:broadMatch	https://w3id.org/tamar/taxonomies/oecd/31048926	Plant propagation	semapv:SemanticSimilarityThresholdMatching	0.940	0.6987	cosine	tamar-pairwise	Target covers cloning methods
http://data.europa.eu/8mn/euroscivoc/3aa7fb7c-2eba-4211-a8f4-8d1ccaddc7e2	cells technologies	skos:closeMatch	https://w3id.org/tamar/taxonomies/oecd/31050304	Gene therapy, cell therapy, regenerative medicine	semapv:SemanticSimilarityThresholdMatching	0.820	0.6753	cosine	tamar-pairwise	Cell therapy category overlap
http://data.europa.eu/8mn/euroscivoc/3c7d4f8a-c885-4c6d-a41b-b3ff1cb3669c	biomaterials	skos:broadMatch	https://w3id.org/tamar/taxonomies/oecd/31049428	Bioproducts (products that are manufactured using biological material as feedstock) biomaterials, bioplastics, biofuels, bioderived bulk and fine chemicals, bio-derived novel materials	semapv:SemanticSimilarityThresholdMatching	0.950	0.8293	cosine	tamar-pairwise	Target covers biomaterials and siblings
http://data.europa.eu/8mn/euroscivoc/3cfe854e-4602-4cef-b292-b95b62cc9439	floriculture	skos:broadMatch	https://w3id.org/tamar/taxonomies/oecd/31050783	Ornamental plants	semapv:SemanticSimilarityThresholdMatching	0.850	0.6676	cosine	tamar-pairwise	Target includes other ornamentals
http://data.europa.eu/8mn/euroscivoc/3d2eea7a-35ae-44ec-81df-83e3238de646	virology	skos:exactMatch	https://w3id.org/tamar/taxonomies/oecd/31048816	Virology	semapv:LexicalMatching	0.980	0.7169	cosine	tamar-pairwise	Same scientific discipline
http://data.europa.eu/8mn/euroscivoc/3d4bb92f-d3cb-4991-a0ce-91d200f4ffad	armed conflicts	skos:broadMatch	https://w3id.org/tamar/taxonomies/oecd/31051037	Violence, conflict and conflict resolution	semapv:SemanticSimilarityThresholdMatching	0.850	0.7396	cosine	tamar-pairwise	Target includes non‑armed conflict
http://data.europa.eu/8mn/euroscivoc/3d76a7f4-5a16-411e-ae44-7b712d5222ee	natural sciences	skos:exactMatch	https://w3id.org/tamar/taxonomies/oecd/31048364	NATURAL SCIENCES	semapv:LexicalMatching	1.000	0.9609	cosine	tamar-pairwise	Identical concept and hierarchy
http://data.europa.eu/8mn/euroscivoc/3db974b3-3197-453e-bf1f-208dcfc7e3e2	obesity	skos:exactMatch	https://w3id.org/tamar/taxonomies/oecd/31050451	Obesity	semapv:LexicalMatching	0.990			tamar-pairwise	Exact obesity concept
http://data.europa.eu/8mn/euroscivoc/3de50dee-da1c-4791-a386-56bca24a5fed	psychiatry	skos:exactMatch	https://w3id.org/tamar/taxonomies/oecd/31050481	Psychiatry	semapv:LexicalMatching	0.990	0.7850	cosine	tamar-pairwise	Same field and hierarchy
http://data.europa.eu/8mn/euroscivoc/3e083223-d46f-4cab-b93a-95598b4f6be1	computational fluid dynamics	skos:closeMatch	https://w3id.org/tamar/taxonomies/oecd/31049468	CFD Computational Fluid Dynamics	semapv:SemanticSimilarityThresholdMatching	0.990	0.7927	cosine	tamar-pairwise	Exact computational fluid dynamics
http://data.europa.eu/8mn/euroscivoc/3e3b69cb-7cab-41d8-bd6c-6945f9c982ad	manufacturing engineering	skos:broadMatch	https://w3id.org/tamar/taxonomies/oecd/31049148	Mechanical and manufacturing engineering (shaping, mounting, joining, separation)	semapv:SemanticSimilarityThresholdMatching	0.920	0.7398	cosine	tamar-pairwise	Target covers manufacturing plus mechanical
http://data.europa.eu/8mn/euroscivoc/3e5e7f13-544d-4969-ad99-6ae6e410bbc2	HIV	skos:closeMatch	https://w3id.org/tamar/taxonomies/oecd/31050577	HIV/AIDS	semapv:SemanticSimilarityThresholdMatching	0.880	0.7273	cosine	tamar-pairwise	HIV/AIDS disease topic
http://data.europa.eu/8mn/euroscivoc/3eaeff93-c40a-4806-b3a3-74e6c69cc9ef	general language studies	skos:exactMatch	https://w3id.org/tamar/taxonomies/oecd/31051165	General language studies	semapv:LexicalMatching	0.990			tamar-pairwise	Identical concept and hierarchy
http://data.europa.eu/8mn/euroscivoc/3ed53afc-0fa6-49e8-be2d-215044c9a85a	coal	skos:narrowMatch	https://w3id.org/tamar/taxonomies/oecd/31049393	Clean Coal	semapv:SemanticSimilarityThresholdMatching	0.850	0.8459	cosine	tamar-pairwise	Target sits within source
http://data.europa.eu/8mn/euroscivoc/3f64adaf-451f-4c57-806c-1174ed834c6b	phytoremediation	skos:broadMatch	https://w3id.org/tamar/taxonomies/oecd/31049420	Bioremediation, biodegradation	semapv:SemanticSimilarityThresholdMatching	0.940	0.7255	cosine	tamar-pairwise	Target covers phytoremediation
http://data.europa.eu/8mn/euroscivoc/3f74c7bb-2443-4074-a653-6689d73cc55e	malaria	skos:exactMatch	https://w3id.org/tamar/taxonomies/oecd/31050578	Malaria	semapv:LexicalMatching	0.990	0.7139	cosine	tamar-pairwise	Same disease concept
http://data.europa.eu/8mn/euroscivoc/403e6b96-4460-4e8a-9500-a854d8f25b57	modern and contemporary art	skos:broadMatch	https://w3id.org/tamar/taxonomies/oecd/31051192	Visual arts, performing arts, design	semapv:SemanticSimilarityThresholdMatching	0.800	0.6539	cosine	tamar-pairwise	Target covers visual arts broadly
http://data.europa.eu/8mn/euroscivoc/40c5c393-e96d-47a2-b057-e823cfc1fa07	mathematical analysis	skos:closeMatch	https://w3id.org/tamar/taxonomies/oecd/31048375	Analysis	semapv:SemanticSimilarityThresholdMatching	0.900	0.7427	cosine	tamar-pairwise	Equivalent analysis discipline
http://data.europa.eu/8mn/euroscivoc/40cbd681-c84f-4af3-887a-beb6d9857f0f	international law	skos:narrowMatch	https://w3id.org/tamar/taxonomies/oecd/31073747	International private law	semapv:SemanticSimilarityThresholdMatching	0.940	0.7591	cosine	tamar-pairwise	Target narrower subset
http://data.europa.eu/8mn/euroscivoc/4149c404-cb51-4f7c-93f2-cc346e8c9c98	magnetic resonance imaging	skos:broadMatch	https://w3id.org/tamar/taxonomies/oecd/31050433	Tomography	semapv:SemanticSimilarityThresholdMatching	0.800	0.6936	cosine	tamar-pairwise	Target covers MRI and others
http://data.europa.eu/8mn/euroscivoc/41d8a14d-6def-402e-b6e5-09d1cd8d3fc4	astronomy	skos:closeMatch	https://w3id.org/tamar/taxonomies/oecd/31048485	Astronomy (including astrophysics, space science)	semapv:SemanticSimilarityThresholdMatching	0.980	0.7734	cosine	tamar-pairwise	Equivalent astronomy category
http://data.europa.eu/8mn/euroscivoc/4215b6cb-66f0-4ace-a270-8ae68bdd1a76	nanocomposites	skos:broadMatch	https://w3id.org/tamar/taxonomies/oecd/31049199	New materials: oxides, alloys, composite, organic-inorganic hybrid, nanoparticles	semapv:SemanticSimilarityThresholdMatching	0.880	0.6765	cosine	tamar-pairwise	Target covers more materials
http://data.europa.eu/8mn/euroscivoc/42d56c99-ce08-429f-9751-4f711910a804	observational astronomy	skos:broadMatch	https://w3id.org/tamar/taxonomies/oecd/31048519	Instrumentation - telescopes, detectors and techniques	semapv:SemanticSimilarityThresholdMatching	0.850	0.7118	cosine	tamar-pairwise	Target covers observational
http://data.europa.eu/8mn/euroscivoc/42d645e0-f58d-40ed-9917-5b227ff41a92	substance abuse	skos:exactMatch	https://w3id.org/tamar/taxonomies/oecd/31050697	Substance abuse	semapv:LexicalMatching	0.990	0.9057	cosine	tamar-pairwise	Same concept and hierarchy
http://data.europa.eu/8mn/euroscivoc/432182f0-ede2-4b63-8b2c-fd36f487fb53	bioprocessing technologies	skos:closeMatch	https://w3id.org/tamar/taxonomies/oecd/31049427	Bioprocessing technologies (industrial processes relying on biological agents to drive the process) biocatalysis, fermentation	semapv:SemanticSimilarityThresholdMatching	0.990	0.7709	cosine	tamar-pairwise	Same concept and hierarchy
http://data.europa.eu/8mn/euroscivoc/432746d6-998b-431f-b22f-d3abe0e8aada	surgery	skos:exactMatch	https://w3id.org/tamar/taxonomies/oecd/31050418	Surgery	semapv:LexicalMatching	0.990	0.7714	cosine	tamar-pairwise	Same concept and hierarchy
http://data.europa.eu/8mn/euroscivoc/4455c187-2f2f-4cd1-a4dd-449f59d73b39	cardiology	skos:closeMatch	https://w3id.org/tamar/taxonomies/oecd/31050386	Cardiac and Cardiovascular systems	semapv:SemanticSimilarityThresholdMatching	0.940	0.6588	cosine	tamar-pairwise	Equivalent cardiology domain
http://data.europa.eu/8mn/euroscivoc/44d3f45e-99c6-4654-b9ea-3ac2c00b86c2	viromes	skos:narrowMatch	https://w3id.org/tamar/taxonomies/oecd/31050657	Phages	semapv:SemanticSimilarityThresholdMatching	0.750	0.6596	cosine	tamar-pairwise	Viromes include phages
http://data.europa.eu/8mn/euroscivoc/44dfe719-40b0-4d63-a0b1-8602905b26f4	social anthropology	skos:exactMatch	https://w3id.org/tamar/taxonomies/oecd/31051014	Social anthropology	semapv:LexicalMatching	0.990	0.6744	cosine	tamar-pairwise	Identical concept and hierarchy
http://data.europa.eu/8mn/euroscivoc/44e74c12-5d9f-450a-9d64-95bab42c1434	troposphere	skos:broadMatch	https://w3id.org/tamar/taxonomies/oecd/31048675	Meteorology, atmospheric physics and dynamics	semapv:SemanticSimilarityThresholdMatching	0.780	0.7027	cosine	tamar-pairwise	Target covers troposphere
http://data.europa.eu/8mn/euroscivoc/4596682b-a138-4bb2-9414-6c9f9056401b	environmental governance	skos:narrowMatch	https://w3id.org/tamar/taxonomies/oecd/31051039	Environmental regulations and climate negotiations	semapv:SemanticSimilarityThresholdMatching	0.850	0.7091	cosine	tamar-pairwise	Target subset of environmental governance
http://data.europa.eu/8mn/euroscivoc/45e374e6-da15-44da-9995-9ddd9b01fea9	inorganic chemistry	skos:narrowMatch	https://w3id.org/tamar/taxonomies/oecd/31048587	Qualitative analysis	semapv:SemanticSimilarityThresholdMatching	0.850	0.6983	cosine	tamar-pairwise	Qualitative analysis inside inorganic
http://data.europa.eu/8mn/euroscivoc/46889256-2431-4fb0-bee0-184f2c8a24c4	computer security	skos:exactMatch	https://w3id.org/tamar/taxonomies/oecd/31053795	Cybersecurity	semapv:LexicalMatching	0.960	0.7019	cosine	tamar-pairwise	Direct cybersecurity synonym
http://data.europa.eu/8mn/euroscivoc/46b0065f-4c0a-49f3-8d30-95594bec23b4	sustainability sciences	skos:broadMatch	https://w3id.org/tamar/taxonomies/oecd/31051070	Environment, resources and sustainability	semapv:SemanticSimilarityThresholdMatching	0.850	0.7109	cosine	tamar-pairwise	Target covers sustainability and more
http://data.europa.eu/8mn/euroscivoc/46bb355e-acf6-4eb1-8c29-18efb51f0ec0	literature studies	skos:closeMatch	https://w3id.org/tamar/taxonomies/oecd/31051170	General literature studies	semapv:SemanticSimilarityThresholdMatching	0.970	0.8280	cosine	tamar-pairwise	General literature studies
http://data.europa.eu/8mn/euroscivoc/4715fd38-1233-4283-8247-32eda72784c8	pedagogy	skos:broadMatch	https://w3id.org/tamar/taxonomies/oecd/31050984	Education, general (including training, pedagogy, didactics)	semapv:SemanticSimilarityThresholdMatching	0.940	0.6519	cosine	tamar-pairwise	Target covers pedagogy and more
http://data.europa.eu/8mn/euroscivoc/4775cf31-fe0d-45e5-b90a-8b5e78014b64	airport engineering	skos:exactMatch	https://w3id.org/tamar/taxonomies/oecd/31049057	Airport infrastructure	semapv:LexicalMatching	0.960	0.8508	cosine	tamar-pairwise	Equivalent airport infrastructure concept
http://data.europa.eu/8mn/euroscivoc/4825264c-ff40-46ee-b7a9-dc5093003929	parasitology	skos:exactMatch	https://w3id.org/tamar/taxonomies/oecd/31048806	Parasitology	semapv:LexicalMatching	1.000			tamar-pairwise	Identical disciplinary concept
http://data.europa.eu/8mn/euroscivoc/4940967c-1739-49c6-8474-6bb8ad7ff588	nuclear chemistry	skos:exactMatch	https://w3id.org/tamar/taxonomies/oecd/31048563	Nuclear chemistry	semapv:LexicalMatching	0.990			tamar-pairwise	Exact concept label
http://data.europa.eu/8mn/euroscivoc/495b214f-06c8-45b9-a5d2-64e2df5dc2e3	medical biotechnology	skos:exactMatch	https://w3id.org/tamar/taxonomies/oecd/31050700	Medical biotechnology	semapv:LexicalMatching	0.990			tamar-pairwise	Identical concept and hierarchy
http://data.europa.eu/8mn/euroscivoc/4964c84a-7f43-4b2f-a434-f4af9a4cfde3	quantitative analysis	skos:exactMatch	https://w3id.org/tamar/taxonomies/oecd/31048588	Quantitative analysis	semapv:LexicalMatching	0.990	0.9546	cosine	tamar-pairwise	Same concept and hierarchy
http://data.europa.eu/8mn/euroscivoc/4988e02f-0b78-40f3-a53b-2b67a4aae5aa	topology	skos:exactMatch	https://w3id.org/tamar/taxonomies/oecd/31048373	Topology	semapv:LexicalMatching	0.990	0.8175	cosine	tamar-pairwise	Same mathematical discipline
http://data.europa.eu/8mn/euroscivoc/49bd5122-c5d7-4ca4-b7fb-e5c6f3ded62d	occupational health	skos:exactMatch	https://w3id.org/tamar/taxonomies/oecd/31050675	Occupational health	semapv:LexicalMatching	0.990	0.7644	cosine	tamar-pairwise	Same occupational health concept
http://data.europa.eu/8mn/euroscivoc/49fe836e-8ea5-4748-b108-a9c8a8fabf46	biosensors	skos:broadMatch	https://w3id.org/tamar/taxonomies/oecd/31049965	Sensor Technology and Components	semapv:SemanticSimilarityThresholdMatching	0.830	0.6714	cosine	tamar-pairwise	Target includes biosensors
http://data.europa.eu/8mn/euroscivoc/4a174a1e-bab0-4d76-988c-9712b5703e35	carbon capture engineering	skos:broadMatch	https://w3id.org/tamar/taxonomies/oecd/31049394	Carbon capture and sequestration	semapv:SemanticSimilarityThresholdMatching	0.810	0.7943	cosine	tamar-pairwise	Target includes sequestration
http://data.europa.eu/8mn/euroscivoc/4a603b88-120c-4883-baa7-bd214a0038e1	proteomics	skos:exactMatch	https://w3id.org/tamar/taxonomies/oecd/31048606	Proteomics	semapv:LexicalMatching	0.990	0.7108	cosine	tamar-pairwise	Same scientific field
http://data.europa.eu/8mn/euroscivoc/4a8788fc-4172-461c-ae94-40be4f39043f	earth and related environmental sciences	skos:exactMatch	https://w3id.org/tamar/taxonomies/oecd/31048641	Earth and related Environmental sciences	semapv:LexicalMatching	0.990	0.8682	cosine	tamar-pairwise	Identical concept and hierarchy
http://data.europa.eu/8mn/euroscivoc/4ae9faed-32ab-4b7c-adb1-90f54d10c540	angiology	skos:narrowMatch	https://w3id.org/tamar/taxonomies/oecd/31050409	Peripheral vascular disease	semapv:SemanticSimilarityThresholdMatching	0.880	0.7270	cosine	tamar-pairwise	Target is specific subset
http://data.europa.eu/8mn/euroscivoc/4b85aedb-f755-4e39-9c09-e387cc6ce3e1	simulation software	skos:narrowMatch	https://w3id.org/tamar/taxonomies/oecd/31050267	Simulation for decision making (real time simulation)	semapv:SemanticSimilarityThresholdMatching	0.850	0.7591	cosine	tamar-pairwise	Target is subset
http://data.europa.eu/8mn/euroscivoc/4b9f8efb-68dd-45a1-b04c-d23d457d6898	general medicine	skos:closeMatch	https://w3id.org/tamar/taxonomies/oecd/31050488	General and internal medicine	semapv:SemanticSimilarityThresholdMatching	0.940	0.9158	cosine	tamar-pairwise	Equivalent general medicine field
http://data.europa.eu/8mn/euroscivoc/4bb38ebc-c3c6-471f-9691-7f671c8842a2	cell metabolism	skos:broadMatch	https://w3id.org/tamar/taxonomies/oecd/31048822	Metabolism	semapv:SemanticSimilarityThresholdMatching	0.900	0.7430	cosine	tamar-pairwise	Target covers beyond cellular
http://data.europa.eu/8mn/euroscivoc/4c8f4b46-6f5c-41d9-9079-7de85c16431d	artificial intelligence	skos:broadMatch	https://w3id.org/tamar/taxonomies/oecd/31048410	Artificial intelligence, intelligent systems, multi agent systems	semapv:SemanticSimilarityThresholdMatching	0.850	0.6859	cosine	tamar-pairwise	Target includes broader fields
http://data.europa.eu/8mn/euroscivoc/4ca6f709-c1f7-4544-86e0-6a3aecc210b8	isotope hydrology	skos:broadMatch	https://w3id.org/tamar/taxonomies/oecd/31048763	Hydrology (Water science)	semapv:SemanticSimilarityThresholdMatching	0.920	0.7462	cosine	tamar-pairwise	Target covers isotope hydrology
http://data.europa.eu/8mn/euroscivoc/4cec15e9-0570-49e3-91d7-cebe00d0fadf	tropical medicine	skos:exactMatch	https://w3id.org/tamar/taxonomies/oecd/31050607	Tropical medicine	semapv:LexicalMatching	0.990	0.8120	cosine	tamar-pairwise	Identical concept and hierarchy
http://data.europa.eu/8mn/euroscivoc/4cf432e6-b08b-41ed-b2b1-b18a4be23fc8	meteorites	skos:broadMatch	https://w3id.org/tamar/taxonomies/oecd/31048495	Meteorites and interplanetary dust	semapv:SemanticSimilarityThresholdMatching	0.950	0.8066	cosine	tamar-pairwise	Target adds interplanetary dust
http://data.europa.eu/8mn/euroscivoc/4df60e5a-a143-45d2-b1a6-c2dcb31d977a	agriculture, forestry, and fisheries	skos:exactMatch	https://w3id.org/tamar/taxonomies/oecd/31050735	Agriculture, Forestry, and Fisheries	semapv:LexicalMatching	0.990	0.8250	cosine	tamar-pairwise	Identical concept and hierarchy
http://data.europa.eu/8mn/euroscivoc/4e048a35-4aa2-4bc0-9d83-5ca43f21bf17	solar physics	skos:exactMatch	https://w3id.org/tamar/taxonomies/oecd/31048490	Solar physics	semapv:LexicalMatching	0.990	0.7545	cosine	tamar-pairwise	Same scientific discipline
http://data.europa.eu/8mn/euroscivoc/4e2d5d05-e6af-41fa-abc0-5ef8a0d09661	apiculture	skos:exactMatch	https://w3id.org/tamar/taxonomies/oecd/31050834	Apiculture	semapv:LexicalMatching	0.990	0.8844	cosine	tamar-pairwise	Same beekeeping concept
http://data.europa.eu/8mn/euroscivoc/4e705211-8770-4a2a-8596-dbc25b41c83b	electrochemistry	skos:closeMatch	https://w3id.org/tamar/taxonomies/oecd/31048562	Electrochemistry Redundant)	semapv:SemanticSimilarityThresholdMatching	0.940	0.7370	cosine	tamar-pairwise	Exact electrochemistry concept
http://data.europa.eu/8mn/euroscivoc/4f3b304b-f7cc-4fd0-bcc6-a27183089456	medicinal chemistry	skos:exactMatch	https://w3id.org/tamar/taxonomies/oecd/31050727	Medicinal chemistry	semapv:LexicalMatching	0.980			tamar-pairwise	Identical medicinal chemistry concept
http://data.europa.eu/8mn/euroscivoc/4fc54e32-5c0e-4f9f-aec1-18bb20609eba	geochemistry	skos:broadMatch	https://w3id.org/tamar/taxonomies/oecd/31048658	Geochemistry and geophysics	semapv:SemanticSimilarityThresholdMatching	0.940	0.7778	cosine	tamar-pairwise	Target adds geophysics
http://data.europa.eu/8mn/euroscivoc/4fcab395-f3b5-41c6-a260-6acd51de4741	biomolecules	skos:broadMatch	https://w3id.org/tamar/taxonomies/oecd/31048840	Biological chemistry	semapv:SemanticSimilarityThresholdMatching	0.750	0.6563	cosine	tamar-pairwise	Target covers biomolecules
http://data.europa.eu/8mn/euroscivoc/4fe6cea9-6919-4151-bb60-ed9591edd1d9	lithology	skos:closeMatch	https://w3id.org/tamar/taxonomies/oecd/31048650	Petrology	semapv:SemanticSimilarityThresholdMatching	0.840	0.7914	cosine	tamar-pairwise	Rock science synonym
http://data.europa.eu/8mn/euroscivoc/50df14de-3934-4dc8-a6e1-c0008963aa0e	ethics	skos:narrowMatch	https://w3id.org/tamar/taxonomies/oecd/31051112	Ethics and morality, bioethics	semapv:SemanticSimilarityThresholdMatching	0.810	0.6501	cosine	tamar-pairwise	Bioethics subset of ethics
http://data.europa.eu/8mn/euroscivoc/51375078-2b2e-438e-afa1-49bed3b06349	marker assisted selection	skos:exactMatch	https://w3id.org/tamar/taxonomies/oecd/31050877	Marker assisted selection	semapv:LexicalMatching	0.990	0.8591	cosine	tamar-pairwise	Exact concept and label
http://data.europa.eu/8mn/euroscivoc/516375dc-b795-4a7f-982f-bbbf8b46c93f	proteins	skos:narrowMatch	https://w3id.org/tamar/taxonomies/oecd/31048606	Proteomics	semapv:SemanticSimilarityThresholdMatching	0.920	0.6856	cosine	tamar-pairwise	Proteomics subset of proteins
http://data.europa.eu/8mn/euroscivoc/519ffb0d-3c16-4f20-a628-579ed57942d8	lubrication	skos:closeMatch	https://w3id.org/tamar/taxonomies/oecd/31048622	Lubrication abd lubricants	semapv:SemanticSimilarityThresholdMatching	0.980	0.8098	cosine	tamar-pairwise	Equivalent lubrication concept
http://data.europa.eu/8mn/euroscivoc/51a8c684-33c9-4e85-86e9-95f1e7b50f1c	comparative morphology	skos:broadMatch	https://w3id.org/tamar/taxonomies/oecd/31049010	Biodiversity, comparative biology	semapv:SemanticSimilarityThresholdMatching	0.680	0.6691	cosine	tamar-pairwise	Target includes comparative biology
http://data.europa.eu/8mn/euroscivoc/5294e080-9aee-4eb6-99c6-c77afc5dc846	pure mathematics	skos:narrowMatch	https://w3id.org/tamar/taxonomies/oecd/31048375	Analysis	semapv:SemanticSimilarityThresholdMatching	0.950	0.7431	cosine	tamar-pairwise	Target is subfield of pure…
http://data.europa.eu/8mn/euroscivoc/53157b24-5ec5-4b97-bbeb-b1af580cf101	astrochemistry	skos:exactMatch	https://w3id.org/tamar/taxonomies/oecd/31048501	Astrochemistry	semapv:LexicalMatching	0.990	0.7431	cosine	tamar-pairwise	Identical concept and hierarchy
http://data.europa.eu/8mn/euroscivoc/531bd18a-eedd-4345-8b2f-5464f96615f8	environmental engineering	skos:exactMatch	https://w3id.org/tamar/taxonomies/oecd/31053953	Environmental engineering	semapv:LexicalMatching	0.990	0.7631	cosine	tamar-pairwise	Identical concept and hierarchy
http://data.europa.eu/8mn/euroscivoc/533e6923-ce7b-4b03-856c-af4478a48c00	kidney diseases	skos:closeMatch	https://w3id.org/tamar/taxonomies/oecd/31050459	Nephropathy	semapv:SemanticSimilarityThresholdMatching	0.860	0.7219	cosine	tamar-pairwise	Synonymous terms
http://data.europa.eu/8mn/euroscivoc/5375c411-6db9-40ed-a854-6554102a587b	dermatology	skos:broadMatch	https://w3id.org/tamar/taxonomies/oecd/31050443	Dermatology and venereal diseases	semapv:SemanticSimilarityThresholdMatching	0.920	0.7540	cosine	tamar-pairwise	Target adds venereal diseases
http://data.europa.eu/8mn/euroscivoc/53d318ec-2f1b-41e4-8317-24b35f9a9120	structural engineering	skos:broadMatch	https://w3id.org/tamar/taxonomies/oecd/31049045	Civil engineering, maritime/hydraulic engineering, geotechnics, waste treatment	semapv:SemanticSimilarityThresholdMatching	0.750	0.6847	cosine	tamar-pairwise	Target covers structural engineering
http://data.europa.eu/8mn/euroscivoc/54157b12-04fe-4eb2-b707-6a46f992fdce	thermodynamic engineering	skos:broadMatch	https://w3id.org/tamar/taxonomies/oecd/31049768	Thermal	semapv:SemanticSimilarityThresholdMatching	0.850	0.6969	cosine	tamar-pairwise	Target covers broader thermal fields
http://data.europa.eu/8mn/euroscivoc/546f93d1-4503-4a57-90d9-8ec927ab112e	classical mechanics	skos:broadMatch	https://w3id.org/tamar/taxonomies/oecd/31048471	Classical physics	semapv:SemanticSimilarityThresholdMatching	0.940	0.6874	cosine	tamar-pairwise	Target covers classical mechanics
http://data.europa.eu/8mn/euroscivoc/54ca0648-4321-4706-912c-46955e303049	antibiotic resistance	skos:exactMatch	https://w3id.org/tamar/taxonomies/oecd/31050648	Antimicrobial resistance	semapv:LexicalMatching	0.990			tamar-pairwise	Exact antimicrobial resistance synonym
http://data.europa.eu/8mn/euroscivoc/54ffbab2-92ff-49a8-8dc4-02c5a8b99d3c	natural gas	skos:exactMatch	https://w3id.org/tamar/taxonomies/oecd/31049389	Natural gas	semapv:LexicalMatching	0.990	0.7983	cosine	tamar-pairwise	Same natural gas concept
http://data.europa.eu/8mn/euroscivoc/5592e1b1-7626-4d34-8884-131279754e4a	social aspects of transport	skos:broadMatch	https://w3id.org/tamar/taxonomies/oecd/31051091	Mobility and transportation	semapv:SemanticSimilarityThresholdMatching	0.750	0.7131	cosine	tamar-pairwise	Target covers broader mobility
http://data.europa.eu/8mn/euroscivoc/55e533c2-cad7-45bc-a66f-e813cda04e70	veterinary sciences	skos:exactMatch	https://w3id.org/tamar/taxonomies/oecd/31050851	Veterinary science	semapv:LexicalMatching	0.990	0.9288	cosine	tamar-pairwise	Same veterinary science concept
http://data.europa.eu/8mn/euroscivoc/55ef58a8-cd43-4d3a-8f4f-57d3671d3db5	constitutional law	skos:broadMatch	https://w3id.org/tamar/taxonomies/oecd/31051032	Legal systems, constitutions, foundations of law	semapv:SemanticSimilarityThresholdMatching	0.920	0.6974	cosine	tamar-pairwise	Target heading covers source
http://data.europa.eu/8mn/euroscivoc/562b69f2-7c20-4708-a137-55a458bca7cd	heat engineering	skos:narrowMatch	https://w3id.org/tamar/taxonomies/oecd/31049769	Heat Transport Technology	semapv:SemanticSimilarityThresholdMatching	0.800	0.7189	cosine	tamar-pairwise	Source broader than target
http://data.europa.eu/8mn/euroscivoc/562f2b97-7578-4fbc-a53c-b9603aad1db9	public administration	skos:exactMatch	https://w3id.org/tamar/taxonomies/oecd/31050954	Public administration	semapv:LexicalMatching	0.990			tamar-pairwise	Same administrative field
http://data.europa.eu/8mn/euroscivoc/5734c649-766d-4880-8891-daee21d64bb4	social psychology	skos:exactMatch	https://w3id.org/tamar/taxonomies/oecd/31050917	Social psychology	semapv:LexicalMatching	0.990			tamar-pairwise	Identical disciplinary concept
http://data.europa.eu/8mn/euroscivoc/5754a839-d714-4849-9789-e831eb4af6f1	odontology	skos:exactMatch	https://w3id.org/tamar/taxonomies/oecd/31050440	Odontology	semapv:LexicalMatching	0.980	0.7951	cosine	tamar-pairwise	Exact label and concept
http://data.europa.eu/8mn/euroscivoc/5784b7f1-c7ce-49d9-9f38-aebcda0ff41d	oncology	skos:exactMatch	https://w3id.org/tamar/taxonomies/oecd/31050470	Oncology	semapv:LexicalMatching	0.990	0.7387	cosine	tamar-pairwise	Same oncology specialty concept
http://data.europa.eu/8mn/euroscivoc/57ae94b9-b0e2-4066-b910-3b58c015c17e	physical chemistry	skos:exactMatch	https://w3id.org/tamar/taxonomies/oecd/31048561	Physical chemistry	semapv:LexicalMatching	0.990			tamar-pairwise	Identical chemistry discipline
http://data.europa.eu/8mn/euroscivoc/582a0b32-79e8-4b30-abf9-c7b6a6708683	tissue engineering	skos:exactMatch	https://w3id.org/tamar/taxonomies/oecd/31050705	Tissue engineering	semapv:LexicalMatching	0.990			tamar-pairwise	Exact concept label and meaning
http://data.europa.eu/8mn/euroscivoc/584d9d66-018f-4bb9-812c-7fafd5b1abd4	developmental biology	skos:exactMatch	https://w3id.org/tamar/taxonomies/oecd/31048887	Developmental biology	semapv:LexicalMatching	0.990			tamar-pairwise	Identical concept and hierarchy
http://data.europa.eu/8mn/euroscivoc/594795fd-81a0-47bb-8676-fb24f97a0213	fluid mechanics	skos:broadMatch	https://w3id.org/tamar/taxonomies/oecd/31049149	Fluid mechanics, hydraulic-, turbo-, and piston engines	semapv:SemanticSimilarityThresholdMatching	0.780	0.6600	cosine	tamar-pairwise	Target adds engine applications
http://data.europa.eu/8mn/euroscivoc/5a60af95-d2da-4703-845c-30966147de58	ethical theories	skos:broadMatch	https://w3id.org/tamar/taxonomies/oecd/31051112	Ethics and morality, bioethics	semapv:SemanticSimilarityThresholdMatching	0.720	0.6577	cosine	tamar-pairwise	Target covers ethics broadly
http://data.europa.eu/8mn/euroscivoc/5ac3ab8e-7d50-4091-94e2-0eec71c915db	mathematics	skos:exactMatch	https://w3id.org/tamar/taxonomies/oecd/31048365	Mathematics	semapv:LexicalMatching	0.990			tamar-pairwise	Same concept and hierarchy
http://data.europa.eu/8mn/euroscivoc/5ae7bd70-d708-4d9c-b090-083a42d44632	naval engineering	skos:exactMatch	https://w3id.org/tamar/taxonomies/oecd/31049401	Marine engineering	semapv:LexicalMatching	0.980			tamar-pairwise	Synonymous engineering fields
http://data.europa.eu/8mn/euroscivoc/5b6b8b81-e659-42c1-8dd5-a0ac1d8e17a1	productivity	skos:exactMatch	https://w3id.org/tamar/taxonomies/oecd/31050981	Productivity	semapv:LexicalMatching	0.980	0.6827	cosine	tamar-pairwise	Identical productivity concept
http://data.europa.eu/8mn/euroscivoc/5b7a4490-820b-4d26-b467-f23c24cda347	pedology	skos:narrowMatch	https://w3id.org/tamar/taxonomies/oecd/31050773	Soil morphology	semapv:LexicalMatching	0.930	0.7996	cosine	tamar-pairwise	Pedology broader than morphology
http://data.europa.eu/8mn/euroscivoc/5b85e891-a025-4270-9b5d-df61c39b79f2	biological behavioural sciences	skos:closeMatch	https://w3id.org/tamar/taxonomies/oecd/31048947	Behavioural biology	semapv:SemanticSimilarityThresholdMatching	0.910	0.7600	cosine	tamar-pairwise	Behavioural biology field equivalent
http://data.europa.eu/8mn/euroscivoc/5c266dc9-1682-4717-848b-9628ec8274f4	liquid fuels	skos:narrowMatch	https://w3id.org/tamar/taxonomies/oecd/31049433	Liquid biofuels	semapv:SemanticSimilarityThresholdMatching	0.750	0.7121	cosine	tamar-pairwise	Target subset of fuels
http://data.europa.eu/8mn/euroscivoc/5c631d7c-2a8c-40b4-9ba9-71121e2d5e63	basic medicine	skos:exactMatch	https://w3id.org/tamar/taxonomies/oecd/31050292	Basic medicine	semapv:LexicalMatching	0.990	0.8779	cosine	tamar-pairwise	Same concept and hierarchy
http://data.europa.eu/8mn/euroscivoc/5c66325e-b247-4e52-92ec-544ae4d061cc	psychology	skos:exactMatch	https://w3id.org/tamar/taxonomies/oecd/31050910	Psychology	semapv:LexicalMatching	0.990			tamar-pairwise	Same psychology concept
http://data.europa.eu/8mn/euroscivoc/5ccac6a4-396a-4789-9506-de4ee54aae3d	nonlinear optics	skos:exactMatch	https://w3id.org/tamar/taxonomies/oecd/31053850	Nonlinear optics	semapv:LexicalMatching	0.990	0.7113	cosine	tamar-pairwise	Identical concept label
http://data.europa.eu/8mn/euroscivoc/5ccf6af3-d065-49da-bef3-9cd7f50c15c6	cultural anthropology	skos:exactMatch	https://w3id.org/tamar/taxonomies/oecd/31051016	Cultural anthropology	semapv:LexicalMatching	0.990	0.8057	cosine	tamar-pairwise	Identical cultural anthropology concept
http://data.europa.eu/8mn/euroscivoc/5d9297ad-d8cd-437c-9411-1b9c291bca9e	freshwater ecosystems	skos:closeMatch	https://w3id.org/tamar/taxonomies/oecd/31048968	Fresh water ecosystems	semapv:SemanticSimilarityThresholdMatching	0.990	0.8653	cosine	tamar-pairwise	Exact ecosystem concept
http://data.europa.eu/8mn/euroscivoc/5e1591e2-d02b-436c-8216-6b8912eee467	emergency medicine	skos:exactMatch	https://w3id.org/tamar/taxonomies/oecd/31050413	Emergency medicine	semapv:LexicalMatching	0.980	0.7087	cosine	tamar-pairwise	Same emergency medicine concept
http://data.europa.eu/8mn/euroscivoc/5e784778-9a21-483e-8435-37d7af93c92d	construction engineering	skos:broadMatch	https://w3id.org/tamar/taxonomies/oecd/31049058	Architecture, smart buildings, smart cities, urban engineering	semapv:SemanticSimilarityThresholdMatching	0.780	0.6794	cosine	tamar-pairwise	Target covers broader built environment
http://data.europa.eu/8mn/euroscivoc/5e92102f-26c6-459a-a578-22b2b8979fb2	carbohydrates	skos:closeMatch	https://w3id.org/tamar/taxonomies/oecd/31048536	Carbonhydrates	semapv:SemanticSimilarityThresholdMatching	0.980	0.7062	cosine	tamar-pairwise	Same biochemical substance class
http://data.europa.eu/8mn/euroscivoc/5f29c33d-99e2-40f8-82f8-30b71a5e7b79	textiles	skos:narrowMatch	https://w3id.org/tamar/taxonomies/oecd/31049065	Lightweight construction, textile technology	semapv:SemanticSimilarityThresholdMatching	0.800	0.6794	cosine	tamar-pairwise	Target covers subset of textiles
http://data.europa.eu/8mn/euroscivoc/5f6d0ee3-74d2-4fba-829b-24ef3fdf33fa	theoretical physics	skos:exactMatch	https://w3id.org/tamar/taxonomies/oecd/31048466	Particles and fields physics	semapv:LexicalMatching	0.960			tamar-pairwise	Equivalent label and hierarchy
http://data.europa.eu/8mn/euroscivoc/6016144d-477e-4e89-b543-0e8f6c488cc6	photochemistry	skos:exactMatch	https://w3id.org/tamar/taxonomies/oecd/31048441	Photochemistry	semapv:LexicalMatching	0.990			tamar-pairwise	Same photochemistry concept
http://data.europa.eu/8mn/euroscivoc/607e20c2-2a26-4113-ac15-b0bbca25a5de	plant breeding	skos:exactMatch	https://w3id.org/tamar/taxonomies/oecd/31050808	Plant breeding	semapv:LexicalMatching	0.990	0.8052	cosine	tamar-pairwise	Identical concept and hierarchy
http://data.europa.eu/8mn/euroscivoc/60f1cfbf-a341-4f77-b74d-8742f867c0ae	gene therapy	skos:exactMatch	https://w3id.org/tamar/taxonomies/oecd/31048868	Gene therapy	semapv:LexicalMatching	0.990	0.7234	cosine	tamar-pairwise	Same concept label
http://data.europa.eu/8mn/euroscivoc/61a310a8-87ce-448c-b5e5-28feab37defe	crystals	skos:broadMatch	https://w3id.org/tamar/taxonomies/oecd/31049189	Solid state materials	semapv:SemanticSimilarityThresholdMatching	0.850	0.6729	cosine	tamar-pairwise	Target covers crystals plus others
http://data.europa.eu/8mn/euroscivoc/61bab820-648f-4f84-9f2d-71b5f80c5835	linguistics	skos:exactMatch	https://w3id.org/tamar/taxonomies/oecd/31051175	Linguistics	semapv:LexicalMatching	0.990	0.6969	cosine	tamar-pairwise	Same concept and hierarchy
http://data.europa.eu/8mn/euroscivoc/621ef1ce-2ebd-43d9-a6c7-ecd962d27269	ophthalmology	skos:exactMatch	https://w3id.org/tamar/taxonomies/oecd/31050475	Ophthalmology	semapv:LexicalMatching	0.990	0.7691	cosine	tamar-pairwise	Identical medical specialty
http://data.europa.eu/8mn/euroscivoc/6283539e-373a-4c38-8bab-6510f9ee479c	livestock cloning	skos:exactMatch	https://w3id.org/tamar/taxonomies/oecd/31050881	Livestock cloning	semapv:LexicalMatching	0.990	0.9134	cosine	tamar-pairwise	Identical livestock cloning concept
http://data.europa.eu/8mn/euroscivoc/62d2a84e-3f7d-4164-890a-bac80360105b	waste management	skos:exactMatch	https://w3id.org/tamar/taxonomies/oecd/31048974	Waste management	semapv:LexicalMatching	0.990			tamar-pairwise	Same concept and hierarchy
http://data.europa.eu/8mn/euroscivoc/636e3522-1ee8-40e5-bb54-517b556edc50	greenhouse horticulture	skos:closeMatch	https://w3id.org/tamar/taxonomies/oecd/31050784	Protected horticulture	semapv:SemanticSimilarityThresholdMatching	0.970	0.7513	cosine	tamar-pairwise	Equivalent protected cultivation
http://data.europa.eu/8mn/euroscivoc/6425744b-69aa-491c-b0f3-92adb3351498	vaccines	skos:exactMatch	https://w3id.org/tamar/taxonomies/oecd/31050314	Vaccines	semapv:LexicalMatching	0.980	0.7462	cosine	tamar-pairwise	Same vaccine concept
http://data.europa.eu/8mn/euroscivoc/64605fff-1946-4fd4-b021-e2e83b71dcac	engineering and technology	skos:exactMatch	https://w3id.org/tamar/taxonomies/oecd/31049043	ENGINEERING AND TECHNOLOGY	semapv:LexicalMatching	0.990	0.8808	cosine	tamar-pairwise	Same concept and hierarchy
http://data.europa.eu/8mn/euroscivoc/64677c83-d296-43b3-b4a1-a6e79ce71488	limnology	skos:exactMatch	https://w3id.org/tamar/taxonomies/oecd/31048970	Limnology	semapv:LexicalMatching	0.990	0.8670	cosine	tamar-pairwise	Identical scientific discipline
http://data.europa.eu/8mn/euroscivoc/64992e3b-ceb3-482e-af46-3b8507dbda60	pathophysiology	skos:broadMatch	https://w3id.org/tamar/taxonomies/oecd/31050376	Pathology	semapv:SemanticSimilarityThresholdMatching	0.880	0.7408	cosine	tamar-pairwise	Target covers more fields
http://data.europa.eu/8mn/euroscivoc/64c1ba50-4451-4845-ba27-b81b01583d18	genetic selection	skos:exactMatch	https://w3id.org/tamar/taxonomies/oecd/31048877	Genetic selection	semapv:LexicalMatching	0.990	0.7875	cosine	tamar-pairwise	Identical concept and hierarchy
http://data.europa.eu/8mn/euroscivoc/6537f2e2-82fd-43a9-97b4-90b2d7be2d7c	port and harbor engineering	skos:closeMatch	https://w3id.org/tamar/taxonomies/oecd/31049052	Port and infrastructure	semapv:SemanticSimilarityThresholdMatching	0.840	0.7580	cosine	tamar-pairwise	Port infrastructure engineering
http://data.europa.eu/8mn/euroscivoc/65672057-bb45-47a9-9b2d-5dd7c15dae10	anthropology	skos:closeMatch	https://w3id.org/tamar/taxonomies/oecd/31051011	Anthropology, ethnology	semapv:SemanticSimilarityThresholdMatching	0.990	0.7118	cosine	tamar-pairwise	Same concept and hierarchy
http://data.europa.eu/8mn/euroscivoc/65f1cb53-0694-477b-9900-61ac8ad78c67	geology	skos:exactMatch	https://w3id.org/tamar/taxonomies/oecd/31048664	Geology	semapv:LexicalMatching	0.990			tamar-pairwise	Identical concept and hierarchy
http://data.europa.eu/8mn/euroscivoc/678cdc97-e688-4736-a884-8b6bb5b9b68d	social biomedical sciences	skos:closeMatch	https://w3id.org/tamar/taxonomies/oecd/31050686	Social biomedical sciences (includes family planning, sexual health, psycho-oncology, political and social effects of biomedical research)	semapv:SemanticSimilarityThresholdMatching	0.990	0.8490	cosine	tamar-pairwise	Same concept and hierarchy
http://data.europa.eu/8mn/euroscivoc/6a039bcc-11d6-4132-888b-3fd25127bb42	animal husbandry	skos:closeMatch	https://w3id.org/tamar/taxonomies/oecd/31050827	Agriculture related to animal husbandry, dairying, livestock raising	semapv:SemanticSimilarityThresholdMatching	0.910	0.7628	cosine	tamar-pairwise	Animal husbandry and livestock raising
http://data.europa.eu/8mn/euroscivoc/6bab1ac0-71ae-46aa-a7fa-26531ebf5b11	family studies	skos:broadMatch	https://w3id.org/tamar/taxonomies/oecd/31051023	Family studies, Social work	semapv:SemanticSimilarityThresholdMatching	0.800	0.7300	cosine	tamar-pairwise	Adds social work
http://data.europa.eu/8mn/euroscivoc/6bfdc366-a5da-4ae0-8882-2fe67713f7e0	solar astronomy	skos:closeMatch	https://w3id.org/tamar/taxonomies/oecd/31048490	Solar physics	semapv:SemanticSimilarityThresholdMatching	0.880	0.7356	cosine	tamar-pairwise	Solar study domain
http://data.europa.eu/8mn/euroscivoc/6c1a6cca-3074-40f7-97df-aad123eb693e	history of islam	skos:relatedMatch	https://w3id.org/tamar/taxonomies/oecd/31051126	Medieval history	semapv:SemanticSimilarityThresholdMatching	0.710	0.6555	cosine	tamar-pairwise	Partial period overlap
http://data.europa.eu/8mn/euroscivoc/6c45311d-08ee-4e0d-865f-2cf01b9804d5	physical cosmology	skos:closeMatch	https://w3id.org/tamar/taxonomies/oecd/31048513	Cosmology	semapv:LexicalMatching	0.940	0.7499	cosine	tamar-pairwise	Physical cosmology field
http://data.europa.eu/8mn/euroscivoc/6d8bb2ee-2867-4fef-82f5-6a1ab5b8715d	drones	skos:closeMatch	https://w3id.org/tamar/taxonomies/oecd/31049606	BTT5 Unmanned aircraft	semapv:SemanticSimilarityThresholdMatching	0.960	0.6804	cosine	tamar-pairwise	Unmanned aircraft synonymous
http://data.europa.eu/8mn/euroscivoc/6ddc211a-d224-4b46-9d2e-88746dc36ef7	colorectal cancer	skos:broadMatch	https://w3id.org/tamar/taxonomies/oecd/31050474	Cancer and its biological basis	semapv:SemanticSimilarityThresholdMatching	0.850	0.6731	cosine	tamar-pairwise	Target covers all cancers
http://data.europa.eu/8mn/euroscivoc/6de6dbeb-f200-40fc-b01c-09b01d153180	natural language processing	skos:exactMatch	https://w3id.org/tamar/taxonomies/oecd/31053815	Natural language processing	semapv:LexicalMatching	0.990	0.7163	cosine	tamar-pairwise	Identical concept labels
http://data.europa.eu/8mn/euroscivoc/6e01384f-e19e-4295-a656-a59ec98c5231	climate change adaptation	skos:narrowMatch	https://w3id.org/tamar/taxonomies/oecd/31050739	Forest adaptation to climate change	semapv:SemanticSimilarityThresholdMatching	0.900	0.6865	cosine	tamar-pairwise	Forests subset of adaptation
http://data.europa.eu/8mn/euroscivoc/6e37f121-a5d4-4054-b685-fec1c2d5e6c8	mechatronics	skos:exactMatch	https://w3id.org/tamar/taxonomies/oecd/31053885	Mechatronics	semapv:LexicalMatching	0.990			tamar-pairwise	Same concept label
http://data.europa.eu/8mn/euroscivoc/6eb34fa9-e534-437c-a6c1-2051b6740bb9	epidemiology	skos:exactMatch	https://w3id.org/tamar/taxonomies/oecd/31050491	Epidemiology	semapv:LexicalMatching	0.980			tamar-pairwise	Equivalent epidemiology concept
http://data.europa.eu/8mn/euroscivoc/6ec4c796-f249-4113-bcc4-2b026afaaed4	developmental psychology	skos:exactMatch	https://w3id.org/tamar/taxonomies/oecd/31050932	Developmental psychology	semapv:LexicalMatching	0.990	0.7077	cosine	tamar-pairwise	Same named discipline
http://data.europa.eu/8mn/euroscivoc/6fb24b32-86c2-46d3-9839-22fb9cda8e62	radiation chemistry	skos:broadMatch	https://w3id.org/tamar/taxonomies/oecd/31048440	Radiation and Nuclear chemistry	semapv:SemanticSimilarityThresholdMatching	0.920	0.7371	cosine	tamar-pairwise	Target includes nuclear chemistry
http://data.europa.eu/8mn/euroscivoc/6fe0f83b-5fc4-4bf8-8fa6-3f035eb0768e	pharmacokinetics	skos:exactMatch	https://w3id.org/tamar/taxonomies/oecd/31050363	Pharmacokinetics	semapv:LexicalMatching	0.990	0.7196	cosine	tamar-pairwise	Same specialized concept
http://data.europa.eu/8mn/euroscivoc/6fe1af5e-d328-4d17-b159-693801337af8	radiochemistry	skos:broadMatch	https://w3id.org/tamar/taxonomies/oecd/31048440	Radiation and Nuclear chemistry	semapv:SemanticSimilarityThresholdMatching	0.850	0.6623	cosine	tamar-pairwise	Target heading covers both
http://data.europa.eu/8mn/euroscivoc/707a943d-209a-417c-aab2-f71d82acf5f5	wind energy	skos:closeMatch	https://w3id.org/tamar/taxonomies/oecd/31049292	Wind	semapv:SemanticSimilarityThresholdMatching	0.930	0.7474	cosine	tamar-pairwise	Wind energy concept
http://data.europa.eu/8mn/euroscivoc/70c05ebc-69dd-434b-a898-a9b8d6b3bbc6	political economy	skos:broadMatch	https://w3id.org/tamar/taxonomies/oecd/31050949	Political economy, institutional economics, law and economics	semapv:SemanticSimilarityThresholdMatching	0.930	0.7641	cosine	tamar-pairwise	Target heading covers more
http://data.europa.eu/8mn/euroscivoc/71137b04-547d-4329-8db3-251df3e84589	transplantation	skos:exactMatch	https://w3id.org/tamar/taxonomies/oecd/31050437	Transplantation	semapv:LexicalMatching	0.990	0.9643	cosine	tamar-pairwise	Identical label and hierarchy
http://data.europa.eu/8mn/euroscivoc/714756a2-c536-45e1-9157-6260f038f7d2	intelligent transport systems	skos:closeMatch	https://w3id.org/tamar/taxonomies/oecd/31049145	Intelligent Transport Systems (ITS)	semapv:SemanticSimilarityThresholdMatching	0.980	0.7949	cosine	tamar-pairwise	Exact concept label
http://data.europa.eu/8mn/euroscivoc/71d5af4e-15df-4c68-8e73-5ee66a929b94	edaphology	skos:narrowMatch	https://w3id.org/tamar/taxonomies/oecd/31050770	Soil management	semapv:SemanticSimilarityThresholdMatching	0.700	0.7664	cosine	tamar-pairwise	Target subset of edaphology
http://data.europa.eu/8mn/euroscivoc/7341b8bd-fcb0-44c1-9ca9-8752b542ed59	andrology	skos:exactMatch	https://w3id.org/tamar/taxonomies/oecd/31050381	Andrology	semapv:LexicalMatching	0.990	0.8523	cosine	tamar-pairwise	Identical specialty and hierarchy
http://data.europa.eu/8mn/euroscivoc/734e0a2e-5a5f-4bee-aff1-39389370e524	educational sciences	skos:exactMatch	https://w3id.org/tamar/taxonomies/oecd/31050983	Educational sciences	semapv:LexicalMatching	0.990	0.7485	cosine	tamar-pairwise	Same educational sciences concept
http://data.europa.eu/8mn/euroscivoc/739766f0-539e-4fba-8144-9249bb38719a	nanotechnology	skos:exactMatch	https://w3id.org/tamar/taxonomies/oecd/31049436	Nano-technology	semapv:LexicalMatching	0.990	0.7511	cosine	tamar-pairwise	Exact label and hierarchy
http://data.europa.eu/8mn/euroscivoc/742439ad-5d62-4e2d-bd77-0eb7caaa75f4	medical engineering	skos:exactMatch	https://w3id.org/tamar/taxonomies/oecd/31049203	Medical engineering	semapv:LexicalMatching	0.990			tamar-pairwise	Identical concept and hierarchy
http://data.europa.eu/8mn/euroscivoc/744ccb87-b5ad-4fe4-b591-e7166547d861	neutrinos	skos:broadMatch	https://w3id.org/tamar/taxonomies/oecd/31048520	Observational astronomy: cosmic rays, neutrinos, and other particles	semapv:SemanticSimilarityThresholdMatching	0.900	0.6561	cosine	tamar-pairwise	Target covers neutrinos plus others
http://data.europa.eu/8mn/euroscivoc/74836c15-ffba-4c45-acb1-49a8c4b14f9f	dark matter	skos:closeMatch	https://w3id.org/tamar/taxonomies/oecd/31048511	Dark matter, dark energy	semapv:SemanticSimilarityThresholdMatching	0.980	0.8642	cosine	tamar-pairwise	Exact combined concept
http://data.europa.eu/8mn/euroscivoc/749ae797-df54-47c9-9298-60812c03e3e5	reproductive biology	skos:exactMatch	https://w3id.org/tamar/taxonomies/oecd/31048884	Reproductive biology	semapv:LexicalMatching	0.990	0.8528	cosine	tamar-pairwise	Same concept and hierarchy
http://data.europa.eu/8mn/euroscivoc/74f1f6d9-2480-440a-a168-82967a9677ef	planetary sciences	skos:closeMatch	https://w3id.org/tamar/taxonomies/oecd/31048493	Terrestrial planets and major satellites	semapv:SemanticSimilarityThresholdMatching	0.900	0.7215	cosine	tamar-pairwise	Equivalent planetary science scope
http://data.europa.eu/8mn/euroscivoc/7570d850-8c2e-4d28-876a-3dafdb3a1e3d	medieval history	skos:exactMatch	https://w3id.org/tamar/taxonomies/oecd/31051126	Medieval history	semapv:LexicalMatching	0.990	0.7600	cosine	tamar-pairwise	Identical historical concept
http://data.europa.eu/8mn/euroscivoc/75c3d647-f4fe-4906-abfb-62aa052724b7	fossil energy	skos:closeMatch	https://w3id.org/tamar/taxonomies/oecd/31049388	Fossil fuels	semapv:SemanticSimilarityThresholdMatching	0.940	0.8172	cosine	tamar-pairwise	Equivalent fossil-energy concept
http://data.europa.eu/8mn/euroscivoc/76144833-3f5b-4f6e-8568-f3511da61f95	social issues	skos:exactMatch	https://w3id.org/tamar/taxonomies/oecd/31051021	Social issues	semapv:LexicalMatching	0.990	0.7422	cosine	tamar-pairwise	Identical concept and hierarchy
http://data.europa.eu/8mn/euroscivoc/763cdd4c-3c18-4fa5-91be-fc6c8754d116	zoology	skos:exactMatch	https://w3id.org/tamar/taxonomies/oecd/31048933	Zoology	semapv:LexicalMatching	0.970	0.8632	cosine	tamar-pairwise	Exact zoology concept
http://data.europa.eu/8mn/euroscivoc/76841f1d-cc14-4032-a4cc-c634fb543541	algebraic geometry	skos:broadMatch	https://w3id.org/tamar/taxonomies/oecd/31048371	Algebraic and complex geometry	semapv:SemanticSimilarityThresholdMatching	0.940	0.6911	cosine	tamar-pairwise	Target adds complex geometry
http://data.europa.eu/8mn/euroscivoc/76da466d-e78f-44b0-990a-db42f87b9454	archaeology	skos:exactMatch	https://w3id.org/tamar/taxonomies/oecd/31051152	Archaeology	semapv:LexicalMatching	0.990	0.7948	cosine	tamar-pairwise	Identical concept and hierarchy
http://data.europa.eu/8mn/euroscivoc/77030c6f-37d5-46d0-961c-b2a053ecb8d7	law	skos:exactMatch	https://w3id.org/tamar/taxonomies/oecd/31051024	Law	semapv:LexicalMatching	0.990	0.7984	cosine	tamar-pairwise	Same concept and hierarchy
http://data.europa.eu/8mn/euroscivoc/776bf529-b4bb-458b-ad4f-50b327a822ce	environmental biotechnology	skos:exactMatch	https://w3id.org/tamar/taxonomies/oecd/31049417	Environmental biotechnology	semapv:LexicalMatching	0.990	0.8314	cosine	tamar-pairwise	Same concept and hierarchy
http://data.europa.eu/8mn/euroscivoc/7830c46f-4ad5-4c75-93fa-76d843e39fb9	drinking water treatment processes	skos:exactMatch	https://w3id.org/tamar/taxonomies/oecd/31048760	Drinking water treatment	semapv:LexicalMatching	0.960	0.7962	cosine	tamar-pairwise	Equivalent drinking water treatment
http://data.europa.eu/8mn/euroscivoc/786ff653-724c-4af7-9439-b14dd781f950	autonomous vehicles	skos:relatedMatch	https://w3id.org/tamar/taxonomies/oecd/31049458	Automotive	semapv:SemanticSimilarityThresholdMatching	0.780	0.7271	cosine	tamar-pairwise	Partial domain overlap
http://data.europa.eu/8mn/euroscivoc/793e0287-abe0-4776-a2ae-bbe02278e5f9	highway engineering	skos:broadMatch	https://w3id.org/tamar/taxonomies/oecd/31049064	Transport engineering, intelligent transport systems	semapv:SemanticSimilarityThresholdMatching	0.840	0.6936	cosine	tamar-pairwise	Includes ITS beyond
http://data.europa.eu/8mn/euroscivoc/79c581d5-f4f7-47b5-b582-ee6e88ee1815	nursing	skos:exactMatch	https://w3id.org/tamar/taxonomies/oecd/31050535	Nursing	semapv:LexicalMatching	0.990	0.9423	cosine	tamar-pairwise	Identical concept and hierarchy
http://data.europa.eu/8mn/euroscivoc/7a2af875-ffe4-46ae-b139-d3404cc678d9	calorimetry	skos:broadMatch	https://w3id.org/tamar/taxonomies/oecd/31049773	Thermal Analysis Tools	semapv:SemanticSimilarityThresholdMatching	0.800	0.6749	cosine	tamar-pairwise	Target includes other tools
http://data.europa.eu/8mn/euroscivoc/7a2dcf7b-2c20-468a-a81c-76d67c14de31	humanities	skos:exactMatch	https://w3id.org/tamar/taxonomies/oecd/31051119	HUMANITIES	semapv:LexicalMatching	0.990	0.8783	cosine	tamar-pairwise	Identical concept and hierarchy
http://data.europa.eu/8mn/euroscivoc/7a3cf568-46ba-4840-be8f-f22fc030139f	immunology	skos:exactMatch	https://w3id.org/tamar/taxonomies/oecd/31050306	Immunology	semapv:LexicalMatching	0.990	0.6875	cosine	tamar-pairwise	Exact immunology concept
http://data.europa.eu/8mn/euroscivoc/7a868b71-b645-4d74-9c49-8e9ced9e8c1b	coating and films	skos:exactMatch	https://w3id.org/tamar/taxonomies/oecd/31049193	Coating and films	semapv:LexicalMatching	0.990	0.7291	cosine	tamar-pairwise	Identical concept and hierarchy
http://data.europa.eu/8mn/euroscivoc/7aaec0f1-299a-4440-af7f-400f5bf6f785	biomass	skos:narrowMatch	https://w3id.org/tamar/taxonomies/oecd/31049309	Biomass	semapv:LexicalMatching	0.800			tamar-pairwise	Target subset of biomass
http://data.europa.eu/8mn/euroscivoc/7aca9814-d7a5-43b2-8521-0fa53e8bd36a	quantum chemistry	skos:exactMatch	https://w3id.org/tamar/taxonomies/oecd/31048564	Quantum Chemistry	semapv:LexicalMatching	0.990	0.8396	cosine	tamar-pairwise	Identical concept label
http://data.europa.eu/8mn/euroscivoc/7b002931-b33d-4f72-87db-4ae7db02e938	bioleaching	skos:broadMatch	https://w3id.org/tamar/taxonomies/oecd/31048846	Biochemical research methods	semapv:SemanticSimilarityThresholdMatching	0.600	0.6703	cosine	tamar-pairwise	Target broader than source
http://data.europa.eu/8mn/euroscivoc/7b38f8b4-3f5a-4a59-84f8-d270c33146c8	spectroscopy	skos:exactMatch	https://w3id.org/tamar/taxonomies/oecd/31048592	Spectroscopy	semapv:LexicalMatching	0.990	0.7131	cosine	tamar-pairwise	Same concept and hierarchy
http://data.europa.eu/8mn/euroscivoc/7b79e4a2-5d2a-453f-b277-dda80eccf0d0	control engineering	skos:exactMatch	https://w3id.org/tamar/taxonomies/oecd/31049127	Control engineering	semapv:LexicalMatching	0.980	0.8222	cosine	tamar-pairwise	Same control engineering concept
http://data.europa.eu/8mn/euroscivoc/7c6bb03c-2bb4-49e5-a4a7-4059d062f52c	drug safety	skos:narrowMatch	https://w3id.org/tamar/taxonomies/oecd/31050366	Pharmacovigilance	semapv:SemanticSimilarityThresholdMatching	0.850	0.7036	cosine	tamar-pairwise	Target subset of drug safety
http://data.europa.eu/8mn/euroscivoc/7d36985f-2880-4ae4-91e8-082c08876f9b	cardiovascular diseases	skos:exactMatch	https://w3id.org/tamar/taxonomies/oecd/31050387	Cardiovascular diseases	semapv:LexicalMatching	0.980	0.7146	cosine	tamar-pairwise	Identical disease concept
http://data.europa.eu/8mn/euroscivoc/7dc05f81-dc62-4d77-af5d-8283b58fa184	energy conversion	skos:broadMatch	https://w3id.org/tamar/taxonomies/oecd/31049220	Energy collection, conversion and storage, renewable energy	semapv:SemanticSimilarityThresholdMatching	0.780	0.7466	cosine	tamar-pairwise	Target broader than conversion
http://data.europa.eu/8mn/euroscivoc/7dc77768-bb18-4565-b7da-9d0de3cbbe63	mobile phones	skos:broadMatch	https://w3id.org/tamar/taxonomies/oecd/31049826	Terminals	semapv:SemanticSimilarityThresholdMatching	0.950	0.6737	cosine	tamar-pairwise	Target covers more devices
http://data.europa.eu/8mn/euroscivoc/7de64596-5b0d-4977-8f98-b982ff2ec17d	gynaecology	skos:exactMatch	https://w3id.org/tamar/taxonomies/oecd/31050383	Gynaecology	semapv:LexicalMatching	0.990	0.7763	cosine	tamar-pairwise	Same medical specialty
http://data.europa.eu/8mn/euroscivoc/7e051231-1daa-4eb0-b042-8d49a81f8b7e	aeronautical engineering	skos:closeMatch	https://w3id.org/tamar/taxonomies/oecd/31049466	Aeronautics technology domain	semapv:SemanticSimilarityThresholdMatching	0.840	0.6858	cosine	tamar-pairwise	Closest technical domain equivalent
http://data.europa.eu/8mn/euroscivoc/7e2ed2d0-d1fe-4e92-8a75-e2363e589b89	molecular neuroscience	skos:closeMatch	https://w3id.org/tamar/taxonomies/oecd/31048791	Molecular and cellular neuroscience	semapv:SemanticSimilarityThresholdMatching	0.960	0.7903	cosine	tamar-pairwise	Molecular neuroscience scope
http://data.europa.eu/8mn/euroscivoc/7ea71f6f-fc2d-4dcc-a1a3-5b324895dcc7	dramaturgy	skos:broadMatch	https://w3id.org/tamar/taxonomies/oecd/31051201	Performing arts studies (Musicology, Theater science, Dramaturgy)	semapv:SemanticSimilarityThresholdMatching	0.940	0.6593	cosine	tamar-pairwise	Target aggregates dramaturgy
http://data.europa.eu/8mn/euroscivoc/7f1915ca-1b47-4a79-8765-f4f332c70d67	contemporary history	skos:broadMatch	https://w3id.org/tamar/taxonomies/oecd/31051128	Modern and contemporary history	semapv:SemanticSimilarityThresholdMatching	0.910	0.6701	cosine	tamar-pairwise	Target broader than source
http://data.europa.eu/8mn/euroscivoc/7f1fbbec-e51d-4333-abf7-5fedce5a69b0	political violence	skos:broadMatch	https://w3id.org/tamar/taxonomies/oecd/31051037	Violence, conflict and conflict resolution	semapv:SemanticSimilarityThresholdMatching	0.850	0.6722	cosine	tamar-pairwise	Target covers more than source
http://data.europa.eu/8mn/euroscivoc/7f6f9d2d-c94a-4d5e-bfd2-76dbd4df61e0	regional human rights	skos:narrowMatch	https://w3id.org/tamar/taxonomies/oecd/31073731	EU charter of fundamental rights	semapv:SemanticSimilarityThresholdMatching	0.880	0.7550	cosine	tamar-pairwise	Source spans multiple regions
http://data.europa.eu/8mn/euroscivoc/7f86cf31-2001-4f17-8941-3318bb68bc21	marine energy	skos:closeMatch	https://w3id.org/tamar/taxonomies/oecd/31049296	Ocean energy	semapv:SemanticSimilarityThresholdMatching	0.900	0.7339	cosine	tamar-pairwise	Synonymous marine energy terms
http://data.europa.eu/8mn/euroscivoc/7fd58960-5853-409b-bb50-fa1654f7bc3c	RNA	skos:narrowMatch	https://w3id.org/tamar/taxonomies/oecd/31048843	RNA synthesis, processing, modification and degradation	semapv:SemanticSimilarityThresholdMatching	0.780	0.6945	cosine	tamar-pairwise	Target covers RNA processes
http://data.europa.eu/8mn/euroscivoc/803cff73-504b-41ae-9873-1836c76c15d1	biological sciences	skos:exactMatch	https://w3id.org/tamar/taxonomies/oecd/31048787	Biological sciences	semapv:LexicalMatching	0.990	0.7763	cosine	tamar-pairwise	Equivalent biological sciences concept
http://data.europa.eu/8mn/euroscivoc/8053ae82-f945-405e-948b-6c4f09348722	waste treatment processes	skos:narrowMatch	https://w3id.org/tamar/taxonomies/oecd/31048982	Waste biotreatment	semapv:SemanticSimilarityThresholdMatching	0.900	0.7334	cosine	tamar-pairwise	Target is subset
http://data.europa.eu/8mn/euroscivoc/80742b2c-612e-4f18-a2e8-83bcdaa32ab2	agronomy	skos:exactMatch	https://w3id.org/tamar/taxonomies/oecd/31050788	Agronomy	semapv:LexicalMatching	0.990			tamar-pairwise	Exact agronomy concept
http://data.europa.eu/8mn/euroscivoc/8190a2e4-d944-4a7e-bb2f-adb488442622	dietetics	skos:narrowMatch	https://w3id.org/tamar/taxonomies/oecd/31050537	Therapeutic nutrition	semapv:SemanticSimilarityThresholdMatching	0.950	0.7384	cosine	tamar-pairwise	Therapeutic nutrition inside dietetics
http://data.europa.eu/8mn/euroscivoc/821a60d5-d21e-428d-bb57-3ce5e59cd3cf	system software	skos:exactMatch	https://w3id.org/tamar/taxonomies/oecd/31053777	System Software	semapv:LexicalMatching	0.990	0.7379	cosine	tamar-pairwise	Equivalent software category
http://data.europa.eu/8mn/euroscivoc/823fc6a3-11f6-4d98-a220-0ea8db1ea48d	ocean engineering	skos:exactMatch	https://w3id.org/tamar/taxonomies/oecd/31049151	Ocean engineering	semapv:LexicalMatching	0.990			tamar-pairwise	Exact concept and matching subtree
http://data.europa.eu/8mn/euroscivoc/828fbc8f-af57-4946-a4bd-219cc9ea615d	space exploration	skos:narrowMatch	https://w3id.org/tamar/taxonomies/oecd/31049820	Interplanetary / Deep space transportation	semapv:SemanticSimilarityThresholdMatching	0.850	0.7585	cosine	tamar-pairwise	Transport-only subset
http://data.europa.eu/8mn/euroscivoc/82f334ac-32da-4b4b-a80c-8e1da60aba9b	plate tectonics	skos:broadMatch	https://w3id.org/tamar/taxonomies/oecd/31048665	Geology, tectonics, volcanology	semapv:SemanticSimilarityThresholdMatching	0.850	0.7094	cosine	tamar-pairwise	Includes geology, volcanology
http://data.europa.eu/8mn/euroscivoc/837b7606-3ce0-492b-95e5-926e4881ae40	animal feed	skos:closeMatch	https://w3id.org/tamar/taxonomies/oecd/31050842	Feed products	semapv:SemanticSimilarityThresholdMatching	0.910	0.7373	cosine	tamar-pairwise	Animal feed product category
http://data.europa.eu/8mn/euroscivoc/838f3474-df6f-4654-958e-38b8d7e4b0c9	histology	skos:exactMatch	https://w3id.org/tamar/taxonomies/oecd/31048802	Histology	semapv:LexicalMatching	0.990	0.8439	cosine	tamar-pairwise	Exact disciplinary concept
http://data.europa.eu/8mn/euroscivoc/839b7158-09d9-4799-aacc-bb07d00c1668	sociology	skos:exactMatch	https://w3id.org/tamar/taxonomies/oecd/31051000	Sociology	semapv:LexicalMatching	0.990	0.7713	cosine	tamar-pairwise	Same concept and hierarchy
http://data.europa.eu/8mn/euroscivoc/83e22162-07bd-48eb-a6ae-d003d6910aff	psychotherapy	skos:exactMatch	https://w3id.org/tamar/taxonomies/oecd/31050937	Psychotherapy	semapv:LexicalMatching	0.990			tamar-pairwise	Same concept and hierarchy
http://data.europa.eu/8mn/euroscivoc/8441d6a8-aaf2-419f-b3a2-2b7babbeb83c	literary criticism	skos:broadMatch	https://w3id.org/tamar/taxonomies/oecd/31051172	Literary theory and comparative literature, literary styles	semapv:SemanticSimilarityThresholdMatching	0.860	0.7368	cosine	tamar-pairwise	Target covers more fields
http://data.europa.eu/8mn/euroscivoc/84a41eb4-356e-40a4-bc70-216beaf3d33d	geophysics	skos:broadMatch	https://w3id.org/tamar/taxonomies/oecd/31048658	Geochemistry and geophysics	semapv:SemanticSimilarityThresholdMatching	0.950	0.7161	cosine	tamar-pairwise	Target heading covers both
http://data.europa.eu/8mn/euroscivoc/857b60d8-4b5a-41ef-9bd8-9c1e62815ab3	biofuels	skos:exactMatch	https://w3id.org/tamar/taxonomies/oecd/31049431	Biofuels	semapv:LexicalMatching	0.990			tamar-pairwise	Exact biofuels concept
http://data.europa.eu/8mn/euroscivoc/85d38bff-6c87-4717-81d9-f249ee6a7f64	cognitive psychology	skos:closeMatch	https://w3id.org/tamar/taxonomies/oecd/31050926	Cognitive science	semapv:LexicalMatching	0.860	0.6900	cosine	tamar-pairwise	Cognitive science disciplinary overlap
http://data.europa.eu/8mn/euroscivoc/8614801c-e2ae-4e99-93b0-cfecb09c4f35	social geography	skos:exactMatch	https://w3id.org/tamar/taxonomies/oecd/31051068	Social and economic geography	semapv:LexicalMatching	0.980	0.8264	cosine	tamar-pairwise	Equivalent label and hierarchy
http://data.europa.eu/8mn/euroscivoc/86246709-0490-46c0-99f6-4afe7d8b461d	entomology	skos:exactMatch	https://w3id.org/tamar/taxonomies/oecd/31048942	Entomology	semapv:LexicalMatching	0.990	0.7591	cosine	tamar-pairwise	Identical concept and label
http://data.europa.eu/8mn/euroscivoc/8641f278-288c-4f41-981a-6b2aa305fef1	gravitational waves	skos:broadMatch	https://w3id.org/tamar/taxonomies/oecd/31048512	Gravitational astronomy	semapv:SemanticSimilarityThresholdMatching	0.850	0.6672	cosine	tamar-pairwise	Target covers more topics
http://data.europa.eu/8mn/euroscivoc/866c484a-44d8-4fde-b54f-3b1d9f8ca612	philosophy, ethics and religion	skos:exactMatch	https://w3id.org/tamar/taxonomies/oecd/31051181	Philosophy, Ethics and Religion	semapv:LexicalMatching	0.990	0.8432	cosine	tamar-pairwise	Identical concept and hierarchy
http://data.europa.eu/8mn/euroscivoc/89254312-aa1d-4215-9c20-f7ae4f9936f5	homeostasis	skos:broadMatch	https://w3id.org/tamar/taxonomies/oecd/31049974	Physiology Science & Medical technologies	semapv:SemanticSimilarityThresholdMatching	0.730	0.6913	cosine	tamar-pairwise	Target covers physiology broadly
http://data.europa.eu/8mn/euroscivoc/8a35026c-af71-4e24-8d3b-688d2365635c	biomass energy	skos:narrowMatch	https://w3id.org/tamar/taxonomies/oecd/31049347	Biomass CHP	semapv:SemanticSimilarityThresholdMatching	0.860	0.7248	cosine	tamar-pairwise	CHP subset of biomass energy
http://data.europa.eu/8mn/euroscivoc/8a64da82-b46e-4940-b896-bfc79ad3f6f8	palaeontology	skos:exactMatch	https://w3id.org/tamar/taxonomies/oecd/31048653	Palaeontology	semapv:LexicalMatching	0.990	0.7737	cosine	tamar-pairwise	Identical concept and hierarchy
http://data.europa.eu/8mn/euroscivoc/8aa08c31-d3ac-401e-939d-65876f7b9b08	fluid dynamics	skos:narrowMatch	https://w3id.org/tamar/taxonomies/oecd/31049468	CFD Computational Fluid Dynamics	semapv:SemanticSimilarityThresholdMatching	0.960	0.6672	cosine	tamar-pairwise	CFD inside fluid dynamics
http://data.europa.eu/8mn/euroscivoc/8cf6591b-082a-4b5d-9178-912736414c80	network security	skos:exactMatch	https://w3id.org/tamar/taxonomies/oecd/31053799	Network Security	semapv:LexicalMatching	0.980			tamar-pairwise	Exact network security concept
http://data.europa.eu/8mn/euroscivoc/8d3657d8-563a-47fb-a5c2-5592b08365b5	media and communications	skos:exactMatch	https://w3id.org/tamar/taxonomies/oecd/31051096	Media and communications	semapv:LexicalMatching	0.990			tamar-pairwise	Identical concept and hierarchy
http://data.europa.eu/8mn/euroscivoc/8d4d41ab-8df4-472d-a11c-d1c4f76cf7c1	exposomes	skos:broadMatch	https://w3id.org/tamar/taxonomies/oecd/31050590	Disease determinants	semapv:SemanticSimilarityThresholdMatching	0.700	0.6626	cosine	tamar-pairwise	Target broader than exposome
http://data.europa.eu/8mn/euroscivoc/8d83b645-355f-4cf1-abf3-ce4cd3172c34	radio frequency	skos:broadMatch	https://w3id.org/tamar/taxonomies/oecd/31049067	Communication technology, high-frequency technology	semapv:SemanticSimilarityThresholdMatching	0.840	0.7154	cosine	tamar-pairwise	Target covers RF plus others
http://data.europa.eu/8mn/euroscivoc/8d8401ba-b60d-45b0-b5b8-aa9ac816df6a	land-based treatment	skos:narrowMatch	https://w3id.org/tamar/taxonomies/oecd/31050770	Soil management	semapv:SemanticSimilarityThresholdMatching	0.650	0.6998	cosine	tamar-pairwise	Target narrower than source
http://data.europa.eu/8mn/euroscivoc/8d84097d-1017-4b85-a259-5e2d476a3575	hydrometeorology	skos:broadMatch	https://w3id.org/tamar/taxonomies/oecd/31048763	Hydrology (Water science)	semapv:SemanticSimilarityThresholdMatching	0.920	0.6722	cosine	tamar-pairwise	Target broader than hydrometeorology
http://data.europa.eu/8mn/euroscivoc/8dd0458f-4867-4138-92b1-9e5fb2c36249	protein folding	skos:broadMatch	https://w3id.org/tamar/taxonomies/oecd/31048844	Protein synthesis, modification and turnover	semapv:SemanticSimilarityThresholdMatching	0.800	0.6598	cosine	tamar-pairwise	Folding within broader process
http://data.europa.eu/8mn/euroscivoc/8de66ca0-d07a-4f3d-b41f-02f6fe6a19fc	pollution	skos:narrowMatch	https://w3id.org/tamar/taxonomies/oecd/31050587	Atmospheric pollution	semapv:SemanticSimilarityThresholdMatching	0.930	0.7225	cosine	tamar-pairwise	Target subset of source
http://data.europa.eu/8mn/euroscivoc/8de72c5d-c07e-4665-9d31-5aa4e1aa44f8	tribology	skos:narrowMatch	https://w3id.org/tamar/taxonomies/oecd/31049721	Tribology technologies	semapv:SemanticSimilarityThresholdMatching	0.860	0.7549	cosine	tamar-pairwise	Target sits inside tribology
http://data.europa.eu/8mn/euroscivoc/8e2d297f-5880-4d7a-969d-79026aa0779c	medical genetics	skos:exactMatch	https://w3id.org/tamar/taxonomies/oecd/31048872	Medical genetics	semapv:LexicalMatching	0.960	0.8476	cosine	tamar-pairwise	Exact concept label
http://data.europa.eu/8mn/euroscivoc/8e469a25-b5fd-4bf3-8cc1-d14800e650e0	environmental sciences	skos:exactMatch	https://w3id.org/tamar/taxonomies/oecd/31048669	Environmental sciences	semapv:LexicalMatching	0.990			tamar-pairwise	Identical concept and hierarchy
http://data.europa.eu/8mn/euroscivoc/8e55d01a-cb14-47ae-ac44-4522adf47258	literary theory	skos:exactMatch	https://w3id.org/tamar/taxonomies/oecd/31051173	Literary theory	semapv:LexicalMatching	0.980	0.6955	cosine	tamar-pairwise	Exact label and concept
http://data.europa.eu/8mn/euroscivoc/8e811b59-5880-4418-91f3-e85ebed90a3e	home automation	skos:broadMatch	https://w3id.org/tamar/taxonomies/oecd/31049700	Automation & Robotics Systems	semapv:SemanticSimilarityThresholdMatching	0.850	0.6963	cosine	tamar-pairwise	Target covers broader field
http://data.europa.eu/8mn/euroscivoc/8e821abf-25b0-440a-9e58-744cb280cc84	volumetric analysis	skos:broadMatch	https://w3id.org/tamar/taxonomies/oecd/31048588	Quantitative analysis	semapv:SemanticSimilarityThresholdMatching	0.960	0.6642	cosine	tamar-pairwise	Covers volumetric and other methods
http://data.europa.eu/8mn/euroscivoc/8e8a7336-2c9b-4375-b8f6-171576f2dc06	access control	skos:narrowMatch	https://w3id.org/tamar/taxonomies/oecd/31049997	Physical access control and Electronic Authentication Equipment	semapv:SemanticSimilarityThresholdMatching	0.750	0.7564	cosine	tamar-pairwise	Target specific equipment
http://data.europa.eu/8mn/euroscivoc/8f03620d-c94b-44d7-9778-a2f7bd325414	railroad engineering	skos:closeMatch	https://w3id.org/tamar/taxonomies/oecd/31049072	Rail Transport	semapv:SemanticSimilarityThresholdMatching	0.900	0.7707	cosine	tamar-pairwise	Rail transport engineering domain
http://data.europa.eu/8mn/euroscivoc/8f5a6a53-4d7c-471d-8af2-3f4b57e4655e	natural resources management	skos:broadMatch	https://w3id.org/tamar/taxonomies/oecd/31051070	Environment, resources and sustainability	semapv:SemanticSimilarityThresholdMatching	0.800	0.6633	cosine	tamar-pairwise	Target covers broader scope
http://data.europa.eu/8mn/euroscivoc/8f88c01b-6255-42c7-af87-1dda2ae9af1a	information engineering	skos:closeMatch	https://w3id.org/tamar/taxonomies/oecd/31049117	Electrical engineering, Electronic engineering, Information engineering	semapv:SemanticSimilarityThresholdMatching	0.990	0.7854	cosine	tamar-pairwise	Exact equivalent category
http://data.europa.eu/8mn/euroscivoc/90308d03-64b1-42e3-867b-db8a5024bdb7	wastewater treatment processes	skos:closeMatch	https://w3id.org/tamar/taxonomies/oecd/31048985	Waste water treatment	semapv:SemanticSimilarityThresholdMatching	0.910	0.7490	cosine	tamar-pairwise	Same wastewater treatment concept
http://data.europa.eu/8mn/euroscivoc/909aa237-d251-4262-81c2-fb5e21365f90	distillation	skos:narrowMatch	https://w3id.org/tamar/taxonomies/oecd/31049160	Desalination	semapv:SemanticSimilarityThresholdMatching	0.780	0.6941	cosine	tamar-pairwise	Desalination subset of distillation
http://data.europa.eu/8mn/euroscivoc/910aa765-51f4-4018-a308-c5bfd844eced	industrial crops	skos:exactMatch	https://w3id.org/tamar/taxonomies/oecd/31050802	Industrial crops	semapv:LexicalMatching	0.980	0.7639	cosine	tamar-pairwise	Same industrial crop category
http://data.europa.eu/8mn/euroscivoc/9193c76f-0e67-47d6-819b-19c3122a535e	cultural and economic geography	skos:exactMatch	https://w3id.org/tamar/taxonomies/oecd/31051074	Cultural and economic geography	semapv:LexicalMatching	0.990			tamar-pairwise	Identical concept label
http://data.europa.eu/8mn/euroscivoc/91ce660c-d914-4d49-9ed2-612de54e6196	nanocrystals	skos:broadMatch	https://w3id.org/tamar/taxonomies/oecd/31049185	Nanotechnology, nano-materials, nano engineering	semapv:SemanticSimilarityThresholdMatching	0.860	0.7193	cosine	tamar-pairwise	Target covers nanocrystals
http://data.europa.eu/8mn/euroscivoc/91dbf78e-ec96-4fc8-9ba3-706d26b85a15	agriculture	skos:exactMatch	https://w3id.org/tamar/taxonomies/oecd/31049860	Agriculture	semapv:LexicalMatching	0.980			tamar-pairwise	Same agricultural concept
http://data.europa.eu/8mn/euroscivoc/91fd36c0-639e-4a44-9dd6-056ebce415db	gamma-ray astronomy	skos:closeMatch	https://w3id.org/tamar/taxonomies/oecd/31048521	Observational astronomy: gamma rays	semapv:SemanticSimilarityThresholdMatching	0.970	0.7629	cosine	tamar-pairwise	Same gamma-ray astronomy field
http://data.europa.eu/8mn/euroscivoc/9239f328-78c9-40a5-a0b9-8e66fd9b6245	hematology	skos:exactMatch	https://w3id.org/tamar/taxonomies/oecd/31050410	Hematology	semapv:LexicalMatching	0.990	0.7544	cosine	tamar-pairwise	Same concept and hierarchy
http://data.europa.eu/8mn/euroscivoc/927ac971-50a5-462b-8857-8b6aa708c917	computational neuroscience	skos:broadMatch	https://w3id.org/tamar/taxonomies/oecd/31053956	Brain simulation and modeling	semapv:SemanticSimilarityThresholdMatching	0.850	0.7267	cosine	tamar-pairwise	Covers extra subfields
http://data.europa.eu/8mn/euroscivoc/9285d0c4-93e0-4cd7-bc24-4cb0b0b9a06e	speech-language pathology	skos:exactMatch	https://w3id.org/tamar/taxonomies/oecd/31050480	Speech therapy	semapv:LexicalMatching	0.980	0.7268	cosine	tamar-pairwise	Synonymous speech therapy
http://data.europa.eu/8mn/euroscivoc/93205ae1-235c-4259-a94d-ca9453a2ce17	botany	skos:closeMatch	https://w3id.org/tamar/taxonomies/oecd/31048929	Plant biology	semapv:SemanticSimilarityThresholdMatching	0.930	0.7892	cosine	tamar-pairwise	Equivalent plant science disciplines
http://data.europa.eu/8mn/euroscivoc/950b88c1-e09c-4b5d-92e0-d84433dd6025	sea vessels	skos:exactMatch	https://w3id.org/tamar/taxonomies/oecd/31049415	Sea vessels	semapv:LexicalMatching	0.940	0.7980	cosine	tamar-pairwise	Exact concept label
http://data.europa.eu/8mn/euroscivoc/9523c8f0-e142-40fe-9ced-571469d279ae	popular music studies	skos:broadMatch	https://w3id.org/tamar/taxonomies/oecd/31051202	Music and musicology, history of music	semapv:SemanticSimilarityThresholdMatching	0.850	0.6864	cosine	tamar-pairwise	Target includes popular music
http://data.europa.eu/8mn/euroscivoc/963b6046-fbf4-4d13-920c-de3cdf4aec8c	food allergy	skos:broadMatch	https://w3id.org/tamar/taxonomies/oecd/31050313	Allergology	semapv:SemanticSimilarityThresholdMatching	0.930	0.7268	cosine	tamar-pairwise	Target includes all allergies
http://data.europa.eu/8mn/euroscivoc/969ab3ad-46f6-4637-a09b-92670ed60152	geotechnics	skos:broadMatch	https://w3id.org/tamar/taxonomies/oecd/31049215	Environmental engineering and geotechnics	semapv:SemanticSimilarityThresholdMatching	0.920	0.8621	cosine	tamar-pairwise	Target includes environmental engineering
http://data.europa.eu/8mn/euroscivoc/96a1cc90-1742-4ae9-ab8e-346215b99e4d	ancient history	skos:exactMatch	https://w3id.org/tamar/taxonomies/oecd/31051124	Ancient history	semapv:LexicalMatching	0.990	0.8159	cosine	tamar-pairwise	Identical historical period
http://data.europa.eu/8mn/euroscivoc/96c3e7e8-7584-4f61-a90d-39652b83f41e	applied mathematics	skos:narrowMatch	https://w3id.org/tamar/taxonomies/oecd/31048382	Numerical analysis	semapv:SemanticSimilarityThresholdMatching	0.950	0.7500	cosine	tamar-pairwise	Numerical analysis inside applied math
http://data.europa.eu/8mn/euroscivoc/97337473-372b-4662-9d60-a25384e348d6	paleoecology	skos:broadMatch	https://w3id.org/tamar/taxonomies/oecd/31048655	Sedimentology, soil science, palaeontology, earth evolution	semapv:SemanticSimilarityThresholdMatching	0.780	0.6798	cosine	tamar-pairwise	Aggregate covers paleoecology plus more
http://data.europa.eu/8mn/euroscivoc/97a2bddc-7341-4a5d-95c3-b378ea8115b0	drug discovery	skos:broadMatch	https://w3id.org/tamar/taxonomies/oecd/31050355	Pharmacology, pharmacogenomics, drug discovery and design, drug therapy	semapv:SemanticSimilarityThresholdMatching	0.920	0.6602	cosine	tamar-pairwise	Target covers more topics
http://data.europa.eu/8mn/euroscivoc/981a4eb6-f63a-4360-953d-efe0ec861672	semantic web	skos:closeMatch	https://w3id.org/tamar/taxonomies/oecd/31053818	Semantic web technologies	semapv:SemanticSimilarityThresholdMatching	0.940	0.7008	cosine	tamar-pairwise	Same technology concept
http://data.europa.eu/8mn/euroscivoc/989f7a0a-1ab0-4896-b0e1-338eb7b25f9b	ideologies	skos:broadMatch	https://w3id.org/tamar/taxonomies/oecd/31051040	Political theory	semapv:SemanticSimilarityThresholdMatching	0.710	0.6806	cosine	tamar-pairwise	Target covers ideologies
http://data.europa.eu/8mn/euroscivoc/98f5f863-7cbf-46a0-84e0-cb319895e0ae	biogeochemistry	skos:closeMatch	https://w3id.org/tamar/taxonomies/oecd/31048645	Biogeochemistry, biogeochemical cycles, environmental chemistry	semapv:SemanticSimilarityThresholdMatching	0.980	0.8321	cosine	tamar-pairwise	Exact biogeochemistry concept
http://data.europa.eu/8mn/euroscivoc/995f4448-d135-4ba0-925f-e7afa18a0d0e	data processing	skos:broadMatch	https://w3id.org/tamar/taxonomies/oecd/31048383	Scientific computing and data processing	semapv:SemanticSimilarityThresholdMatching	0.800	0.7296	cosine	tamar-pairwise	Adds scientific computing
http://data.europa.eu/8mn/euroscivoc/996cbe8a-bba0-42a1-8f91-6ee04f30f5cc	mesoscopic physics	skos:exactMatch	https://w3id.org/tamar/taxonomies/oecd/31048459	Mesoscopic physics	semapv:LexicalMatching	1.000	0.8387	cosine	tamar-pairwise	Identical physics concept
http://data.europa.eu/8mn/euroscivoc/99e6da50-737b-41fa-9ad3-50f4152e79f6	health care services	skos:closeMatch	https://w3id.org/tamar/taxonomies/oecd/31050512	Health services, health care research	semapv:SemanticSimilarityThresholdMatching	0.880	0.7102	cosine	tamar-pairwise	Health services with research
http://data.europa.eu/8mn/euroscivoc/99f792a4-fb82-4f84-98df-ff76d9f98f0e	discrete mathematics	skos:closeMatch	https://w3id.org/tamar/taxonomies/oecd/31048380	Discrete mathematics and combinatorics	semapv:SemanticSimilarityThresholdMatching	0.920	0.8347	cosine	tamar-pairwise	Discrete mathematics with combinatorics
http://data.europa.eu/8mn/euroscivoc/9a10dcd1-7374-4c9d-ae6b-58514fb4d9bf	comets	skos:broadMatch	https://w3id.org/tamar/taxonomies/oecd/31048491	Planetary systems sciences	semapv:SemanticSimilarityThresholdMatching	0.850	0.6683	cosine	tamar-pairwise	Target covers many bodies
http://data.europa.eu/8mn/euroscivoc/9a512825-2fe5-4596-a0af-a157d819517b	protozoology	skos:exactMatch	https://w3id.org/tamar/taxonomies/oecd/31048812	Protozoology	semapv:LexicalMatching	0.990	0.8697	cosine	tamar-pairwise	Identical disciplinary concept
http://data.europa.eu/8mn/euroscivoc/9a97233b-9f0a-4644-9eb8-11ca048bca67	glacial geology	skos:broadMatch	https://w3id.org/tamar/taxonomies/oecd/31048667	Cryosphere, dynamics of snow and ice cover, sea ice, permafrosts and ice sheets	semapv:SemanticSimilarityThresholdMatching	0.800	0.6740	cosine	tamar-pairwise	Target covers broader cryosphere
http://data.europa.eu/8mn/euroscivoc/9b9abbee-82f5-4766-bd4d-feb73cf06573	agricultural sciences	skos:exactMatch	https://w3id.org/tamar/taxonomies/oecd/31050734	AGRICULTURAL SCIENCES	semapv:LexicalMatching	0.990	0.9691	cosine	tamar-pairwise	Identical concept and hierarchy
http://data.europa.eu/8mn/euroscivoc/9bd2c99d-daf4-492e-9dad-5ac18bd42c3a	bulk nanostructured materials	skos:broadMatch	https://w3id.org/tamar/taxonomies/oecd/31049185	Nanotechnology, nano-materials, nano engineering	semapv:SemanticSimilarityThresholdMatching	0.920	0.6737	cosine	tamar-pairwise	Target broader than source
http://data.europa.eu/8mn/euroscivoc/9bda1c22-12be-4dbc-a02f-5f6a052488dd	automation	skos:closeMatch	https://w3id.org/tamar/taxonomies/oecd/31049460	Automation	semapv:LexicalMatching	0.840	0.7985	cosine	tamar-pairwise	Same automation concept
http://data.europa.eu/8mn/euroscivoc/9bee140a-a951-4706-a5d2-d2a0822e10a1	arithmetics	skos:exactMatch	https://w3id.org/tamar/taxonomies/oecd/31048369	Number theory	semapv:LexicalMatching	0.980	0.7620	cosine	tamar-pairwise	Explicit number theory synonym
http://data.europa.eu/8mn/euroscivoc/9c1581ad-e871-4ab8-ac20-da03fa03d202	public policies	skos:narrowMatch	https://w3id.org/tamar/taxonomies/oecd/31048771	Water policy	semapv:LexicalMatching	0.930	0.8161	cosine	tamar-pairwise	Subset of public policies
http://data.europa.eu/8mn/euroscivoc/9c3a57c5-68bd-4ee7-a9cc-aa8ba07bde94	otorhinolaryngology	skos:exactMatch	https://w3id.org/tamar/taxonomies/oecd/31050476	Otorhinolaryngology	semapv:LexicalMatching	0.990	0.7810	cosine	tamar-pairwise	Identical specialty concept
http://data.europa.eu/8mn/euroscivoc/9c45a69b-705d-491a-80db-45a0a0c2bc20	macroeconomics	skos:exactMatch	https://w3id.org/tamar/taxonomies/oecd/31050955	Macroeconomics	semapv:LexicalMatching	0.990	0.8215	cosine	tamar-pairwise	Same macroeconomics concept
http://data.europa.eu/8mn/euroscivoc/9c69afe0-f2e5-4ac8-9aba-590b0e1387f7	microeconomics	skos:exactMatch	https://w3id.org/tamar/taxonomies/oecd/31050975	Microeconomics	semapv:LexicalMatching	0.990	0.8316	cosine	tamar-pairwise	Identical concept label
http://data.europa.eu/8mn/euroscivoc/9cfaafe4-7fee-41fc-ba8d-cf23a2a176e6	biophysics	skos:exactMatch	https://w3id.org/tamar/taxonomies/oecd/31048849	Biophysics	semapv:LexicalMatching	0.990			tamar-pairwise	Identical concept and hierarchy
http://data.europa.eu/8mn/euroscivoc/9d9d0dd9-5fe1-4c9b-bef2-e93184ead881	statistics and probability	skos:closeMatch	https://w3id.org/tamar/taxonomies/oecd/31048390	Statistics and probability (This includes research on statistical methodologies, but excludes research on applied statistics which should be classified under the relevant field of application (e.g. Economics, Sociology, etc.)	semapv:SemanticSimilarityThresholdMatching	0.990	0.7042	cosine	tamar-pairwise	Same concept and hierarchy
http://data.europa.eu/8mn/euroscivoc/9db99312-b7aa-4a85-ba0e-b2dd05135539	polymer sciences	skos:exactMatch	https://w3id.org/tamar/taxonomies/oecd/31048539	Polymer chemistry	semapv:LexicalMatching	0.930	0.7259	cosine	tamar-pairwise	Exact alternate label
http://data.europa.eu/8mn/euroscivoc/9de072f5-bfd6-488a-a281-c146729b9c84	video games	skos:closeMatch	https://w3id.org/tamar/taxonomies/oecd/31053807	Computer games	semapv:SemanticSimilarityThresholdMatching	0.960	0.6897	cosine	tamar-pairwise	Equivalent computer game concepts
http://data.europa.eu/8mn/euroscivoc/9e3cada3-2cd1-4c90-b8c2-0cb98a892a97	epigenetics	skos:broadMatch	https://w3id.org/tamar/taxonomies/oecd/31048881	Epigenetics and gene regulation	semapv:SemanticSimilarityThresholdMatching	0.940	0.6914	cosine	tamar-pairwise	Target adds gene regulation
http://data.europa.eu/8mn/euroscivoc/9e5be1eb-bf25-4136-a4e5-2c68aa7cd80a	organometallic chemistry	skos:exactMatch	https://w3id.org/tamar/taxonomies/oecd/31048538	Organometallic chemistry	semapv:LexicalMatching	0.990	0.8496	cosine	tamar-pairwise	Identical chemistry concept
http://data.europa.eu/8mn/euroscivoc/9e8e1abb-1a14-40ef-9658-782092fa5cf6	medical and health sciences	skos:exactMatch	https://w3id.org/tamar/taxonomies/oecd/31050291	MEDICAL AND HEALTH SCIENCES	semapv:LexicalMatching	1.000	0.9275	cosine	tamar-pairwise	Identical concept and hierarchy
http://data.europa.eu/8mn/euroscivoc/9f06ae95-d41a-4621-9152-8a6e1eb46334	art history	skos:closeMatch	https://w3id.org/tamar/taxonomies/oecd/31051191	Arts, Art history	semapv:SemanticSimilarityThresholdMatching	0.980	0.6936	cosine	tamar-pairwise	Exact concept label and hierarchy
http://data.europa.eu/8mn/euroscivoc/9f2d4860-d6ab-446c-bad7-a6e7e4801cf1	nano-materials	skos:broadMatch	https://w3id.org/tamar/taxonomies/oecd/31049185	Nanotechnology, nano-materials, nano engineering	semapv:SemanticSimilarityThresholdMatching	0.780	0.7166	cosine	tamar-pairwise	Target heading covers both
http://data.europa.eu/8mn/euroscivoc/9f98f6c1-5e95-4a12-83b5-20d05899af2f	epidemics prevention	skos:broadMatch	https://w3id.org/tamar/taxonomies/oecd/31050661	Disease control	semapv:SemanticSimilarityThresholdMatching	0.860	0.7721	cosine	tamar-pairwise	Target covers broader field
http://data.europa.eu/8mn/euroscivoc/a010f01c-4bd9-4bca-b568-0c1357034db9	numerical analysis	skos:exactMatch	https://w3id.org/tamar/taxonomies/oecd/31048382	Numerical analysis	semapv:LexicalMatching	0.990	0.8466	cosine	tamar-pairwise	Exact concept match
http://data.europa.eu/8mn/euroscivoc/a039a9e8-4380-4e34-8ee5-b54465ca8fe6	water supply systems	skos:broadMatch	https://w3id.org/tamar/taxonomies/oecd/31048776	Water supply	semapv:SemanticSimilarityThresholdMatching	0.850	0.7152	cosine	tamar-pairwise	Target covers more aspects
http://data.europa.eu/8mn/euroscivoc/a0e8e102-e50a-4883-a021-733345a8f1b1	software development	skos:closeMatch	https://w3id.org/tamar/taxonomies/oecd/31053773	Software Design & Development	semapv:SemanticSimilarityThresholdMatching	0.920	0.6553	cosine	tamar-pairwise	Development with design component
http://data.europa.eu/8mn/euroscivoc/a15ee526-3068-4a63-a064-eced44be0dc8	epistemology	skos:broadMatch	https://w3id.org/tamar/taxonomies/oecd/31051182	Philosophy, History and philosophy of science and technology	semapv:SemanticSimilarityThresholdMatching	0.820	0.6746	cosine	tamar-pairwise	Target covers epistemology plus others
http://data.europa.eu/8mn/euroscivoc/a1843234-5874-4879-b082-a052a25d9dbd	petroleum	skos:closeMatch	https://w3id.org/tamar/taxonomies/oecd/31049392	Oil	semapv:SemanticSimilarityThresholdMatching	0.970	0.7937	cosine	tamar-pairwise	Petroleum synonymous with oil
http://data.europa.eu/8mn/euroscivoc/a33bb877-2385-45b7-bcd3-e83d372448fb	transfer learning	skos:broadMatch	https://w3id.org/tamar/taxonomies/oecd/31049038	Knowledge transfer	semapv:SemanticSimilarityThresholdMatching	0.780	0.7198	cosine	tamar-pairwise	Target broader than source
http://data.europa.eu/8mn/euroscivoc/a348fcd2-3bdd-46f9-aa2c-a91301f1e12e	clinical medicine	skos:exactMatch	https://w3id.org/tamar/taxonomies/oecd/31050380	Clinical medicine	semapv:LexicalMatching	0.990	0.9077	cosine	tamar-pairwise	Equivalent clinical medicine concepts
http://data.europa.eu/8mn/euroscivoc/a357cf4d-48e6-4d5d-b8bf-3e39cbbbe713	other medical sciences	skos:exactMatch	https://w3id.org/tamar/taxonomies/oecd/31050717	Other medical sciences	semapv:LexicalMatching	0.990	0.7655	cosine	tamar-pairwise	Identical concept and hierarchy
http://data.europa.eu/8mn/euroscivoc/a37029a2-f8ab-4d2a-a121-0f4a3f3a9ce6	employment	skos:broadMatch	https://w3id.org/tamar/taxonomies/oecd/31050952	Labour economics, income distribution and poverty	semapv:SemanticSimilarityThresholdMatching	0.840	0.6605	cosine	tamar-pairwise	Target includes income distribution
http://data.europa.eu/8mn/euroscivoc/a3898340-a42d-4f5e-a822-1de204a9a867	gastroenterology	skos:broadMatch	https://w3id.org/tamar/taxonomies/oecd/31050466	Gastroenterology and hepatology	semapv:SemanticSimilarityThresholdMatching	0.900	0.6746	cosine	tamar-pairwise	Target adds hepatology
http://data.europa.eu/8mn/euroscivoc/a4440832-246b-4287-9e41-3ee3fa79f944	agricultural genetics	skos:broadMatch	https://w3id.org/tamar/taxonomies/oecd/31050874	GM technology (crops and livestock), livestock cloning, marker assisted selection, diagnostics (DNA chips and biosensing devices for the early/accurate detection of diseases) biomass feedstock production technologies, biopharming	semapv:SemanticSimilarityThresholdMatching	0.850	0.8256	cosine	tamar-pairwise	Target covers many topics
http://data.europa.eu/8mn/euroscivoc/a4be32e3-ea22-449c-8a8f-60138c997798	active learning	skos:broadMatch	https://w3id.org/tamar/taxonomies/oecd/31051064	Pedagogy	semapv:SemanticSimilarityThresholdMatching	0.930	0.6659	cosine	tamar-pairwise	Target broader than source
http://data.europa.eu/8mn/euroscivoc/a55114ca-1ad7-4c52-a261-d753fbeb3529	arts	skos:closeMatch	https://w3id.org/tamar/taxonomies/oecd/31051190	Arts (arts, history of arts, performing arts, music)	semapv:SemanticSimilarityThresholdMatching	0.970	0.7886	cosine	tamar-pairwise	Equivalent arts subject category
http://data.europa.eu/8mn/euroscivoc/a563319c-3538-4705-bbaa-67ca37f23b89	transition metals	skos:exactMatch	https://w3id.org/tamar/taxonomies/oecd/31048556	Transition metals	semapv:LexicalMatching	0.990	0.7298	cosine	tamar-pairwise	Same chemical element group
http://data.europa.eu/8mn/euroscivoc/a5f238d6-be16-4968-8a0b-61384f7b6e1a	ergonomics	skos:narrowMatch	https://w3id.org/tamar/taxonomies/oecd/31050131	Ergonomic Displays and Presentations.	semapv:SemanticSimilarityThresholdMatching	0.880	0.6691	cosine	tamar-pairwise	Target is subfield of ergonomics
http://data.europa.eu/8mn/euroscivoc/a6b564d0-8e0b-4b99-ac20-f26ddc218aa2	heterocyclic compounds	skos:broadMatch	https://w3id.org/tamar/taxonomies/oecd/31048541	Heterocyclic chemistry	semapv:SemanticSimilarityThresholdMatching	0.780	0.8483	cosine	tamar-pairwise	Target includes study
http://data.europa.eu/8mn/euroscivoc/a74ddb9f-5ad3-4cf4-942d-9dd83fcc041b	synthetic biology	skos:broadMatch	https://w3id.org/tamar/taxonomies/oecd/31049426	Synthetic biology, chemical biology and new bio-engineering concepts	semapv:SemanticSimilarityThresholdMatching	0.940	0.7019	cosine	tamar-pairwise	Target covers more fields
http://data.europa.eu/8mn/euroscivoc/a773aaf3-3c90-4cc4-bfa3-7cb6d80fc77b	palynology	skos:exactMatch	https://w3id.org/tamar/taxonomies/oecd/31048904	Palynology	semapv:LexicalMatching	0.990	0.8365	cosine	tamar-pairwise	Identical scientific discipline
http://data.europa.eu/8mn/euroscivoc/a77a1e7c-3056-4bdc-9678-3f02c4512f9c	solar energy	skos:narrowMatch	https://w3id.org/tamar/taxonomies/oecd/31049295	Photovoltaics	semapv:SemanticSimilarityThresholdMatching	0.940	0.6599	cosine	tamar-pairwise	Photovoltaics subset of solar
http://data.europa.eu/8mn/euroscivoc/a77e9ec8-7f65-4307-9030-80be41333538	gas giants	skos:closeMatch	https://w3id.org/tamar/taxonomies/oecd/31048492	Gaseous planets	semapv:SemanticSimilarityThresholdMatching	0.920	0.7053	cosine	tamar-pairwise	Equivalent planetary category
http://data.europa.eu/8mn/euroscivoc/a7845a83-9aa1-44f7-b6a1-4c7912daed0f	entrepreneurship	skos:exactMatch	https://w3id.org/tamar/taxonomies/oecd/31050968	Entrepreneurship	semapv:LexicalMatching	0.990	0.8809	cosine	tamar-pairwise	Identical concept and hierarchy
http://data.europa.eu/8mn/euroscivoc/a7b788e7-77f8-466a-863a-03e8ab625184	health economics	skos:narrowMatch	https://w3id.org/tamar/taxonomies/oecd/31050524	Cost efficiency	semapv:SemanticSimilarityThresholdMatching	0.740	0.6703	cosine	tamar-pairwise	Target narrower than source
http://data.europa.eu/8mn/euroscivoc/a851ea76-73e9-4c50-bb22-82e9c9de3db0	data mining	skos:exactMatch	https://w3id.org/tamar/taxonomies/oecd/31053954	Data mining	semapv:LexicalMatching	0.970	0.7354	cosine	tamar-pairwise	Same data mining concept
http://data.europa.eu/8mn/euroscivoc/a8ab2866-23cd-4a94-ba12-696773f3db7a	globalization	skos:narrowMatch	https://w3id.org/tamar/taxonomies/oecd/31050956	International trade	semapv:SemanticSimilarityThresholdMatching	0.780	0.6549	cosine	tamar-pairwise	Trade subset of globalization
http://data.europa.eu/8mn/euroscivoc/a8af30a7-a072-4fc2-9f86-785847580a8f	hepatitis C	skos:broadMatch	https://w3id.org/tamar/taxonomies/oecd/31050647	Hepatitis	semapv:SemanticSimilarityThresholdMatching	0.940	0.7231	cosine	tamar-pairwise	Target includes source
http://data.europa.eu/8mn/euroscivoc/a8ec011b-2e01-4088-8f7c-28fa848ade2d	ecosystem-based management	skos:exactMatch	https://w3id.org/tamar/taxonomies/oecd/31049002	Ecosystem management	semapv:LexicalMatching	0.980	0.7465	cosine	tamar-pairwise	Equivalent ecosystem management concept
http://data.europa.eu/8mn/euroscivoc/a90b6f46-eb48-46d0-81c2-37cf667fd4a5	hydrology	skos:exactMatch	https://w3id.org/tamar/taxonomies/oecd/31048689	Hydrology	semapv:LexicalMatching	0.990	0.8077	cosine	tamar-pairwise	Same concept and hierarchy
http://data.europa.eu/8mn/euroscivoc/aa030197-1dda-4fdc-9e79-520fb5ea6624	petrology	skos:exactMatch	https://w3id.org/tamar/taxonomies/oecd/31048650	Petrology	semapv:LexicalMatching	0.980	0.8164	cosine	tamar-pairwise	Exact disciplinary concept
http://data.europa.eu/8mn/euroscivoc/aa115772-abcd-4903-8750-31e7739e733e	fiber-optic network	skos:broadMatch	https://w3id.org/tamar/taxonomies/oecd/31053838	Fiber optics and optical communications	semapv:SemanticSimilarityThresholdMatching	0.920	0.6876	cosine	tamar-pairwise	Target covers broader field
http://data.europa.eu/8mn/euroscivoc/aa18770d-daaf-4ef7-8229-d371b933adab	vehicle engineering	skos:exactMatch	https://w3id.org/tamar/taxonomies/oecd/31049167	Vehicle engineering	semapv:LexicalMatching	0.990			tamar-pairwise	Identical concept and hierarchy
http://data.europa.eu/8mn/euroscivoc/aafff649-e02a-496e-b436-284ce76044c4	software	skos:narrowMatch	https://w3id.org/tamar/taxonomies/oecd/31053773	Software Design & Development	semapv:SemanticSimilarityThresholdMatching	0.900	0.7603	cosine	tamar-pairwise	Design & development subset
http://data.europa.eu/8mn/euroscivoc/abd12e91-2d1b-4b99-9b4d-6ed39420bb10	gender studies	skos:closeMatch	https://w3id.org/tamar/taxonomies/oecd/31051019	Women and gender studies	semapv:SemanticSimilarityThresholdMatching	0.880	0.7237	cosine	tamar-pairwise	Equivalent overlapping study field
http://data.europa.eu/8mn/euroscivoc/ac35f057-d98c-4af1-a3b6-202365b685f5	agroecology	skos:exactMatch	https://w3id.org/tamar/taxonomies/oecd/31050791	Agroecology	semapv:LexicalMatching	0.990	0.8584	cosine	tamar-pairwise	Identical agricultural concept
http://data.europa.eu/8mn/euroscivoc/ace9a277-0a73-4d3c-8728-3b0279a4b069	human rights violations	skos:broadMatch	https://w3id.org/tamar/taxonomies/oecd/31051037	Violence, conflict and conflict resolution	semapv:SemanticSimilarityThresholdMatching	0.780	0.6599	cosine	tamar-pairwise	Target covers broader conflict
http://data.europa.eu/8mn/euroscivoc/acfa84a9-7d59-42ba-8028-92bdad6272d1	remote sensing	skos:exactMatch	https://w3id.org/tamar/taxonomies/oecd/31049399	Remote sensing	semapv:LexicalMatching	0.990	0.7711	cosine	tamar-pairwise	Same concept and hierarchy
http://data.europa.eu/8mn/euroscivoc/ae3cfca8-a6b6-453b-baad-1a470c4ff238	dairy	skos:narrowMatch	https://w3id.org/tamar/taxonomies/oecd/31049445	Dairy science	semapv:LexicalMatching	0.920			tamar-pairwise	Dairy science inside dairy
http://data.europa.eu/8mn/euroscivoc/af65e2bf-afc5-45e8-a0fc-364dfb48f0a4	allergology	skos:exactMatch	https://w3id.org/tamar/taxonomies/oecd/31050444	Allergy	semapv:LexicalMatching	0.960	0.7325	cosine	tamar-pairwise	Same field and hierarchy
http://data.europa.eu/8mn/euroscivoc/afe0f21c-5863-4628-a909-829d12618497	architectural design	skos:exactMatch	https://w3id.org/tamar/taxonomies/oecd/31051200	Architectural design	semapv:LexicalMatching	0.990	0.8290	cosine	tamar-pairwise	Identical concept and hierarchy
http://data.europa.eu/8mn/euroscivoc/b03c2195-7e74-4bd6-b82c-24e83ee95e99	bioinorganic chemistry	skos:broadMatch	https://w3id.org/tamar/taxonomies/oecd/31048559	Coordination chemistry	semapv:SemanticSimilarityThresholdMatching	0.850	0.6728	cosine	tamar-pairwise	Target covers bioinorganic
http://data.europa.eu/8mn/euroscivoc/b05801b2-037a-454e-b0d7-3f3cb7a63cfb	knowledge engineering	skos:narrowMatch	https://w3id.org/tamar/taxonomies/oecd/31053884	Modelling and knowledge engineering	semapv:SemanticSimilarityThresholdMatching	0.850	0.7190	cosine	tamar-pairwise	Source broader than target
http://data.europa.eu/8mn/euroscivoc/b078d965-cd9f-438b-888e-a86a2137ca10	data science	skos:narrowMatch	https://w3id.org/tamar/taxonomies/oecd/31073709	Big data	semapv:SemanticSimilarityThresholdMatching	0.850	0.6935	cosine	tamar-pairwise	Big data subset of data…
http://data.europa.eu/8mn/euroscivoc/b0a5e340-eff7-4c23-8db2-e82fb8b8e930	horticulture	skos:closeMatch	https://w3id.org/tamar/taxonomies/oecd/31050779	Horticulture, viticulture	semapv:SemanticSimilarityThresholdMatching	0.900	0.7343	cosine	tamar-pairwise	Equivalent horticulture category
http://data.europa.eu/8mn/euroscivoc/b0b76f16-4d88-4484-81e8-61ba83b239c4	superconductivity	skos:exactMatch	https://w3id.org/tamar/taxonomies/oecd/31048451	Superconductivity	semapv:LexicalMatching	0.990	0.6878	cosine	tamar-pairwise	Identical scientific concept
http://data.europa.eu/8mn/euroscivoc/b0edf9eb-127a-41bc-b0cf-eb3ed9039f0c	oceanography	skos:exactMatch	https://w3id.org/tamar/taxonomies/oecd/31048680	Oceanography	semapv:LexicalMatching	0.990	0.7631	cosine	tamar-pairwise	Same concept and hierarchy
http://data.europa.eu/8mn/euroscivoc/b160ef85-1d08-4f45-9d3a-dbc21cd196d0	internet of things	skos:exactMatch	https://w3id.org/tamar/taxonomies/oecd/31053824	Internet of Things	semapv:LexicalMatching	0.990	0.6850	cosine	tamar-pairwise	Identical concept and label
http://data.europa.eu/8mn/euroscivoc/b235ad52-5fbd-4bad-b83f-60b1b43757f3	metallurgy	skos:exactMatch	https://w3id.org/tamar/taxonomies/oecd/31049164	Metallurgy	semapv:LexicalMatching	0.980	0.7762	cosine	tamar-pairwise	Same discipline concept
http://data.europa.eu/8mn/euroscivoc/b25243d7-b179-49b6-a033-d1199f677a90	functional analysis 	skos:broadMatch	https://w3id.org/tamar/taxonomies/oecd/31048376	Operator algebras and functional analysis	semapv:SemanticSimilarityThresholdMatching	0.940	0.8005	cosine	tamar-pairwise	Target covers functional analysis
http://data.europa.eu/8mn/euroscivoc/b33c5338-c5bb-4026-8b86-7e2ff7cd2e3c	animal and dairy science	skos:exactMatch	https://w3id.org/tamar/taxonomies/oecd/31050825	Animal and Dairy science	semapv:LexicalMatching	0.990	0.8787	cosine	tamar-pairwise	Matching concept and broader hierarchy
http://data.europa.eu/8mn/euroscivoc/b3a90d84-518a-4adb-b613-0e63f7582cba	genomes	skos:relatedMatch	https://w3id.org/tamar/taxonomies/oecd/31048871	Genomics	semapv:SemanticSimilarityThresholdMatching	0.800	0.6707	cosine	tamar-pairwise	Objects versus discipline
http://data.europa.eu/8mn/euroscivoc/b3bb49a1-354e-4f51-ab3d-09dfa0e3cc0c	bacteriology	skos:exactMatch	https://w3id.org/tamar/taxonomies/oecd/31048790	Bacteriology	semapv:LexicalMatching	0.980	0.6650	cosine	tamar-pairwise	Same discipline concept
http://data.europa.eu/8mn/euroscivoc/b3f4a4bc-41a0-4bd8-abff-f182893550c6	catalysis	skos:exactMatch	https://w3id.org/tamar/taxonomies/oecd/31048636	Catalysis	semapv:LexicalMatching	0.970	0.7627	cosine	tamar-pairwise	Same catalysis concept
http://data.europa.eu/8mn/euroscivoc/b400cbdb-9e22-43cf-8933-0e034a0a5871	aerospace engineering	skos:exactMatch	https://w3id.org/tamar/taxonomies/oecd/31049175	Aerospace engineering	semapv:LexicalMatching	0.990			tamar-pairwise	Identical engineering discipline
http://data.europa.eu/8mn/euroscivoc/b469121d-9e7d-478a-890c-56c73607a917	radiology	skos:narrowMatch	https://w3id.org/tamar/taxonomies/oecd/31050433	Tomography	semapv:SemanticSimilarityThresholdMatching	0.900	0.8068	cosine	tamar-pairwise	Tomography inside radiology
http://data.europa.eu/8mn/euroscivoc/b486d48d-b7d5-46d8-9c7a-3e921eebe3d5	soil sciences	skos:exactMatch	https://w3id.org/tamar/taxonomies/oecd/31048656	Soil science	semapv:LexicalMatching	0.990			tamar-pairwise	Equivalent disciplinary field
http://data.europa.eu/8mn/euroscivoc/b509b0f6-6fa5-4190-8d33-9e70deb84eaf	cardiac arrhythmia	skos:closeMatch	https://w3id.org/tamar/taxonomies/oecd/31050390	Arrhythmias	semapv:SemanticSimilarityThresholdMatching	0.960	0.6911	cosine	tamar-pairwise	Same cardiac rhythm disorder
http://data.europa.eu/8mn/euroscivoc/b533acc2-aff1-4c65-80ca-5d5bee865ba9	public health	skos:exactMatch	https://w3id.org/tamar/taxonomies/oecd/31050492	Public health	semapv:LexicalMatching	0.980			tamar-pairwise	Exact preferred label
http://data.europa.eu/8mn/euroscivoc/b533acc2-aff1-4c65-80ca-5d5bee865ba9	public health	skos:relatedMatch	https://w3id.org/tamar/taxonomies/oecd/31050493	Public health and epidemiology	semapv:SemanticSimilarityThresholdMatching	0.700	0.7483	cosine	tamar-pairwise	Public health and epidemiology
http://data.europa.eu/8mn/euroscivoc/b5b27faf-a0af-4911-9268-f1e6738f0fb4	fruit growing	skos:closeMatch	https://w3id.org/tamar/taxonomies/oecd/31050780	Fruit trees/crops	semapv:SemanticSimilarityThresholdMatching	0.930	0.7816	cosine	tamar-pairwise	Fruit cultivation and crops
http://data.europa.eu/8mn/euroscivoc/b5b82682-09a9-4cfd-a768-0d1b08e455ce	sustainable transport	skos:exactMatch	https://w3id.org/tamar/taxonomies/oecd/31049275	Sustainable transport	semapv:LexicalMatching	0.990			tamar-pairwise	Identical concept and label
http://data.europa.eu/8mn/euroscivoc/b61af0db-fa53-40bf-99ca-14af26f6b08a	special education	skos:closeMatch	https://w3id.org/tamar/taxonomies/oecd/31050999	Education, special (to gifted persons, those with learning disabilities)	semapv:SemanticSimilarityThresholdMatching	0.980	0.7925	cosine	tamar-pairwise	Same special education concept
http://data.europa.eu/8mn/euroscivoc/b7749be3-3af5-4003-bc5a-30741b5c3527	spacecraft	skos:narrowMatch	https://w3id.org/tamar/taxonomies/oecd/31049815	Launch vehicles	semapv:SemanticSimilarityThresholdMatching	0.850	0.7305	cosine	tamar-pairwise	Launch vehicles subset
http://data.europa.eu/8mn/euroscivoc/b815a806-57fc-4646-8e3f-38bb81b5d33b	optoelectronics	skos:exactMatch	https://w3id.org/tamar/taxonomies/oecd/31049727	Optoelectronics	semapv:LexicalMatching	0.990			tamar-pairwise	Exact concept and matching hierarchy
http://data.europa.eu/8mn/euroscivoc/b82f7514-33ec-4fea-a73b-25c689268165	ecological restoration	skos:narrowMatch	https://w3id.org/tamar/taxonomies/oecd/31049003	Habitat and species restoration and rehabilitation	semapv:SemanticSimilarityThresholdMatching	0.880	0.7130	cosine	tamar-pairwise	Source covers more than target
http://data.europa.eu/8mn/euroscivoc/ba7388fc-bbe6-4020-b086-8dd2a520541c	crisis management	skos:exactMatch	https://w3id.org/tamar/taxonomies/oecd/31050216	Crisis management	semapv:LexicalMatching	0.940			tamar-pairwise	Same concept label
http://data.europa.eu/8mn/euroscivoc/ba914e3a-d949-4377-9dec-172842c43011	gender inequality	skos:broadMatch	https://w3id.org/tamar/taxonomies/oecd/31051018	Social topics (Women's and gender studies)	semapv:SemanticSimilarityThresholdMatching	0.780	0.6636	cosine	tamar-pairwise	Target covers gender inequality
http://data.europa.eu/8mn/euroscivoc/bb471542-b763-46c5-babd-c5669b5bca86	urban studies	skos:closeMatch	https://w3id.org/tamar/taxonomies/oecd/31051087	Urban studies, regional studies	semapv:SemanticSimilarityThresholdMatching	0.910	0.8268	cosine	tamar-pairwise	Urban studies with regional studies
http://data.europa.eu/8mn/euroscivoc/bb5cfed3-cce1-4fe2-a4be-f2faa7337660	social developments	skos:closeMatch	https://w3id.org/tamar/taxonomies/oecd/31051007	Sociology of development	semapv:SemanticSimilarityThresholdMatching	0.780	0.6946	cosine	tamar-pairwise	Social aspects of development
http://data.europa.eu/8mn/euroscivoc/bc2485e6-15a1-48bb-ac0b-17aa35fd1555	vascular diseases	skos:narrowMatch	https://w3id.org/tamar/taxonomies/oecd/31050409	Peripheral vascular disease	semapv:SemanticSimilarityThresholdMatching	0.850	0.6687	cosine	tamar-pairwise	Target subset of source
http://data.europa.eu/8mn/euroscivoc/bc439c68-e0c9-4af7-ac71-891e3b60761d	governance	skos:narrowMatch	https://w3id.org/tamar/taxonomies/oecd/31051034	Global and transnational governance, international law, human rights	semapv:SemanticSimilarityThresholdMatching	0.850	0.6725	cosine	tamar-pairwise	Target focuses on global governance
http://data.europa.eu/8mn/euroscivoc/bc599515-b5e0-4b5b-9c0a-1f794d197ed3	nuclear physics	skos:exactMatch	https://w3id.org/tamar/taxonomies/oecd/31048472	Nuclear physics	semapv:LexicalMatching	0.990	0.7720	cosine	tamar-pairwise	Identical concept and hierarchy
http://data.europa.eu/8mn/euroscivoc/bce55415-258e-403c-b797-1e0ba2e3f5c4	mycology	skos:exactMatch	https://w3id.org/tamar/taxonomies/oecd/31048848	Mycology	semapv:LexicalMatching	0.980	0.7412	cosine	tamar-pairwise	Equivalent mycology discipline
http://data.europa.eu/8mn/euroscivoc/bce870dd-43f3-4656-8866-d76b0d71f5b8	chemical sciences	skos:exactMatch	https://w3id.org/tamar/taxonomies/oecd/31048534	Chemical sciences	semapv:LexicalMatching	0.990	0.7723	cosine	tamar-pairwise	Same chemical sciences concept
http://data.europa.eu/8mn/euroscivoc/bcf62221-aa96-4628-bf0e-3274da49032a	social work	skos:broadMatch	https://w3id.org/tamar/taxonomies/oecd/31051021	Social issues	semapv:SemanticSimilarityThresholdMatching	0.720	0.7065	cosine	tamar-pairwise	Target heading covers both
http://data.europa.eu/8mn/euroscivoc/bd0efc6b-d9bf-4519-b8e5-7f319401526e	other biological topics	skos:exactMatch	https://w3id.org/tamar/taxonomies/oecd/31049021	Other biological topics	semapv:LexicalMatching	1.000			tamar-pairwise	Identical concept and hierarchy
http://data.europa.eu/8mn/euroscivoc/bd465a67-08a6-4341-b833-aee6c5545f95	internet access	skos:broadMatch	https://w3id.org/tamar/taxonomies/oecd/31073724	Network infrastructures	semapv:SemanticSimilarityThresholdMatching	0.730	0.6816	cosine	tamar-pairwise	Target covers more than access
http://data.europa.eu/8mn/euroscivoc/bda93eee-eaf5-4657-ba47-e8d1560f878d	stem cells	skos:narrowMatch	https://w3id.org/tamar/taxonomies/oecd/31048793	Stem cell biology	semapv:SemanticSimilarityThresholdMatching	0.850	0.6626	cosine	tamar-pairwise	Target narrower than source
http://data.europa.eu/8mn/euroscivoc/be2e326e-0fdd-46e2-a12b-626fab8cf103	bioreactors	skos:broadMatch	https://w3id.org/tamar/taxonomies/oecd/31049425	Biotechnology (non-medical), bioreactors, applied microbiology	semapv:SemanticSimilarityThresholdMatching	0.900	0.6542	cosine	tamar-pairwise	Target heading covers both
http://data.europa.eu/8mn/euroscivoc/be79546c-fbf0-4d5a-9f58-c1a4940220f4	zoonosis	skos:exactMatch	https://w3id.org/tamar/taxonomies/oecd/31050869	Zoonosis	semapv:LexicalMatching	0.980	0.7470	cosine	tamar-pairwise	Exact zoonosis concept
http://data.europa.eu/8mn/euroscivoc/be9c7e2f-d88d-4e49-9116-ef752aeca290	genetic engineering	skos:exactMatch	https://w3id.org/tamar/taxonomies/oecd/31049029	Genetic engineering	semapv:LexicalMatching	0.990	0.7765	cosine	tamar-pairwise	Same concept, differing hierarchy
http://data.europa.eu/8mn/euroscivoc/bf1ab80a-e421-453b-8a26-efffe882b004	smart cities	skos:broadMatch	https://w3id.org/tamar/taxonomies/oecd/31049058	Architecture, smart buildings, smart cities, urban engineering	semapv:SemanticSimilarityThresholdMatching	0.910	0.8222	cosine	tamar-pairwise	Target includes smart buildings
http://data.europa.eu/8mn/euroscivoc/bf8aaaac-ddee-41cd-bb8a-c5a63de3fcbd	paediatrics	skos:exactMatch	https://w3id.org/tamar/taxonomies/oecd/31050385	Paediatrics	semapv:LexicalMatching	0.990	0.9235	cosine	tamar-pairwise	Identical paediatrics concept
http://data.europa.eu/8mn/euroscivoc/bf927f14-c975-45e6-bedd-a383152aa7d3	genetics	skos:closeMatch	https://w3id.org/tamar/taxonomies/oecd/31048863	Genetics and heredity	semapv:SemanticSimilarityThresholdMatching	0.960	0.7203	cosine	tamar-pairwise	Equivalent genetics domain
http://data.europa.eu/8mn/euroscivoc/bfb0bafd-7894-45ba-84fc-ddab5fd6c537	rheumatology	skos:exactMatch	https://w3id.org/tamar/taxonomies/oecd/31050446	Rheumatology	semapv:LexicalMatching	0.990	0.8222	cosine	tamar-pairwise	Identical clinical specialty
http://data.europa.eu/8mn/euroscivoc/bfd5c444-49dd-4da9-9ad8-d242f724f036	quantum physics	skos:narrowMatch	https://w3id.org/tamar/taxonomies/oecd/31048437	Quantum optics and quantum information	semapv:SemanticSimilarityThresholdMatching	0.930	0.6858	cosine	tamar-pairwise	Target sits inside source
http://data.europa.eu/8mn/euroscivoc/c103d494-74ee-4654-ad31-ab2ff29f6ffc	atmospheric turbulence	skos:broadMatch	https://w3id.org/tamar/taxonomies/oecd/31048675	Meteorology, atmospheric physics and dynamics	semapv:SemanticSimilarityThresholdMatching	0.850	0.6586	cosine	tamar-pairwise	Target heading covers turbulence
http://data.europa.eu/8mn/euroscivoc/c11b78af-7d13-49d2-82d1-eefcd44f2ee4	nuclear medicine	skos:narrowMatch	https://w3id.org/tamar/taxonomies/oecd/31050433	Tomography	semapv:SemanticSimilarityThresholdMatching	0.800	0.7358	cosine	tamar-pairwise	Tomography subset of nuclear medicine
http://data.europa.eu/8mn/euroscivoc/c18ce2ec-e8f5-4574-9fb7-5399b425410c	signal processing	skos:exactMatch	https://w3id.org/tamar/taxonomies/oecd/31048388	Signal processing	semapv:LexicalMatching	0.930			tamar-pairwise	Identical signal-processing field
http://data.europa.eu/8mn/euroscivoc/c1a06cd6-be85-4b13-ac12-83c09230db88	fuel cells	skos:broadMatch	https://w3id.org/tamar/taxonomies/oecd/31048623	Electrochemistry, batteries and fuel cells	semapv:SemanticSimilarityThresholdMatching	0.880	0.6517	cosine	tamar-pairwise	Target covers more topics
http://data.europa.eu/8mn/euroscivoc/c1ac52eb-5dd5-442f-902c-c608d99c9314	paediatric cardiology	skos:closeMatch	https://w3id.org/tamar/taxonomies/oecd/31050405	Pediatric cardiology	semapv:SemanticSimilarityThresholdMatching	0.980	0.7966	cosine	tamar-pairwise	Same pediatric cardiology specialty
http://data.europa.eu/8mn/euroscivoc/c1ffa3c7-54c0-49e7-a617-718a62e6261c	ethology	skos:closeMatch	https://w3id.org/tamar/taxonomies/oecd/31048937	Animal ethology	semapv:SemanticSimilarityThresholdMatching	0.960	0.7911	cosine	tamar-pairwise	Direct synonym for ethology
http://data.europa.eu/8mn/euroscivoc/c23291c8-1ff7-4311-9a03-c04e0047d1f4	bluetooth	skos:broadMatch	https://w3id.org/tamar/taxonomies/oecd/31049973	Communication technologies	semapv:SemanticSimilarityThresholdMatching	0.900	0.6955	cosine	tamar-pairwise	Target covers many technologies
http://data.europa.eu/8mn/euroscivoc/c2a8caf5-4ee8-43ff-a3cd-bae7430e4e18	supercomputers	skos:exactMatch	https://w3id.org/tamar/taxonomies/oecd/31053757	High performance computing	semapv:LexicalMatching	0.970	0.6583	cosine	tamar-pairwise	Exact alt-label equivalence
http://data.europa.eu/8mn/euroscivoc/c35a5815-ee59-4223-88d0-1973837a6b58	development studies	skos:narrowMatch	https://w3id.org/tamar/taxonomies/oecd/31051083	Rural development studies	semapv:SemanticSimilarityThresholdMatching	0.900	0.6576	cosine	tamar-pairwise	Target focuses on rural
http://data.europa.eu/8mn/euroscivoc/c3a86a9d-749f-4873-8060-1d3957c02bf8	nanophotonics	skos:exactMatch	https://w3id.org/tamar/taxonomies/oecd/31053848	Nanophotonics	semapv:LexicalMatching	0.990	0.8043	cosine	tamar-pairwise	Identical nanophotonics concept
http://data.europa.eu/8mn/euroscivoc/c3c03909-fc4b-4082-9de2-3a105efcb1aa	integrative and complementary medicine	skos:closeMatch	https://w3id.org/tamar/taxonomies/oecd/31050501	Integrative and complementary medicine (alternative practice systems)	semapv:SemanticSimilarityThresholdMatching	0.990	0.7404	cosine	tamar-pairwise	Exact concept and hierarchy
http://data.europa.eu/8mn/euroscivoc/c3f2d6d8-316f-4fe7-b8b2-fd6eec8d3fdd	habitat conservation	skos:broadMatch	https://w3id.org/tamar/taxonomies/oecd/31049004	Nature conservation	semapv:SemanticSimilarityThresholdMatching	0.880	0.6560	cosine	tamar-pairwise	Nature conservation subsumes habitat
http://data.europa.eu/8mn/euroscivoc/c3f7741c-652b-44cc-9062-491fc41aed2f	computer vision	skos:exactMatch	https://w3id.org/tamar/taxonomies/oecd/31053805	Computer vision	semapv:LexicalMatching	0.990	0.7198	cosine	tamar-pairwise	Equivalent computer vision concepts
http://data.europa.eu/8mn/euroscivoc/c4128628-2048-41ab-b3a8-e0c45a3be10d	political policies	skos:narrowMatch	https://w3id.org/tamar/taxonomies/oecd/31051051	Public engagement	semapv:SemanticSimilarityThresholdMatching	0.680	0.6865	cosine	tamar-pairwise	Public engagement sits inside policies
http://data.europa.eu/8mn/euroscivoc/c42fc6ec-b216-4a24-9e9d-f5e781c175a0	peripheral vascular disease	skos:exactMatch	https://w3id.org/tamar/taxonomies/oecd/31050409	Peripheral vascular disease	semapv:LexicalMatching	0.990	0.9234	cosine	tamar-pairwise	Identical disease concept
http://data.europa.eu/8mn/euroscivoc/c4538836-ae58-4941-b544-50f53e979e20	orthopaedics	skos:exactMatch	https://w3id.org/tamar/taxonomies/oecd/31050416	Orthopaedics	semapv:LexicalMatching	0.990	0.7921	cosine	tamar-pairwise	Identical concept and hierarchy
http://data.europa.eu/8mn/euroscivoc/c4793dfe-e80e-49dd-9fcc-a1a742de1b25	neurology	skos:exactMatch	https://w3id.org/tamar/taxonomies/oecd/31050322	Neurology	semapv:LexicalMatching	0.990			tamar-pairwise	Identical field concept
http://data.europa.eu/8mn/euroscivoc/c48deefc-fed3-4f33-b820-0fcbcc1caa69	meteors	skos:relatedMatch	https://w3id.org/tamar/taxonomies/oecd/31048495	Meteorites and interplanetary dust	semapv:SemanticSimilarityThresholdMatching	0.800	0.7347	cosine	tamar-pairwise	Partial conceptual overlap
http://data.europa.eu/8mn/euroscivoc/c4a6d777-1ac8-4d94-b30c-b1a8dbfd95e0	civil society	skos:narrowMatch	https://w3id.org/tamar/taxonomies/oecd/31049352	Sustainable energy communities	semapv:SemanticSimilarityThresholdMatching	0.800	0.6630	cosine	tamar-pairwise	Target focuses on energy
http://data.europa.eu/8mn/euroscivoc/c513670f-f553-4a89-8bfd-d021f267d078	personalized medicine	skos:exactMatch	https://w3id.org/tamar/taxonomies/oecd/31050525	Personalised medicine	semapv:LexicalMatching	0.990			tamar-pairwise	Same medical concept
http://data.europa.eu/8mn/euroscivoc/c570a89b-766b-4a16-9443-533d33d9b0ea	liquid crystals	skos:broadMatch	https://w3id.org/tamar/taxonomies/oecd/31049187	Intelligent materials, self-assembled materials	semapv:SemanticSimilarityThresholdMatching	0.700	0.6567	cosine	tamar-pairwise	Target includes broader material class
http://data.europa.eu/8mn/euroscivoc/c5a94d22-6942-4b5d-a935-c2affe0b13c3	sexual health	skos:exactMatch	https://w3id.org/tamar/taxonomies/oecd/31050688	Sexual health	semapv:LexicalMatching	0.990	0.8293	cosine	tamar-pairwise	Identical sexual health concept
http://data.europa.eu/8mn/euroscivoc/c61cf6c6-8b52-4fbb-9b30-b09659e476cf	condensed matter physics	skos:closeMatch	https://w3id.org/tamar/taxonomies/oecd/31048442	Condensed matter physics (including formerly solid state physics, superconductivity)	semapv:SemanticSimilarityThresholdMatching	0.990	0.7374	cosine	tamar-pairwise	Equivalent condensed matter discipline
http://data.europa.eu/8mn/euroscivoc/c65e2864-db03-462c-a181-cf1e18b2b6b5	glaciology	skos:broadMatch	https://w3id.org/tamar/taxonomies/oecd/31048667	Cryosphere, dynamics of snow and ice cover, sea ice, permafrosts and ice sheets	semapv:SemanticSimilarityThresholdMatching	0.880	0.7254	cosine	tamar-pairwise	Target includes sea ice
http://data.europa.eu/8mn/euroscivoc/c68c731d-91e2-4421-9ac9-87decef3c6ae	water management	skos:exactMatch	https://w3id.org/tamar/taxonomies/oecd/31048785	Water management	semapv:LexicalMatching	0.980	0.8412	cosine	tamar-pairwise	Same concept
http://data.europa.eu/8mn/euroscivoc/c790f6e2-c1e0-44c1-a413-7f60e950f09d	fibers	skos:broadMatch	https://w3id.org/tamar/taxonomies/oecd/31049190	Materials engineering (biomaterials, metals, ceramics, polymers, composites, etc.)	semapv:SemanticSimilarityThresholdMatching	0.880	0.6590	cosine	tamar-pairwise	Target broader than source
http://data.europa.eu/8mn/euroscivoc/c835a32d-04c8-493b-9644-203414287c92	composites	skos:closeMatch	https://w3id.org/tamar/taxonomies/oecd/31049198	Composites (including laminates, reinforced plastics, cermets, combined natural and synthetic fibre fabrics filled composites)	semapv:SemanticSimilarityThresholdMatching	0.980	0.7641	cosine	tamar-pairwise	Explicit composites category
http://data.europa.eu/8mn/euroscivoc/c846c02a-d89d-4919-9ce3-694915dd589b	big data	skos:exactMatch	https://w3id.org/tamar/taxonomies/oecd/31073709	Big data	semapv:LexicalMatching	0.980	0.8218	cosine	tamar-pairwise	Identical concept labels
http://data.europa.eu/8mn/euroscivoc/c86017cb-7116-4ef6-8961-2ca63e96a048	science and technology studies	skos:closeMatch	https://w3id.org/tamar/taxonomies/oecd/31051109	Social studies of science and technology	semapv:SemanticSimilarityThresholdMatching	0.980	0.6553	cosine	tamar-pairwise	Equivalent science-technology studies
http://data.europa.eu/8mn/euroscivoc/c934fb19-5ecf-434f-bb0b-9d2afb0c9bca	retinopathy	skos:exactMatch	https://w3id.org/tamar/taxonomies/oecd/31050461	Retinopathy	semapv:LexicalMatching	0.970	0.8595	cosine	tamar-pairwise	Same diabetic eye condition
http://data.europa.eu/8mn/euroscivoc/ca0b52b4-4d64-4b75-a231-06ea45752be6	human rights	skos:exactMatch	https://w3id.org/tamar/taxonomies/oecd/31051030	Human rights	semapv:LexicalMatching	0.990			tamar-pairwise	Same human rights concept
http://data.europa.eu/8mn/euroscivoc/ca1e1ea1-e379-4260-9eba-deb9094ca8ce	wearable medical technology 	skos:broadMatch	https://w3id.org/tamar/taxonomies/oecd/31049205	Medical engineering and technology	semapv:SemanticSimilarityThresholdMatching	0.840	0.6779	cosine	tamar-pairwise	Target broader than wearable tech
http://data.europa.eu/8mn/euroscivoc/ca74d281-1a02-4330-bb9d-c37be452d597	transportation engineering	skos:exactMatch	https://w3id.org/tamar/taxonomies/oecd/31049066	Transport engineering	semapv:LexicalMatching	0.990			tamar-pairwise	Same transport engineering concept
http://data.europa.eu/8mn/euroscivoc/caef7888-78d0-473b-b3dc-97d8e9c65073	climatology	skos:closeMatch	https://w3id.org/tamar/taxonomies/oecd/31048678	Climatology and climate change	semapv:SemanticSimilarityThresholdMatching	0.890	0.7134	cosine	tamar-pairwise	Climatology with climate change
http://data.europa.eu/8mn/euroscivoc/cb061cc1-dd52-46a4-a8fe-065838d5b44a	venereal diseases	skos:broadMatch	https://w3id.org/tamar/taxonomies/oecd/31050617	Venereology	semapv:SemanticSimilarityThresholdMatching	0.940	0.7239	cosine	tamar-pairwise	Field covers disease set
http://data.europa.eu/8mn/euroscivoc/cbb6f86d-b5c6-4649-9b06-3712653ca459	medical ethics	skos:exactMatch	https://w3id.org/tamar/taxonomies/oecd/31050696	Medical ethics	semapv:LexicalMatching	0.990	0.9001	cosine	tamar-pairwise	Identical concept and hierarchy
http://data.europa.eu/8mn/euroscivoc/cbcdfb1b-ffce-4e89-ab76-6b55a7ab92ad	infrared astronomy	skos:closeMatch	https://w3id.org/tamar/taxonomies/oecd/31048525	Observational astronomy: infrared	semapv:SemanticSimilarityThresholdMatching	0.960	0.7209	cosine	tamar-pairwise	Same infrared astronomy concept
http://data.europa.eu/8mn/euroscivoc/cc14ea80-2d50-4e49-b4b1-b7cc6b5bfb75	invertebrate zoology	skos:broadMatch	https://w3id.org/tamar/taxonomies/oecd/31048930	Zoology, Ornithology, Entomology, Behavioural sciences biology	semapv:SemanticSimilarityThresholdMatching	0.900	0.6916	cosine	tamar-pairwise	Target covers many fields
http://data.europa.eu/8mn/euroscivoc/cc4a0820-3515-43e3-98c7-57b3a0e906e2	organic reactions	skos:narrowMatch	https://w3id.org/tamar/taxonomies/oecd/31048546	Organic reaction mechanism	semapv:SemanticSimilarityThresholdMatching	0.920	0.7329	cosine	tamar-pairwise	Target narrower than source
http://data.europa.eu/8mn/euroscivoc/cc4c298e-7c41-46b4-ac6c-6a2b71d476c5	data networks	skos:broadMatch	https://w3id.org/tamar/taxonomies/oecd/31073724	Network infrastructures	semapv:SemanticSimilarityThresholdMatching	0.750	0.6705	cosine	tamar-pairwise	Target broader than source
http://data.europa.eu/8mn/euroscivoc/cc6de2a1-430d-4320-8bd8-2e4e27487bd6	bioelectrochemistry	skos:relatedMatch	https://w3id.org/tamar/taxonomies/oecd/31049298	Bioelectricity	semapv:SemanticSimilarityThresholdMatching	0.680	0.6683	cosine	tamar-pairwise	Different focus partial overlap
http://data.europa.eu/8mn/euroscivoc/cd9d6c59-4bf8-45cc-8a9c-8e465d2e526d	optical astronomy	skos:narrowMatch	https://w3id.org/tamar/taxonomies/oecd/31048524	Observational astronomy: visible	semapv:SemanticSimilarityThresholdMatching	0.900	0.6555	cosine	tamar-pairwise	Target limited to observation
http://data.europa.eu/8mn/euroscivoc/cdb31644-8d2d-4ac7-a421-162f01281f8f	isotope geochemistry	skos:broadMatch	https://w3id.org/tamar/taxonomies/oecd/31048659	Geochemistry, crystal chemistry, isotope geochemistry, thermodynamics	semapv:SemanticSimilarityThresholdMatching	0.940	0.7849	cosine	tamar-pairwise	Target heading covers both
http://data.europa.eu/8mn/euroscivoc/cdeba421-3731-4be8-a49d-6616fb3a1c85	pattern recognition	skos:broadMatch	https://w3id.org/tamar/taxonomies/oecd/31049969	Artificial Intelligence & Decision support	semapv:SemanticSimilarityThresholdMatching	0.850	0.6713	cosine	tamar-pairwise	Target heading covers both
http://data.europa.eu/8mn/euroscivoc/ce3293cb-700b-4b49-a91b-56ddfc97181f	embryology	skos:narrowMatch	https://w3id.org/tamar/taxonomies/oecd/31048895	Human embryology	semapv:SemanticSimilarityThresholdMatching	0.850	0.6686	cosine	tamar-pairwise	Human only scope
http://data.europa.eu/8mn/euroscivoc/ce6666e1-e816-4f32-8094-2634e44630d3	woodworking	skos:broadMatch	https://w3id.org/tamar/taxonomies/oecd/31049788	Materials Processes	semapv:SemanticSimilarityThresholdMatching	0.780	0.6670	cosine	tamar-pairwise	Target covers all processes
http://data.europa.eu/8mn/euroscivoc/cf686916-c5f7-4244-adf9-3ff82e5310a3	electrolysis	skos:broadMatch	https://w3id.org/tamar/taxonomies/oecd/31048578	Electrochemistry, electrodialysis, microfluidics, sensors	semapv:SemanticSimilarityThresholdMatching	0.780	0.7061	cosine	tamar-pairwise	Target covers multiple topics
http://data.europa.eu/8mn/euroscivoc/cf763962-65d9-44ae-beb5-1bdcb7782839	innovation management	skos:broadMatch	https://w3id.org/tamar/taxonomies/oecd/31053970	Innovation	semapv:SemanticSimilarityThresholdMatching	0.900	0.7304	cosine	tamar-pairwise	Target covers more than management
http://data.europa.eu/8mn/euroscivoc/cf97c48c-d28c-4928-b6d0-d7cad57be273	demography	skos:exactMatch	https://w3id.org/tamar/taxonomies/oecd/31051009	Demography	semapv:LexicalMatching	0.980			tamar-pairwise	Same demographic field
http://data.europa.eu/8mn/euroscivoc/d0163112-fbeb-4703-ace0-d149776bb77f	photovoltaic	skos:closeMatch	https://w3id.org/tamar/taxonomies/oecd/31049295	Photovoltaics	semapv:SemanticSimilarityThresholdMatching	0.980	0.6678	cosine	tamar-pairwise	Equivalent photovoltaic technology
http://data.europa.eu/8mn/euroscivoc/d086d147-50e3-443d-b8a1-4a610f9fccdd	digital electronics	skos:broadMatch	https://w3id.org/tamar/taxonomies/oecd/31049120	Electronics, photonics	semapv:SemanticSimilarityThresholdMatching	0.880	0.7436	cosine	tamar-pairwise	Target covers electronics broadly
http://data.europa.eu/8mn/euroscivoc/d09f4eed-6861-497a-8c31-2451de4198cb	irrigation	skos:narrowMatch	https://w3id.org/tamar/taxonomies/oecd/31050803	Irrigation management	semapv:SemanticSimilarityThresholdMatching	0.880	0.7400	cosine	tamar-pairwise	Management subset of irrigation
http://data.europa.eu/8mn/euroscivoc/d0c600e4-4c54-45fb-a9c5-493a9467274b	monetary and finances	skos:narrowMatch	https://w3id.org/tamar/taxonomies/oecd/31050950	Financial markets, asset prices, international finance	semapv:SemanticSimilarityThresholdMatching	0.860	0.6707	cosine	tamar-pairwise	Target narrower finance focus
http://data.europa.eu/8mn/euroscivoc/d0ffb7f2-8938-41c5-b1a1-edc9bd17b591	hydrocarbons	skos:relatedMatch	https://w3id.org/tamar/taxonomies/oecd/31048621	Petrochemicals	semapv:SemanticSimilarityThresholdMatching	0.680	0.6536	cosine	tamar-pairwise	No side wider
http://data.europa.eu/8mn/euroscivoc/d171635a-b853-4c91-85bc-3b7cb9a21a78	optical sensors	skos:exactMatch	https://w3id.org/tamar/taxonomies/oecd/31053852	Optical sensors	semapv:LexicalMatching	0.980	0.7323	cosine	tamar-pairwise	Identical optical sensor concept
http://data.europa.eu/8mn/euroscivoc/d1dd1bac-5313-4ab3-837f-4acd3ec521a7	endocrinology	skos:exactMatch	https://w3id.org/tamar/taxonomies/oecd/31050448	Endocrinology	semapv:LexicalMatching	0.990	0.7446	cosine	tamar-pairwise	Identical disciplinary concept
http://data.europa.eu/8mn/euroscivoc/d2a63922-c4ee-42a3-bef3-77eb49ebfb03	urban engineering	skos:broadMatch	https://w3id.org/tamar/taxonomies/oecd/31049058	Architecture, smart buildings, smart cities, urban engineering	semapv:SemanticSimilarityThresholdMatching	0.850	0.8487	cosine	tamar-pairwise	Target heading covers urban engineering
http://data.europa.eu/8mn/euroscivoc/d36f5888-69ae-43f4-b91a-8e9a92645f2e	christianity	skos:broadMatch	https://w3id.org/tamar/taxonomies/oecd/31051189	History of religions	semapv:SemanticSimilarityThresholdMatching	0.600	0.6519	cosine	tamar-pairwise	Target heading covers Christianity
http://data.europa.eu/8mn/euroscivoc/d37e4d8c-a978-40c7-ba4f-eee841851073	gerontology	skos:closeMatch	https://w3id.org/tamar/taxonomies/oecd/31050487	Geriatrics and gerontology	semapv:SemanticSimilarityThresholdMatching	0.980	0.8491	cosine	tamar-pairwise	Combined geriatrics and gerontology
http://data.europa.eu/8mn/euroscivoc/d3b09b78-ac5c-4fc3-b58a-9573daf0e304	physical sciences	skos:exactMatch	https://w3id.org/tamar/taxonomies/oecd/31048432	Physical sciences	semapv:LexicalMatching	0.990	0.7701	cosine	tamar-pairwise	Equivalent physical sciences concept
http://data.europa.eu/8mn/euroscivoc/d3f0af2d-147b-46d1-a9fa-ba7e664a4b09	women’s studies	skos:closeMatch	https://w3id.org/tamar/taxonomies/oecd/31051019	Women and gender studies	semapv:SemanticSimilarityThresholdMatching	0.900	0.7412	cosine	tamar-pairwise	Combined women/gender field
http://data.europa.eu/8mn/euroscivoc/d3fbe1aa-2e8b-4049-9894-a9980be71600	transport layer	skos:broadMatch	https://w3id.org/tamar/taxonomies/oecd/31053823	Internet architectures	semapv:SemanticSimilarityThresholdMatching	0.870	0.6613	cosine	tamar-pairwise	Target covers whole architecture
http://data.europa.eu/8mn/euroscivoc/d47a4158-66d1-4045-9f1f-d2b31a16aff3	transcriptomes	skos:exactMatch	https://w3id.org/tamar/taxonomies/oecd/31048829	Transcriptomics	semapv:LexicalMatching	0.960	0.7308	cosine	tamar-pairwise	Equivalent transcriptomics concept
http://data.europa.eu/8mn/euroscivoc/d5486acf-7f05-4e9d-80ce-f035987b41bc	forestry	skos:exactMatch	https://w3id.org/tamar/taxonomies/oecd/31049346	Forestry	semapv:LexicalMatching	0.990			tamar-pairwise	Same forestry concept
http://data.europa.eu/8mn/euroscivoc/d571b72b-ab13-4b0a-93ee-3648be4fef7e	galaxy evolution	skos:closeMatch	https://w3id.org/tamar/taxonomies/oecd/31048507	Formation and evolution of galaxies	semapv:SemanticSimilarityThresholdMatching	0.980	0.7841	cosine	tamar-pairwise	Formation and evolution of galaxies
http://data.europa.eu/8mn/euroscivoc/d5bf8fe0-33cb-4355-b9a6-e759dbf567d1	stellar astronomy	skos:closeMatch	https://w3id.org/tamar/taxonomies/oecd/31048502	Stars and stellar systems	semapv:SemanticSimilarityThresholdMatching	0.910	0.7261	cosine	tamar-pairwise	Equivalent stellar systems domain
http://data.europa.eu/8mn/euroscivoc/d65148fb-16db-4577-809d-e6c9c4aadead	freshwater biology	skos:exactMatch	https://w3id.org/tamar/taxonomies/oecd/31048964	Freshwater biology	semapv:LexicalMatching	0.990	0.8586	cosine	tamar-pairwise	Exact label and hierarchy
http://data.europa.eu/8mn/euroscivoc/d697db59-b9cc-484d-b456-1cc5c43e2a17	viticulture	skos:broadMatch	https://w3id.org/tamar/taxonomies/oecd/31050780	Fruit trees/crops	semapv:SemanticSimilarityThresholdMatching	0.750	0.6896	cosine	tamar-pairwise	Target covers grapes among many
http://data.europa.eu/8mn/euroscivoc/d75a4a3e-f257-4778-a3d5-8122cf3185f9	gender equality	skos:closeMatch	https://w3id.org/tamar/taxonomies/oecd/31073737	Equality between women and men	semapv:SemanticSimilarityThresholdMatching	0.980	0.7269	cosine	tamar-pairwise	Direct equality concept
http://data.europa.eu/8mn/euroscivoc/d7d4fde5-4c94-491b-b655-f40ea194f8bf	lung cancer	skos:broadMatch	https://w3id.org/tamar/taxonomies/oecd/31050474	Cancer and its biological basis	semapv:SemanticSimilarityThresholdMatching	0.850	0.6723	cosine	tamar-pairwise	Target covers all cancers
http://data.europa.eu/8mn/euroscivoc/d8bca3d6-cd94-4597-8d72-39fd31699728	microbiology	skos:exactMatch	https://w3id.org/tamar/taxonomies/oecd/31048789	Microbiology	semapv:LexicalMatching	0.980	0.7175	cosine	tamar-pairwise	Same microbiology field
http://data.europa.eu/8mn/euroscivoc/d90d8dbf-c4b3-46c0-bf2c-55a4a3d9ba8b	urology	skos:exactMatch	https://w3id.org/tamar/taxonomies/oecd/31050469	Urology	semapv:LexicalMatching	0.980	0.7759	cosine	tamar-pairwise	Same medical specialty
http://data.europa.eu/8mn/euroscivoc/d913bd42-e79c-46a7-8714-14f2a6a0d82f	radio technology	skos:narrowMatch	https://w3id.org/tamar/taxonomies/oecd/31049143	Wireless communications, communication, high frequency, mobile technology	semapv:SemanticSimilarityThresholdMatching	0.780	0.7244	cosine	tamar-pairwise	Source covers beyond wireless
http://data.europa.eu/8mn/euroscivoc/d93ad0fc-d33c-4327-8525-6e40f0ffeb65	hydraulic engineering	skos:broadMatch	https://w3id.org/tamar/taxonomies/oecd/31049056	Waterworks and coastal engineering	semapv:SemanticSimilarityThresholdMatching	0.850	0.7746	cosine	tamar-pairwise	Target includes coastal engineering
http://data.europa.eu/8mn/euroscivoc/d93d7f19-7965-430b-8d9e-80c0e4d57a9d	functional morphology	skos:broadMatch	https://w3id.org/tamar/taxonomies/oecd/31048850	Functional biology	semapv:SemanticSimilarityThresholdMatching	0.850	0.6985	cosine	tamar-pairwise	Target covers functional morphology
http://data.europa.eu/8mn/euroscivoc/da85f15b-d00c-4b04-a525-e9406e1f81ea	plasma physics	skos:broadMatch	https://w3id.org/tamar/taxonomies/oecd/31048478	Gas and plasma physics	semapv:SemanticSimilarityThresholdMatching	0.900	0.6756	cosine	tamar-pairwise	Target covers gas and plasma
http://data.europa.eu/8mn/euroscivoc/db2570f8-5d0b-4a29-ae44-63edd72aa253	electric power distribution	skos:broadMatch	https://w3id.org/tamar/taxonomies/oecd/31049303	Electricity Transmission/Distribution	semapv:SemanticSimilarityThresholdMatching	0.920	0.6876	cosine	tamar-pairwise	Target includes transmission
http://data.europa.eu/8mn/euroscivoc/db293df2-83b1-46fe-b4f1-c5ffb03191e9	graphene	skos:closeMatch	https://w3id.org/tamar/taxonomies/oecd/31053952	Graphene, layered material	semapv:SemanticSimilarityThresholdMatching	0.900	0.7803	cosine	tamar-pairwise	Graphene material equivalence
http://data.europa.eu/8mn/euroscivoc/db307f1d-3fce-48d1-9a9e-cb2cf5b8e106	vegetative propagation	skos:broadMatch	https://w3id.org/tamar/taxonomies/oecd/31048926	Plant propagation	semapv:SemanticSimilarityThresholdMatching	0.960	0.7543	cosine	tamar-pairwise	Target includes sexual methods
http://data.europa.eu/8mn/euroscivoc/db439a5d-5a72-4293-a52d-5629f34c4698	freight transport	skos:narrowMatch	https://w3id.org/tamar/taxonomies/oecd/31049091	Intermodal freight transport	semapv:SemanticSimilarityThresholdMatching	0.860	0.6716	cosine	tamar-pairwise	Target narrower than source
http://data.europa.eu/8mn/euroscivoc/dbdf902c-f6b0-4349-8428-128343d4c4fd	molecular evolution	skos:exactMatch	https://w3id.org/tamar/taxonomies/oecd/31048826	Molecular evolution	semapv:LexicalMatching	0.990	0.9449	cosine	tamar-pairwise	Identical concept and hierarchy
http://data.europa.eu/8mn/euroscivoc/dc1b3723-476f-453c-a596-c7ccfde9b4b1	analytical chemistry	skos:exactMatch	https://w3id.org/tamar/taxonomies/oecd/31048584	Analytical chemistry	semapv:LexicalMatching	0.990	0.7557	cosine	tamar-pairwise	Same concept and hierarchy
http://data.europa.eu/8mn/euroscivoc/dc9a4100-9eb3-4956-8fd8-b67ea07a70ad	materials engineering	skos:exactMatch	https://w3id.org/tamar/taxonomies/oecd/31049183	Materials engineering	semapv:LexicalMatching	0.990			tamar-pairwise	Exact label and hierarchy
http://data.europa.eu/8mn/euroscivoc/dccbb79d-0f5e-4efd-853f-826e04e32f5d	relativistic mechanics	skos:broadMatch	https://w3id.org/tamar/taxonomies/oecd/31048468	Relativity	semapv:SemanticSimilarityThresholdMatching	0.880	0.6729	cosine	tamar-pairwise	Target covers relativistic mechanics
http://data.europa.eu/8mn/euroscivoc/dcd2916d-935f-446d-a42c-069ee43f3c51	ocean chemistry	skos:exactMatch	https://w3id.org/tamar/taxonomies/oecd/31048685	Chemical oceanography	semapv:LexicalMatching	0.990	0.9292	cosine	tamar-pairwise	Equivalent chemical oceanography concept
http://data.europa.eu/8mn/euroscivoc/dd5c735b-4fef-4288-8e17-e543e63bf031	volcanology	skos:exactMatch	https://w3id.org/tamar/taxonomies/oecd/31048668	Volcanology	semapv:LexicalMatching	0.980	0.7876	cosine	tamar-pairwise	Exact lexical and conceptual match
http://data.europa.eu/8mn/euroscivoc/dd6b64d9-afef-4d5e-8a93-6c251d2565cf	computational science	skos:narrowMatch	https://w3id.org/tamar/taxonomies/oecd/31048416	Scientific computing, simulation and modelling tools	semapv:SemanticSimilarityThresholdMatching	0.850	0.6577	cosine	tamar-pairwise	Source covers tools subset
http://data.europa.eu/8mn/euroscivoc/dde8eea3-9315-4c49-8464-f26a2deb949f	biochemistry	skos:exactMatch	https://w3id.org/tamar/taxonomies/oecd/31048818	Biochemistry	semapv:LexicalMatching	0.980			tamar-pairwise	Exact disciplinary concept
http://data.europa.eu/8mn/euroscivoc/ddec251f-0c47-44a4-b95d-9d4bf11a093e	particle physics	skos:exactMatch	https://w3id.org/tamar/taxonomies/oecd/31048469	Particle physics	semapv:LexicalMatching	0.980	0.7013	cosine	tamar-pairwise	Identical concept labels
http://data.europa.eu/8mn/euroscivoc/de62b610-a9d3-430b-92ff-366f28f7b1c7	history and archaeology	skos:exactMatch	https://w3id.org/tamar/taxonomies/oecd/31051120	History and Archaeology	semapv:LexicalMatching	0.990	0.8470	cosine	tamar-pairwise	Identical concept and hierarchy
http://data.europa.eu/8mn/euroscivoc/df7b86b0-f489-4cac-9466-22ce145839b2	molecular genetics	skos:exactMatch	https://w3id.org/tamar/taxonomies/oecd/31048873	Molecular genetics	semapv:LexicalMatching	0.990	0.6949	cosine	tamar-pairwise	Identical concept label
http://data.europa.eu/8mn/euroscivoc/df8c6f43-32b3-44f4-a863-f0ac77994f7a	combined heat and power	skos:closeMatch	https://w3id.org/tamar/taxonomies/oecd/31049286	Combined Heat & Power - general	semapv:SemanticSimilarityThresholdMatching	0.980	0.8141	cosine	tamar-pairwise	Generic CHP concept
http://data.europa.eu/8mn/euroscivoc/e09e98aa-d55f-4d90-a60e-29da9b299ad8	quantum optics	skos:closeMatch	https://w3id.org/tamar/taxonomies/oecd/31048437	Quantum optics and quantum information	semapv:SemanticSimilarityThresholdMatching	0.940	0.6906	cosine	tamar-pairwise	Quantum optics with information
http://data.europa.eu/8mn/euroscivoc/e0ae867b-271e-4803-87e4-0ad02ceaa0fe	autoimmune diseases	skos:broadMatch	https://w3id.org/tamar/taxonomies/oecd/31050445	Biological basis of immunity related disorders (e.g. autoimmunity)	semapv:SemanticSimilarityThresholdMatching	0.850	0.6908	cosine	tamar-pairwise	Target covers more disorders
http://data.europa.eu/8mn/euroscivoc/e0e6ab19-9e03-4033-bc70-d0d1affa0ce1	metabolic engineering	skos:broadMatch	https://w3id.org/tamar/taxonomies/oecd/31049426	Synthetic biology, chemical biology and new bio-engineering concepts	semapv:SemanticSimilarityThresholdMatching	0.840	0.7042	cosine	tamar-pairwise	Target broader includes metabolic engineering
http://data.europa.eu/8mn/euroscivoc/e157f837-ea12-40c3-be80-cc7e5e91ea07	structural biology	skos:exactMatch	https://w3id.org/tamar/taxonomies/oecd/31049033	Structural biology	semapv:LexicalMatching	0.960	0.7488	cosine	tamar-pairwise	Same structural biology concept
http://data.europa.eu/8mn/euroscivoc/e2120c91-f57d-4f96-8992-59c109634f1c	other humanities	skos:exactMatch	https://w3id.org/tamar/taxonomies/oecd/31051205	Other humanities	semapv:LexicalMatching	0.990	0.6927	cosine	tamar-pairwise	Same concept and hierarchy
http://data.europa.eu/8mn/euroscivoc/e2a7fab2-7027-40e8-b189-f401a23818c8	pharmacology and pharmacy	skos:exactMatch	https://w3id.org/tamar/taxonomies/oecd/31050342	Pharmacology and pharmacy	semapv:LexicalMatching	0.990	0.7169	cosine	tamar-pairwise	Identical concept and hierarchy
http://data.europa.eu/8mn/euroscivoc/e2c0aa46-c26e-468a-8800-45e85e038ec2	internet	skos:broadMatch	https://w3id.org/tamar/taxonomies/oecd/31048429	Internet and semantic web, database systems and libraries	semapv:SemanticSimilarityThresholdMatching	0.840	0.6981	cosine	tamar-pairwise	Target includes internet plus others
http://data.europa.eu/8mn/euroscivoc/e35d2e39-9fef-4747-84a2-c493c4bf722f	ecohydrology	skos:broadMatch	https://w3id.org/tamar/taxonomies/oecd/31048763	Hydrology (Water science)	semapv:SemanticSimilarityThresholdMatching	0.860	0.7116	cosine	tamar-pairwise	Target covers ecohydrology
http://data.europa.eu/8mn/euroscivoc/e39eb923-d810-425b-a740-954a93eaf8d9	laser physics	skos:closeMatch	https://w3id.org/tamar/taxonomies/oecd/31048481	Lasers, ultra-short lasers and laser physics	semapv:SemanticSimilarityThresholdMatching	0.950	0.6744	cosine	tamar-pairwise	Explicit laser physics correspondence
http://data.europa.eu/8mn/euroscivoc/e3f2bc90-0287-4162-82d6-b9c991c6513b	legumes	skos:exactMatch	https://w3id.org/tamar/taxonomies/oecd/31050804	Legumes	semapv:LexicalMatching	0.980	0.6983	cosine	tamar-pairwise	Same crop category
http://data.europa.eu/8mn/euroscivoc/e4062af9-fc49-4826-9bdb-e549f3f0f191	food technology	skos:exactMatch	https://w3id.org/tamar/taxonomies/oecd/31049454	Food technology	semapv:LexicalMatching	0.980	0.7949	cosine	tamar-pairwise	Same food technology concept
http://data.europa.eu/8mn/euroscivoc/e437ed99-4a4e-4fb3-af7e-fae6a2c2a800	computer and information sciences	skos:exactMatch	https://w3id.org/tamar/taxonomies/oecd/31048394	Computer and information sciences	semapv:LexicalMatching	0.990	0.7751	cosine	tamar-pairwise	Identical concept and hierarchy
http://data.europa.eu/8mn/euroscivoc/e49a82ce-eac2-4f85-ba01-b88e673b4a2c	laboratory samples analysis	skos:broadMatch	https://w3id.org/tamar/taxonomies/oecd/31049212	Diagnostic tools (e.g. genetic, imaging)	semapv:SemanticSimilarityThresholdMatching	0.700	0.6691	cosine	tamar-pairwise	Target covers more diagnostics
http://data.europa.eu/8mn/euroscivoc/e5178751-bb89-45c6-802b-2d2374b3ecc3	other natural sciences	skos:exactMatch	https://w3id.org/tamar/taxonomies/oecd/31049036	Other natural sciences	semapv:LexicalMatching	0.990	0.7583	cosine	tamar-pairwise	Identical concept and hierarchy
http://data.europa.eu/8mn/euroscivoc/e54c41e3-a9a2-41a5-a978-b1de010811fc	sedimentology	skos:exactMatch	https://w3id.org/tamar/taxonomies/oecd/31048654	Sedimentology	semapv:LexicalMatching	0.980	0.7327	cosine	tamar-pairwise	Identical disciplinary concept
http://data.europa.eu/8mn/euroscivoc/e56eb495-973e-46c1-b2b2-a446852952f4	transport	skos:narrowMatch	https://w3id.org/tamar/taxonomies/oecd/31051091	Mobility and transportation	semapv:SemanticSimilarityThresholdMatching	0.920	0.7445	cosine	tamar-pairwise	Source covers more domains
http://data.europa.eu/8mn/euroscivoc/e60d2b6c-d516-498d-b4eb-005f183b4eec	environmental law	skos:broadMatch	https://w3id.org/tamar/taxonomies/oecd/31051039	Environmental regulations and climate negotiations	semapv:SemanticSimilarityThresholdMatching	0.830	0.7125	cosine	tamar-pairwise	Target broader than source
http://data.europa.eu/8mn/euroscivoc/e6360dda-8e17-4d8b-94ae-0f62f439f39a	quantum field theory	skos:broadMatch	https://w3id.org/tamar/taxonomies/oecd/31048467	Fundamental interactions and fields	semapv:SemanticSimilarityThresholdMatching	0.880	0.7527	cosine	tamar-pairwise	Target covers QFT
http://data.europa.eu/8mn/euroscivoc/e650a829-2773-4e7d-98dc-1a1d0b415df1	human trafficking	skos:closeMatch	https://w3id.org/tamar/taxonomies/oecd/31051027	Trafficking in human beings	semapv:SemanticSimilarityThresholdMatching	0.980	0.7404	cosine	tamar-pairwise	Equivalent trafficking concept
http://data.europa.eu/8mn/euroscivoc/e6820ed0-50d3-4c97-a717-e11c87768410	microwave technology	skos:closeMatch	https://w3id.org/tamar/taxonomies/oecd/31049662	Microwave and millimeter wave technologies and equipments	semapv:SemanticSimilarityThresholdMatching	0.880	0.7769	cosine	tamar-pairwise	Microwave technology and equipment
http://data.europa.eu/8mn/euroscivoc/e7264d76-d85b-474f-a0c4-a4cf98f198df	power engineering	skos:broadMatch	https://w3id.org/tamar/taxonomies/oecd/31049219	Energy systems, smart energy, smart grids, wireless energy transfer	semapv:SemanticSimilarityThresholdMatching	0.850	0.6848	cosine	tamar-pairwise	Target includes smart grids
http://data.europa.eu/8mn/euroscivoc/e73474ef-aedf-47c4-8266-bb9e9dec2fc2	virtual reality	skos:broadMatch	https://w3id.org/tamar/taxonomies/oecd/31049559	SEV Simulator environments & Virtual reality	semapv:SemanticSimilarityThresholdMatching	0.800	0.7024	cosine	tamar-pairwise	Target includes simulators
http://data.europa.eu/8mn/euroscivoc/e7b9a22b-8915-4a56-a5e4-b2670cf2fd6f	social inequalities	skos:relatedMatch	https://w3id.org/tamar/taxonomies/oecd/31073733	Non-discrimination	semapv:SemanticSimilarityThresholdMatching	0.730	0.6605	cosine	tamar-pairwise	Partial conceptual overlap
http://data.europa.eu/8mn/euroscivoc/e7e1c80b-2874-482d-bd67-ce672af5cfb4	critical care medicine	skos:closeMatch	https://w3id.org/tamar/taxonomies/oecd/31050414	Intensive care	semapv:SemanticSimilarityThresholdMatching	0.930	0.8182	cosine	tamar-pairwise	Synonymous intensive care terminology
http://data.europa.eu/8mn/euroscivoc/e7fb08ba-d408-439c-a4d4-bb8270ac37cb	fibre optics	skos:broadMatch	https://w3id.org/tamar/taxonomies/oecd/31053838	Fiber optics and optical communications	semapv:SemanticSimilarityThresholdMatching	0.920	0.7288	cosine	tamar-pairwise	Target covers fibre optics
http://data.europa.eu/8mn/euroscivoc/e92b8f60-d91e-4d7f-81e7-37f9a13d1870	solar radiation	skos:broadMatch	https://w3id.org/tamar/taxonomies/oecd/31048675	Meteorology, atmospheric physics and dynamics	semapv:SemanticSimilarityThresholdMatching	0.780	0.6739	cosine	tamar-pairwise	Target covers solar radiation
http://data.europa.eu/8mn/euroscivoc/e92e8adc-8256-4a4c-a052-b3cad420db7d	anaesthesiology	skos:exactMatch	https://w3id.org/tamar/taxonomies/oecd/31050415	Anaesthesiology	semapv:LexicalMatching	0.990	0.7748	cosine	tamar-pairwise	Identical concept and hierarchy
http://data.europa.eu/8mn/euroscivoc/e97c7554-f2ef-4370-b7e5-8e60874c6a2d	compost	skos:broadMatch	https://w3id.org/tamar/taxonomies/oecd/31048982	Waste biotreatment	semapv:SemanticSimilarityThresholdMatching	0.900	0.6914	cosine	tamar-pairwise	Target covers composting
http://data.europa.eu/8mn/euroscivoc/e9b542e3-aca9-4ff3-b906-72b6cd838a29	geological engineering	skos:broadMatch	https://w3id.org/tamar/taxonomies/oecd/31049213	Environmental and geological engineering, geotechnics	semapv:SemanticSimilarityThresholdMatching	0.950	0.7931	cosine	tamar-pairwise	Target heading covers both
http://data.europa.eu/8mn/euroscivoc/e9c2a3e8-feaf-461a-a6ea-9fce15e57dab	hydroelectricity	skos:closeMatch	https://w3id.org/tamar/taxonomies/oecd/31049293	Hydro	semapv:SemanticSimilarityThresholdMatching	0.980	0.8492	cosine	tamar-pairwise	Hydropower synonym
http://data.europa.eu/8mn/euroscivoc/ea0a553e-d35a-43ca-9bc2-a75f32da5c79	industrial relations	skos:exactMatch	https://w3id.org/tamar/taxonomies/oecd/31050964	Industrial relations	semapv:LexicalMatching	0.970	0.6838	cosine	tamar-pairwise	Exact concept label
http://data.europa.eu/8mn/euroscivoc/ea52495a-6353-47ee-ba16-796f9567471c	mathematical logic	skos:broadMatch	https://w3id.org/tamar/taxonomies/oecd/31048367	Logic and foundations	semapv:SemanticSimilarityThresholdMatching	0.900	0.7453	cosine	tamar-pairwise	Target heading covers both
http://data.europa.eu/8mn/euroscivoc/ea994073-d367-4ed7-9df3-4477a9c6cf6f	mechanical engineering	skos:exactMatch	https://w3id.org/tamar/taxonomies/oecd/31049147	Mechanical engineering	semapv:LexicalMatching	0.990	0.7778	cosine	tamar-pairwise	Identical engineering concept
http://data.europa.eu/8mn/euroscivoc/ebd8e792-52d4-4672-b7a5-b43a23330c69	igneous petrology	skos:exactMatch	https://w3id.org/tamar/taxonomies/oecd/31048651	Igneous petrology	semapv:LexicalMatching	0.980	0.8292	cosine	tamar-pairwise	Exact concept label
http://data.europa.eu/8mn/euroscivoc/ebebac98-d45e-4a65-95dc-4fcfbebe0632	microfluidics	skos:exactMatch	https://w3id.org/tamar/taxonomies/oecd/31049221	Microfluidics	semapv:LexicalMatching	0.990	0.7504	cosine	tamar-pairwise	Same named concept
http://data.europa.eu/8mn/euroscivoc/ec42c1af-69f5-4d98-ad25-529315c5ffe0	planetary geology	skos:closeMatch	https://w3id.org/tamar/taxonomies/oecd/31048518	Planetary and structure mapping	semapv:SemanticSimilarityThresholdMatching	0.720	0.6731	cosine	tamar-pairwise	Planetary mapping focus
http://data.europa.eu/8mn/euroscivoc/ecd015dd-d7df-45fe-99c2-c9a51f95206a	two-dimensional nanostructures	skos:narrowMatch	https://w3id.org/tamar/taxonomies/oecd/31053951	Graphene, 2D materials	semapv:SemanticSimilarityThresholdMatching	0.880	0.6726	cosine	tamar-pairwise	Target subset of source
http://data.europa.eu/8mn/euroscivoc/ece3a974-692c-4da9-900b-dfc49c8d1dd9	quantum gases	skos:narrowMatch	https://w3id.org/tamar/taxonomies/oecd/31048452	Superfluids	semapv:SemanticSimilarityThresholdMatching	0.770	0.6564	cosine	tamar-pairwise	Superfluids subset of quantum gases
http://data.europa.eu/8mn/euroscivoc/ece8d70d-2311-4d6d-ae12-473fc5c09a5d	sustainable architecture	skos:broadMatch	https://w3id.org/tamar/taxonomies/oecd/31049229	Building design	semapv:SemanticSimilarityThresholdMatching	0.710	0.6824	cosine	tamar-pairwise	Target covers all designs
http://data.europa.eu/8mn/euroscivoc/ed046ab9-3b55-4ff6-85bf-0212bc4ddbda	microbiomes	skos:broadMatch	https://w3id.org/tamar/taxonomies/oecd/31048801	Microbial ecology and evolution	semapv:SemanticSimilarityThresholdMatching	0.820	0.6501	cosine	tamar-pairwise	Target broader than microbiomes
http://data.europa.eu/8mn/euroscivoc/ed8b88dc-3bab-41f7-88d5-d61486fa19a5	climatic change mitigation	skos:narrowMatch	https://w3id.org/tamar/taxonomies/oecd/31049228	Energy management in buildings	semapv:SemanticSimilarityThresholdMatching	0.740	0.6825	cosine	tamar-pairwise	Specific to buildings
http://data.europa.eu/8mn/euroscivoc/ee1d85aa-6280-4a27-9580-f5245768c72a	implants	skos:narrowMatch	https://w3id.org/tamar/taxonomies/oecd/31049206	Artificial organs	semapv:SemanticSimilarityThresholdMatching	0.850	0.7108	cosine	tamar-pairwise	Source includes non‑organ implants
http://data.europa.eu/8mn/euroscivoc/eeb88fa8-7b5a-440f-a3c9-add16c6b5cd2	mobile radio	skos:broadMatch	https://w3id.org/tamar/taxonomies/oecd/31049143	Wireless communications, communication, high frequency, mobile technology	semapv:SemanticSimilarityThresholdMatching	0.800	0.6758	cosine	tamar-pairwise	Target heading covers both
http://data.europa.eu/8mn/euroscivoc/eee4c3b8-f7ac-4b04-b8d1-efaf29cd5922	e-governance	skos:closeMatch	https://w3id.org/tamar/taxonomies/oecd/31073715	Electronic governance	semapv:SemanticSimilarityThresholdMatching	0.970	0.7725	cosine	tamar-pairwise	Synonymous electronic governance
http://data.europa.eu/8mn/euroscivoc/ef5a7186-be0b-490c-850f-3b94fbe329e1	navigation systems	skos:narrowMatch	https://w3id.org/tamar/taxonomies/oecd/31049911	In-door navigation	semapv:SemanticSimilarityThresholdMatching	0.850	0.7116	cosine	tamar-pairwise	Source broader than target
http://data.europa.eu/8mn/euroscivoc/eff67eba-9af6-484f-9455-996c6e0e3e2e	frugal artificial intelligence	skos:broadMatch	https://w3id.org/tamar/taxonomies/oecd/31049969	Artificial Intelligence & Decision support	semapv:SemanticSimilarityThresholdMatching	0.630	0.6616	cosine	tamar-pairwise	Target broader than source
http://data.europa.eu/8mn/euroscivoc/f08d8dbc-70a6-4d8c-8f83-62e58a17bf2d	food safety	skos:exactMatch	https://w3id.org/tamar/taxonomies/oecd/31049452	Food safety	semapv:LexicalMatching	0.990	0.8575	cosine	tamar-pairwise	Identical food safety concept
http://data.europa.eu/8mn/euroscivoc/f23d8000-aab7-4a39-b8da-0271e43f736d	remanufacturing	skos:broadMatch	https://w3id.org/tamar/taxonomies/oecd/31048983	Waste recycling	semapv:SemanticSimilarityThresholdMatching	0.780	0.7089	cosine	tamar-pairwise	Target includes remanufacturing
http://data.europa.eu/8mn/euroscivoc/f26d918d-0024-4d97-ae6f-f8be85182f95	additive manufacturing	skos:broadMatch	https://w3id.org/tamar/taxonomies/oecd/31050086	Advanced fabrication and processing	semapv:SemanticSimilarityThresholdMatching	0.860	0.6541	cosine	tamar-pairwise	Target covers additive manufacturing
http://data.europa.eu/8mn/euroscivoc/f2a75729-1f21-4b2d-8c7d-bc7af02e71f7	meteorology	skos:exactMatch	https://w3id.org/tamar/taxonomies/oecd/31049849	Meteorology	semapv:LexicalMatching	0.990			tamar-pairwise	Identical meteorology concept
http://data.europa.eu/8mn/euroscivoc/f2b83c17-acee-484f-bf99-d4769070e54e	evolutionary ecology	skos:narrowMatch	https://w3id.org/tamar/taxonomies/oecd/31049006	Population dynamics	semapv:SemanticSimilarityThresholdMatching	0.620	0.7331	cosine	tamar-pairwise	Source broader than target
http://data.europa.eu/8mn/euroscivoc/f2f76d31-e245-4a1c-91a3-f3933471f9d3	sustainable building	skos:narrowMatch	https://w3id.org/tamar/taxonomies/oecd/31049229	Building design	semapv:SemanticSimilarityThresholdMatching	0.750	0.6692	cosine	tamar-pairwise	Target only design
http://data.europa.eu/8mn/euroscivoc/f3177515-65f8-41f1-b387-f5aebebcf17a	heredity	skos:narrowMatch	https://w3id.org/tamar/taxonomies/oecd/31048865	Cytogenetics	semapv:SemanticSimilarityThresholdMatching	0.900	0.7590	cosine	tamar-pairwise	Cytogenetics within heredity
http://data.europa.eu/8mn/euroscivoc/f3cb3d46-1a4f-4c29-9e80-46a854f53382	optics	skos:closeMatch	https://w3id.org/tamar/taxonomies/oecd/31048479	Optics (including laser optics and quantum optics)	semapv:SemanticSimilarityThresholdMatching	0.950	0.7630	cosine	tamar-pairwise	Same discipline and broader context
http://data.europa.eu/8mn/euroscivoc/f4cb5fb7-3942-47b0-855c-3d9fca817513	automotive engineering	skos:exactMatch	https://w3id.org/tamar/taxonomies/oecd/31049150	Automotive engineering	semapv:LexicalMatching	0.980	0.7950	cosine	tamar-pairwise	Exact label and field
http://data.europa.eu/8mn/euroscivoc/f52713c1-c09a-4bab-bf96-be85005c3233	pharmaceutical drugs	skos:narrowMatch	https://w3id.org/tamar/taxonomies/oecd/31050346	Pharmaceutical development	semapv:SemanticSimilarityThresholdMatching	0.850	0.6669	cosine	tamar-pairwise	Target narrower than source
http://data.europa.eu/8mn/euroscivoc/f5bf3404-60d3-43a9-a12c-ad98d9168abe	bioremediation	skos:broadMatch	https://w3id.org/tamar/taxonomies/oecd/31048847	Environmental biotechnology, bioremediation, biodegradation	semapv:SemanticSimilarityThresholdMatching	0.920	0.7620	cosine	tamar-pairwise	Target heading covers source
http://data.europa.eu/8mn/euroscivoc/f646b1b6-0774-41fd-afb3-570c9832ed05	dynamical systems	skos:broadMatch	https://w3id.org/tamar/taxonomies/oecd/31048377	ODE and dynamical systems	semapv:SemanticSimilarityThresholdMatching	0.820	0.7744	cosine	tamar-pairwise	Target includes ODE
http://data.europa.eu/8mn/euroscivoc/f64f8e80-e70e-45a8-a6fa-2f36f6da162b	soil management	skos:exactMatch	https://w3id.org/tamar/taxonomies/oecd/31050770	Soil management	semapv:LexicalMatching	0.980	0.8458	cosine	tamar-pairwise	Identical preferred concept
http://data.europa.eu/8mn/euroscivoc/f688c719-b99d-4140-874b-574380f66398	robotics	skos:exactMatch	https://w3id.org/tamar/taxonomies/oecd/31049125	Robotics	semapv:LexicalMatching	0.980			tamar-pairwise	Same robotics concept
http://data.europa.eu/8mn/euroscivoc/f6e18c52-6087-4662-904c-5c4b8174e40e	pneumology	skos:closeMatch	https://w3id.org/tamar/taxonomies/oecd/31050411	Respiratory systems	semapv:SemanticSimilarityThresholdMatching	0.880	0.7240	cosine	tamar-pairwise	Respiratory medicine subject
http://data.europa.eu/8mn/euroscivoc/f85a93ab-d8ab-4911-ab43-d65970ffed0c	autonomous robots	skos:broadMatch	https://w3id.org/tamar/taxonomies/oecd/31049700	Automation & Robotics Systems	semapv:SemanticSimilarityThresholdMatching	0.890	0.7411	cosine	tamar-pairwise	Target covers autonomous robots
http://data.europa.eu/8mn/euroscivoc/f8714203-d97f-4852-b051-3b63b2795faa	political sciences	skos:exactMatch	https://w3id.org/tamar/taxonomies/oecd/31051035	Political science	semapv:LexicalMatching	0.990			tamar-pairwise	Same political science concept
http://data.europa.eu/8mn/euroscivoc/f9cbbc93-f86f-465f-b76a-834dd5d433fe	invasive species	skos:broadMatch	https://w3id.org/tamar/taxonomies/oecd/31049007	Biodiversity, conservation biology, conservation genetics, invasion biology	semapv:SemanticSimilarityThresholdMatching	0.850	0.6971	cosine	tamar-pairwise	Target heading covers more
http://data.europa.eu/8mn/euroscivoc/f9e4f6a4-2322-405e-9d4f-98d688b21523	eHealth	skos:exactMatch	https://w3id.org/tamar/taxonomies/oecd/31073710	eHealth	semapv:LexicalMatching	0.990	0.7768	cosine	tamar-pairwise	Identical digital health concept
http://data.europa.eu/8mn/euroscivoc/fa2ceeab-3b2f-45e9-9243-e5a8005b98de	infectious diseases	skos:exactMatch	https://w3id.org/tamar/taxonomies/oecd/31050610	Infectious diseases	semapv:LexicalMatching	0.990			tamar-pairwise	Identical concept and hierarchy
http://data.europa.eu/8mn/euroscivoc/fa9934c6-3223-4927-a17b-0095b3e73ae7	medical laboratory technology	skos:closeMatch	https://w3id.org/tamar/taxonomies/oecd/31049209	Medical laboratory technology (including laboratory samples analysis diagnostic technologies)	semapv:SemanticSimilarityThresholdMatching	0.980	0.8020	cosine	tamar-pairwise	Same concept, expanded label
http://data.europa.eu/8mn/euroscivoc/fad48e49-fad0-43df-8328-87dd8d61618c	differential equations	skos:narrowMatch	https://w3id.org/tamar/taxonomies/oecd/31048378	Theoretical aspects of partial differential equations	semapv:SemanticSimilarityThresholdMatching	0.900	0.6788	cosine	tamar-pairwise	Target narrower than source
http://data.europa.eu/8mn/euroscivoc/fade9595-da99-4b29-b19d-3012ed63c51d	prehistory	skos:broadMatch	https://w3id.org/tamar/taxonomies/oecd/31051123	Prehistory and protohistory	semapv:SemanticSimilarityThresholdMatching	0.950	0.7903	cosine	tamar-pairwise	Target includes protohistory
http://data.europa.eu/8mn/euroscivoc/fafbe5ea-68fc-490c-8920-c1c6b5c8006e	forensic sciences	skos:exactMatch	https://w3id.org/tamar/taxonomies/oecd/31050718	Forensic science	semapv:LexicalMatching	0.990	0.7835	cosine	tamar-pairwise	Same concept and hierarchy
http://data.europa.eu/8mn/euroscivoc/fba9976f-0a7e-410c-8fce-3a6cef46f5e1	other agricultural sciences	skos:exactMatch	https://w3id.org/tamar/taxonomies/oecd/31050882	Other agricultural sciences	semapv:LexicalMatching	1.000	0.7660	cosine	tamar-pairwise	Identical concept and hierarchy
http://data.europa.eu/8mn/euroscivoc/fca43b97-3619-4883-8fc8-15630cf240d9	physical geography	skos:exactMatch	https://w3id.org/tamar/taxonomies/oecd/31048662	Physical geography	semapv:LexicalMatching	0.990	0.8413	cosine	tamar-pairwise	Same concept and hierarchy
http://data.europa.eu/8mn/euroscivoc/fdfd4748-0385-46d7-8500-a59e8caa38a4	chromosomes	skos:broadMatch	https://w3id.org/tamar/taxonomies/oecd/31048865	Cytogenetics	semapv:SemanticSimilarityThresholdMatching	0.780	0.6556	cosine	tamar-pairwise	Cytogenetics covers chromosomes
http://data.europa.eu/8mn/euroscivoc/ff6d7f08-d7e1-4e6a-8732-78846eb70563	underwater archaeology	skos:broadMatch	https://w3id.org/tamar/taxonomies/oecd/31051157	Maritime archaeology	semapv:SemanticSimilarityThresholdMatching	0.940	0.7884	cosine	tamar-pairwise	Target covers more than source
http://data.europa.eu/8mn/euroscivoc/ff90b6be-370f-4b0c-a92a-ddf159df1b88	electrophoresis	skos:broadMatch	https://w3id.org/tamar/taxonomies/oecd/31048608	Electrochemical Methods	semapv:SemanticSimilarityThresholdMatching	0.780	0.8012	cosine	tamar-pairwise	Target includes many methods
http://data.europa.eu/8mn/euroscivoc/ff9e9276-586f-44d1-a309-368cbd77bdcb	sport and fitness sciences	skos:exactMatch	https://w3id.org/tamar/taxonomies/oecd/31050680	Sport and fitness sciences	semapv:LexicalMatching	0.990	0.7541	cosine	tamar-pairwise	Identical concept and hierarchy
http://data.europa.eu/8mn/euroscivoc/ffc3e032-af19-4cba-885d-737f1f777d73	rare earths	skos:broadMatch	https://w3id.org/tamar/taxonomies/oecd/31049877	Minerals and mining	semapv:SemanticSimilarityThresholdMatching	0.900	0.6939	cosine	tamar-pairwise	Minerals and mining broader
